ma_anh,ma_san_pham,thu_tu_anh,ten_file,duong_dan_anh,url_san_pham,url_anh,nguon_phat_hien,la_anh_gallery,http_status,mime_type,kich_thuoc_byte,sha256,trang_thai_tai,la_anh_trung,duong_dan_file_goc,ghi_chu
anh_000001,san_pham_0001,1,anh_001_a171cc2e.jpg,data\du_lieu_logo\anh_goc\san_pham_0001\anh_001_a171cc2e.jpg,https://hathyo.com/product/113,https://d134sx875xrex2.cloudfront.net/teMhpxl1Hu_hopquachabothuonghang1.jpg,meta:og:image,1,200,image/jpeg,686178,a171cc2e95cd255435751e682779690477978d1ce38a95be893046002aec0c0a,da_tai,0,data\du_lieu_logo\anh_goc\san_pham_0001\anh_001_a171cc2e.jpg,dau_hieu_gallery=gallery|image
anh_000002,san_pham_0001,2,anh_002_3a6242f2.jpg,data\du_lieu_logo\anh_goc\san_pham_0001\anh_002_3a6242f2.jpg,https://hathyo.com/product/113,https://d134sx875xrex2.cloudfront.net/VI00ripvRn_z6908806584656_dce8ed6374d21654e4b4a067232497e4.jpg,meta:og:image,1,200,image/jpeg,439362,3a6242f25e42469276e1ec8dfb2d9c093c1f5307fe63c5e199b023474445a19e,da_tai,0,data\du_lieu_logo\anh_goc\san_pham_0001\anh_002_3a6242f2.jpg,dau_hieu_gallery=gallery|image
anh_000003,san_pham_0001,3,anh_003_d684ebeb.jpg,data\du_lieu_logo\anh_goc\san_pham_0001\anh_003_d684ebeb.jpg,https://hathyo.com/product/113,https://d134sx875xrex2.cloudfront.net/RiwKSyvDia_hopquachaboth.jpg,meta:og:image,1,200,image/jpeg,631580,d684ebeb70b0def5d6ed3d3e960ce372df5ebb23266e8762825aa828e8b9c236,da_tai,0,data\du_lieu_logo\anh_goc\san_pham_0001\anh_003_d684ebeb.jpg,dau_hieu_gallery=gallery|image
anh_000004,san_pham_0001,4,anh_004_27709eb0.jpg,data\du_lieu_logo\anh_goc\san_pham_0001\anh_004_27709eb0.jpg,https://hathyo.com/product/113,https://d134sx875xrex2.cloudfront.net/Eg5zM5CN5T_z6908806584657_b24d778f4b200a099b93ab2414bb5c7e.jpg,meta:og:image,1,200,image/jpeg,288000,27709eb092e798ca7d37a0c0c32bf7ad3ef4bc623d60e312ea60daa8eabd983b,da_tai,0,data\du_lieu_logo\anh_goc\san_pham_0001\anh_004_27709eb0.jpg,dau_hieu_gallery=gallery|image
anh_000005,san_pham_0002,1,anh_001_bd2cb1a6.jpg,data\du_lieu_logo\anh_goc\san_pham_0002\anh_001_bd2cb1a6.jpg,https://hathyo.com/product/114,https://d134sx875xrex2.cloudfront.net/YGBWKXDi3I_chabotaixanh.jpg,meta:og:image,1,200,image/jpeg,95231,bd2cb1a60a265ed4ff3dd60560c5840269d4ef03d703086745f2b288a74c66d6,da_tai,0,data\du_lieu_logo\anh_goc\san_pham_0002\anh_001_bd2cb1a6.jpg,dau_hieu_gallery=gallery|image
anh_000006,san_pham_0002,2,anh_002_ad071c85.png,data\du_lieu_logo\anh_goc\san_pham_0002\anh_002_ad071c85.png,https://hathyo.com/product/114,https://d134sx875xrex2.cloudfront.net/kHw43NT6xz_cha%20bo%20da%20ot%20xiem%20xanh.png,meta:og:image,1,200,image/png,1695714,ad071c85cdab9c580c2d3fb7a15dd02d42a67fec8dda722bc4906acb55313db8,da_tai,0,data\du_lieu_logo\anh_goc\san_pham_0002\anh_002_ad071c85.png,dau_hieu_gallery=gallery|image
anh_000007,san_pham_0002,3,anh_003_130923ea.jpg,data\du_lieu_logo\anh_goc\san_pham_0002\anh_003_130923ea.jpg,https://hathyo.com/product/114,https://d134sx875xrex2.cloudfront.net/dqhO9kcFWM_476135670_631223042953506_5602107059936569584_n.jpg,meta:og:image,1,200,image/jpeg,71172,130923eafc3e03e3ce2dbe50f7d6514984884e09ca882fbe588c70479883ad4e,da_tai,0,data\du_lieu_logo\anh_goc\san_pham_0002\anh_003_130923ea.jpg,dau_hieu_gallery=gallery|image
anh_000008,san_pham_0002,4,anh_004_78c66408.jpg,data\du_lieu_logo\anh_goc\san_pham_0002\anh_004_78c66408.jpg,https://hathyo.com/product/114,https://d134sx875xrex2.cloudfront.net/lbAYDE7mqT_475915246_631222629620214_4729721971920988669_n.jpg,meta:og:image,1,200,image/jpeg,205189,78c66408859dd8b7d44446f0857e1dd122c53bdcfa3237e14aabd446efdb0ff4,da_tai,0,data\du_lieu_logo\anh_goc\san_pham_0002\anh_004_78c66408.jpg,dau_hieu_gallery=gallery|image
anh_000009,san_pham_0003,1,anh_001_32e3ff8b.jpg,data\du_lieu_logo\anh_goc\san_pham_0003\anh_001_32e3ff8b.jpg,https://hathyo.com/product/115,https://d134sx875xrex2.cloudfront.net/KfJcayiRjv_chabothuonghang.jpg,meta:og:image,1,200,image/jpeg,220634,32e3ff8b45b2e2bbaab661e779fa3de0b7f442a27b2c8dc6e0f353c929d4e394,da_tai,0,data\du_lieu_logo\anh_goc\san_pham_0003\anh_001_32e3ff8b.jpg,dau_hieu_gallery=gallery|image
anh_000010,san_pham_0003,2,anh_002_404fa7fb.png,data\du_lieu_logo\anh_goc\san_pham_0003\anh_002_404fa7fb.png,https://hathyo.com/product/115,https://d134sx875xrex2.cloudfront.net/qoj1jLUtt2_cha%20bo%20thuong%20hang.png,meta:og:image,1,200,image/png,1656939,404fa7fb368bef8ba8d5a6940f03e88e3e2bf6c4ee9307b6ca1b55b77cd2f9a3,da_tai,0,data\du_lieu_logo\anh_goc\san_pham_0003\anh_002_404fa7fb.png,dau_hieu_gallery=gallery|image
anh_000011,san_pham_0003,3,anh_003_b397f24b.jpg,data\du_lieu_logo\anh_goc\san_pham_0003\anh_003_b397f24b.jpg,https://hathyo.com/product/115,https://d134sx875xrex2.cloudfront.net/vAfRt2INnl_z6904936782553_80b1b426641c29889d793b0d158ec16e.jpg,meta:og:image,1,200,image/jpeg,94625,b397f24b53a97316b2aecd1e922d7b610b6be9fc4841546505ffbf6aa06f1791,da_tai,0,data\du_lieu_logo\anh_goc\san_pham_0003\anh_003_b397f24b.jpg,dau_hieu_gallery=gallery|image
anh_000012,san_pham_0003,4,anh_004_b9adb529.jpg,data\du_lieu_logo\anh_goc\san_pham_0003\anh_004_b9adb529.jpg,https://hathyo.com/product/115,https://d134sx875xrex2.cloudfront.net/ErPR4wxSTo_chaboanh.jpg,meta:og:image,1,200,image/jpeg,588515,b9adb5297164b89a3846941d17248ed5630f23ac720791916210423ad18aa993,da_tai,0,data\du_lieu_logo\anh_goc\san_pham_0003\anh_004_b9adb529.jpg,dau_hieu_gallery=gallery|image
anh_000013,san_pham_0004,1,anh_001_324c36a2.jpg,data\du_lieu_logo\anh_goc\san_pham_0004\anh_001_324c36a2.jpg,https://hathyo.com/product/117,https://d134sx875xrex2.cloudfront.net/5haaPIFDyv_cha%20cua.jpg,meta:og:image,1,200,image/jpeg,317422,324c36a232e32bc7d22723c683e1a54304bf5de1ea882ed0985782432f7db741,da_tai,0,data\du_lieu_logo\anh_goc\san_pham_0004\anh_001_324c36a2.jpg,dau_hieu_gallery=gallery|image
anh_000014,san_pham_0004,2,anh_002_b234a3df.jpg,data\du_lieu_logo\anh_goc\san_pham_0004\anh_002_b234a3df.jpg,https://hathyo.com/product/117,https://d134sx875xrex2.cloudfront.net/pMZBCIh2IU_z6904963986696_ccf21e0cbf7e9c3a03a322a3c5cce4e2.jpg,meta:og:image,1,200,image/jpeg,591696,b234a3dfda5d9f95ba51132e418c5950827404bbc1628e8aef3af497a27e8ef7,da_tai,0,data\du_lieu_logo\anh_goc\san_pham_0004\anh_002_b234a3df.jpg,dau_hieu_gallery=gallery|image
anh_000015,san_pham_0004,3,anh_003_cab084dd.jpg,data\du_lieu_logo\anh_goc\san_pham_0004\anh_003_cab084dd.jpg,https://hathyo.com/product/117,https://d134sx875xrex2.cloudfront.net/dwWNhHaZeR_cha%20cua.jpg,meta:og:image,1,200,image/jpeg,519671,cab084dd3cdeadbf34a5a63c867aeaf522a91c686d9b8934a2390b49290f2164,da_tai,0,data\du_lieu_logo\anh_goc\san_pham_0004\anh_003_cab084dd.jpg,dau_hieu_gallery=gallery|image
anh_000016,san_pham_0004,4,anh_004_44b7bb27.jpg,data\du_lieu_logo\anh_goc\san_pham_0004\anh_004_44b7bb27.jpg,https://hathyo.com/product/117,https://d134sx875xrex2.cloudfront.net/EO52p1jACn_cha%20cua.jpg,meta:og:image,1,200,image/jpeg,574328,44b7bb274d1ce6c2a8de550b68649c28b82f222ae9157081a1e4e90a88c17e87,da_tai,0,data\du_lieu_logo\anh_goc\san_pham_0004\anh_004_44b7bb27.jpg,dau_hieu_gallery=gallery|image
anh_000017,san_pham_0005,1,anh_001_8eb3ec0a.jpg,data\du_lieu_logo\anh_goc\san_pham_0005\anh_001_8eb3ec0a.jpg,https://hathyo.com/product/118,https://d134sx875xrex2.cloudfront.net/zo0jcScfS0_chabovien.jpg,meta:og:image,1,200,image/jpeg,96080,8eb3ec0a234c48a44558448b3c477d774b31fdf85c621d95f9a6d0532377fe34,da_tai,0,data\du_lieu_logo\anh_goc\san_pham_0005\anh_001_8eb3ec0a.jpg,dau_hieu_gallery=gallery|image
anh_000018,san_pham_0005,2,anh_002_cb053824.png,data\du_lieu_logo\anh_goc\san_pham_0005\anh_002_cb053824.png,https://hathyo.com/product/118,https://d134sx875xrex2.cloudfront.net/9Yqwf6oejE_cha%20bo%20vien.png,meta:og:image,1,200,image/png,1672442,cb053824e90ec948258f99d5a32041171d902a7f5e0a1df08a79077b32978498,da_tai,0,data\du_lieu_logo\anh_goc\san_pham_0005\anh_002_cb053824.png,dau_hieu_gallery=gallery|image
anh_000019,san_pham_0005,3,anh_003_8f664854.jpg,data\du_lieu_logo\anh_goc\san_pham_0005\anh_003_8f664854.jpg,https://hathyo.com/product/118,https://d134sx875xrex2.cloudfront.net/IhAvU0ryR9_473427656_610564168352727_783195934738561162_n.jpg,meta:og:image,1,200,image/jpeg,828154,8f6648547744aec2e9ac66c0d5d779f9a8097fedf92754442e05baca12305faa,da_tai,0,data\du_lieu_logo\anh_goc\san_pham_0005\anh_003_8f664854.jpg,dau_hieu_gallery=gallery|image
anh_000020,san_pham_0006,1,anh_001_49d3f9a7.jpg,data\du_lieu_logo\anh_goc\san_pham_0006\anh_001_49d3f9a7.jpg,https://hathyo.com/product/119,https://d134sx875xrex2.cloudfront.net/FIOXZiK9q5_BIAchalua.jpg,meta:og:image,1,200,image/jpeg,116165,49d3f9a7fa14532588e09984e1c4aee9fa0bf439e25600c0a679d361795a0498,da_tai,0,data\du_lieu_logo\anh_goc\san_pham_0006\anh_001_49d3f9a7.jpg,dau_hieu_gallery=gallery|image
anh_000021,san_pham_0006,2,anh_002_25bbe2a6.jpg,data\du_lieu_logo\anh_goc\san_pham_0006\anh_002_25bbe2a6.jpg,https://hathyo.com/product/119,https://d134sx875xrex2.cloudfront.net/Fhi1hq9hUa_cha%20lua.jpg,meta:og:image,1,200,image/jpeg,1054925,25bbe2a604dcb6481335611a4f28f1fc3db10a16fd6e939b882cf99594e964ab,da_tai,0,data\du_lieu_logo\anh_goc\san_pham_0006\anh_002_25bbe2a6.jpg,dau_hieu_gallery=gallery|image
anh_000022,san_pham_0006,3,anh_003_01e5568b.jpg,data\du_lieu_logo\anh_goc\san_pham_0006\anh_003_01e5568b.jpg,https://hathyo.com/product/119,https://d134sx875xrex2.cloudfront.net/kpKPtaLCC2_ongvuonglua.jpg,meta:og:image,1,200,image/jpeg,535580,01e5568b43e81ccaecc96cf6732ff87cf4153b45a22692246a6ce6e71ad2b41a,da_tai,0,data\du_lieu_logo\anh_goc\san_pham_0006\anh_003_01e5568b.jpg,dau_hieu_gallery=gallery|image
anh_000023,san_pham_0006,4,anh_004_e011d776.jpg,data\du_lieu_logo\anh_goc\san_pham_0006\anh_004_e011d776.jpg,https://hathyo.com/product/119,https://d134sx875xrex2.cloudfront.net/n7x8JFGf64_476345934_631223036286840_9155608572692747527_n.jpg,meta:og:image,1,200,image/jpeg,67176,e011d776abcab372164ead9cb7691a7e796ed46f20113e2de5ce095a8de261c0,da_tai,0,data\du_lieu_logo\anh_goc\san_pham_0006\anh_004_e011d776.jpg,dau_hieu_gallery=gallery|image
anh_000024,san_pham_0006,5,anh_005_4466a830.jpg,data\du_lieu_logo\anh_goc\san_pham_0006\anh_005_4466a830.jpg,https://hathyo.com/product/119,https://d134sx875xrex2.cloudfront.net/1TNfokk3dW_chaluaaaaa.jpg,meta:og:image,1,200,image/jpeg,684955,4466a830b67b1a9b422841560d3cca73ddea5a1e2708d23e4c3d9b96b7a7581d,da_tai,0,data\du_lieu_logo\anh_goc\san_pham_0006\anh_005_4466a830.jpg,dau_hieu_gallery=gallery|image
anh_000025,san_pham_0006,6,anh_006_5efe6b81.jpg,data\du_lieu_logo\anh_goc\san_pham_0006\anh_006_5efe6b81.jpg,https://hathyo.com/product/119,https://d134sx875xrex2.cloudfront.net/WZkMRddRQQ_bia.jpg,meta:og:image,1,200,image/jpeg,498754,5efe6b8180c4e51712e6b9ec439fb5cfa1a843e7c7b02330a7d1589bcfbbd8b2,da_tai,0,data\du_lieu_logo\anh_goc\san_pham_0006\anh_006_5efe6b81.jpg,dau_hieu_gallery=gallery|image
anh_000026,san_pham_0007,1,anh_001_4fd7eac6.jpg,data\du_lieu_logo\anh_goc\san_pham_0007\anh_001_4fd7eac6.jpg,https://hathyo.com/product/129,https://d134sx875xrex2.cloudfront.net/Ay7wraqKUY_z7591711183621_ffec033ca8e78e2b2ea9c975836abd30.jpg,meta:og:image,1,200,image/jpeg,251576,4fd7eac6daa6b546b5d6fa27b67e8f491ba3920f722aa22097b0daffe81654b6,da_tai,0,data\du_lieu_logo\anh_goc\san_pham_0007\anh_001_4fd7eac6.jpg,dau_hieu_gallery=gallery|image
anh_000027,san_pham_0007,2,anh_002_9d68e3da.jpg,data\du_lieu_logo\anh_goc\san_pham_0007\anh_002_9d68e3da.jpg,https://hathyo.com/product/129,https://d134sx875xrex2.cloudfront.net/KhRqjonP74_z7591711370578_276746ffce10e0032143b9f3ae92d3fa.jpg,meta:og:image,1,200,image/jpeg,109419,9d68e3da02cce40643ca7c226acc0d118a9d48f1cb83ef44e9e205801cf52ad9,da_tai,0,data\du_lieu_logo\anh_goc\san_pham_0007\anh_002_9d68e3da.jpg,dau_hieu_gallery=gallery|image
anh_000028,san_pham_0007,3,anh_003_8c3df377.jpg,data\du_lieu_logo\anh_goc\san_pham_0007\anh_003_8c3df377.jpg,https://hathyo.com/product/129,https://d134sx875xrex2.cloudfront.net/NHuXQqOSmR_z7592081267131_5f467f5c62a508781ecdb211610d4b6f.jpg,meta:og:image,1,200,image/jpeg,319064,8c3df3773d358bd3eb8caa97cc75ebdb49b2a7fe19082bbc480def750342a30f,da_tai,0,data\du_lieu_logo\anh_goc\san_pham_0007\anh_003_8c3df377.jpg,dau_hieu_gallery=gallery|image
anh_000029,san_pham_0007,4,anh_004_652a4f5f.jpg,data\du_lieu_logo\anh_goc\san_pham_0007\anh_004_652a4f5f.jpg,https://hathyo.com/product/129,https://d134sx875xrex2.cloudfront.net/kE9F0toKT6_KQ%20DI%E1%BB%86T%20KHU%E1%BA%A8N%20vi%E1%BB%87n%20Pasteur_page-0001.jpg,meta:og:image,1,200,image/jpeg,846522,652a4f5f8f122cb1f374866cd373573426579c9d589235fd68bbcf1759d38957,da_tai,0,data\du_lieu_logo\anh_goc\san_pham_0007\anh_004_652a4f5f.jpg,dau_hieu_gallery=gallery|image
anh_000030,san_pham_0007,5,anh_005_54eb4937.jpg,data\du_lieu_logo\anh_goc\san_pham_0007\anh_005_54eb4937.jpg,https://hathyo.com/product/129,https://d134sx875xrex2.cloudfront.net/ipAG2CBdyA_KQ%20DI%E1%BB%86T%20KHU%E1%BA%A8N%20vi%E1%BB%87n%20Pasteur_page-0002.jpg,meta:og:image,1,200,image/jpeg,953919,54eb493726c33ecd6f7dded91b58285adcdf3013a5e30eb7c53bd30f1a0a904d,da_tai,0,data\du_lieu_logo\anh_goc\san_pham_0007\anh_005_54eb4937.jpg,dau_hieu_gallery=gallery|image
anh_000031,san_pham_0007,6,anh_006_326875d8.jpg,data\du_lieu_logo\anh_goc\san_pham_0007\anh_006_326875d8.jpg,https://hathyo.com/product/129,https://d134sx875xrex2.cloudfront.net/Wrt9XS5mrx_KQ%20DI%E1%BB%86T%20KHU%E1%BA%A8N%20vi%E1%BB%87n%20Pasteur_page-0003.jpg,meta:og:image,1,200,image/jpeg,872423,326875d8347649f19e6db3d16392512e14dbaa610031b1fa7feba0ea349bb1bc,da_tai,0,data\du_lieu_logo\anh_goc\san_pham_0007\anh_006_326875d8.jpg,dau_hieu_gallery=gallery|image
anh_000032,san_pham_0007,7,anh_007_f5b3e98f.jpg,data\du_lieu_logo\anh_goc\san_pham_0007\anh_007_f5b3e98f.jpg,https://hathyo.com/product/129,https://d134sx875xrex2.cloudfront.net/ongjyfYdm2_KQ%20DI%E1%BB%86T%20KHU%E1%BA%A8N%20vi%E1%BB%87n%20Pasteur_page-0004.jpg,meta:og:image,1,200,image/jpeg,983872,f5b3e98f464ac66989908851302e6d7980449f37c411fe9ff7711e2db9487d9a,da_tai,0,data\du_lieu_logo\anh_goc\san_pham_0007\anh_007_f5b3e98f.jpg,dau_hieu_gallery=gallery|image
anh_000033,san_pham_0007,8,anh_008_2f08e7b0.jpg,data\du_lieu_logo\anh_goc\san_pham_0007\anh_008_2f08e7b0.jpg,https://hathyo.com/product/129,https://d134sx875xrex2.cloudfront.net/ElyVxRfFcC_KQ%20DI%E1%BB%86T%20KHU%E1%BA%A8N%20vi%E1%BB%87n%20Pasteur_page-0005.jpg,meta:og:image,1,200,image/jpeg,918197,2f08e7b077b70375f73e8e370a4143915847fdd50ccdf4041a35234dd0261cc4,da_tai,0,data\du_lieu_logo\anh_goc\san_pham_0007\anh_008_2f08e7b0.jpg,dau_hieu_gallery=gallery|image
anh_000034,san_pham_0007,9,anh_009_89d2f863.jpg,data\du_lieu_logo\anh_goc\san_pham_0007\anh_009_89d2f863.jpg,https://hathyo.com/product/129,https://d134sx875xrex2.cloudfront.net/wRVcfWGCSW_KQ%20DI%E1%BB%86T%20KHU%E1%BA%A8N%20vi%E1%BB%87n%20Pasteur_page-0006.jpg,meta:og:image,1,200,image/jpeg,908457,89d2f863a394e88f164864447f679d4890385d28a98cc060c47d8570abb1b8bd,da_tai,0,data\du_lieu_logo\anh_goc\san_pham_0007\anh_009_89d2f863.jpg,dau_hieu_gallery=gallery|image
anh_000035,san_pham_0008,1,anh_001_cb03669b.jpg,data\du_lieu_logo\anh_goc\san_pham_0008\anh_001_cb03669b.jpg,https://hathyo.com/product/130,https://d134sx875xrex2.cloudfront.net/LIIjZ5VbdK_z7602573338036_3fbcb2db165bf3e031f692eabd94cbd9.jpg,meta:og:image,1,200,image/jpeg,493516,cb03669b37f2c84819f5f08df6fc1c5dfdfa91786e0fd62d93c2e788443066ee,da_tai,0,data\du_lieu_logo\anh_goc\san_pham_0008\anh_001_cb03669b.jpg,dau_hieu_gallery=gallery|image
anh_000036,san_pham_0008,2,anh_002_ef4927ac.jpg,data\du_lieu_logo\anh_goc\san_pham_0008\anh_002_ef4927ac.jpg,https://hathyo.com/product/130,https://d134sx875xrex2.cloudfront.net/p4tCymM2n4_z7589717402595_13a58ed4e1c1e01ce9b703f9b12fa335.jpg,meta:og:image,1,200,image/jpeg,330450,ef4927ac17ad55b716b9bec12b79de3aff5186298e0ad6ae6c3ff92ac846ba1b,da_tai,0,data\du_lieu_logo\anh_goc\san_pham_0008\anh_002_ef4927ac.jpg,dau_hieu_gallery=gallery|image
anh_000037,san_pham_0008,3,anh_003_feb6b688.jpg,data\du_lieu_logo\anh_goc\san_pham_0008\anh_003_feb6b688.jpg,https://hathyo.com/product/130,https://d134sx875xrex2.cloudfront.net/YxNLkQMiBn_z7589716890854_34a5901b7f8c5814e75df5d1242ef7e6.jpg,meta:og:image,1,200,image/jpeg,49043,feb6b688dbe272de5f8982099bf0fc5affc5f1e49f750086a2a53db053415c88,da_tai,0,data\du_lieu_logo\anh_goc\san_pham_0008\anh_003_feb6b688.jpg,dau_hieu_gallery=gallery|image
anh_000038,san_pham_0008,4,anh_004_0d5c727c.jpg,data\du_lieu_logo\anh_goc\san_pham_0008\anh_004_0d5c727c.jpg,https://hathyo.com/product/130,https://d134sx875xrex2.cloudfront.net/KWJM5w53Sz_KQKN%20N%C6%B0%E1%BB%9Bc%20S%C3%BAc%20Mi%E1%BB%87ng_page-0001.jpg,meta:og:image,1,200,image/jpeg,868316,0d5c727c656d7443036a7c6baa614f2dfcdbda0d4328b3c6dc9d8612467fd289,da_tai,0,data\du_lieu_logo\anh_goc\san_pham_0008\anh_004_0d5c727c.jpg,dau_hieu_gallery=gallery|image
anh_000039,san_pham_0008,5,anh_005_b2495cdc.jpg,data\du_lieu_logo\anh_goc\san_pham_0008\anh_005_b2495cdc.jpg,https://hathyo.com/product/130,https://d134sx875xrex2.cloudfront.net/n8SIoaCbDz_KQKN%20N%C6%B0%E1%BB%9Bc%20S%C3%BAc%20Mi%E1%BB%87ng_page-0002.jpg,meta:og:image,1,200,image/jpeg,1117920,b2495cdc9486a29bca2f4c17c22cf816dfd668c0a8711282fda719e6baef0ec3,da_tai,0,data\du_lieu_logo\anh_goc\san_pham_0008\anh_005_b2495cdc.jpg,dau_hieu_gallery=gallery|image
anh_000040,san_pham_0009,1,anh_001_04b96153.jpg,data\du_lieu_logo\anh_goc\san_pham_0009\anh_001_04b96153.jpg,https://hathyo.com/product/131,https://d134sx875xrex2.cloudfront.net/nMn1lHE17P_z7591710184391_462d524f1b23ef07411a6e5f2ddb6f53.jpg,meta:og:image,1,200,image/jpeg,397857,04b961530c66fda4b620c6e0d586a44289c3ae4b47afd660c7602f61de9e6cba,da_tai,0,data\du_lieu_logo\anh_goc\san_pham_0009\anh_001_04b96153.jpg,dau_hieu_gallery=gallery|image
anh_000041,san_pham_0009,2,anh_002_4135c3c1.png,data\du_lieu_logo\anh_goc\san_pham_0009\anh_002_4135c3c1.png,https://hathyo.com/product/131,https://d134sx875xrex2.cloudfront.net/xAVGCulkhE_Logo%20EGS%20360.png,meta:og:image,1,200,image/png,340970,4135c3c11782a92905eece55f43aaee6a7bb13415941a85bc2b0c09b3b02531c,da_tai,0,data\du_lieu_logo\anh_goc\san_pham_0009\anh_002_4135c3c1.png,dau_hieu_gallery=gallery|image
anh_000042,san_pham_0009,3,anh_003_3c8638c6.jpg,data\du_lieu_logo\anh_goc\san_pham_0009\anh_003_3c8638c6.jpg,https://hathyo.com/product/131,https://d134sx875xrex2.cloudfront.net/m3Z6hYGncO_z7591710538344_d59fdd3a9045f7450920e00e8c9bd31f.jpg,meta:og:image,1,200,image/jpeg,244423,3c8638c60d54189f1e4030848e204693a40bd38eac3f11adce41cf3114651e89,da_tai,0,data\du_lieu_logo\anh_goc\san_pham_0009\anh_003_3c8638c6.jpg,dau_hieu_gallery=gallery|image
anh_000043,san_pham_0009,4,anh_004_8961694b.jpg,data\du_lieu_logo\anh_goc\san_pham_0009\anh_004_8961694b.jpg,https://hathyo.com/product/131,https://d134sx875xrex2.cloudfront.net/8wgSHklnWb_KQ%20x%C3%A9t%20nghi%C3%AAm%20EGS%20360%20Trung%20T%C3%A2m%203_page-0001.jpg,meta:og:image,1,200,image/jpeg,1107674,8961694b84daa7f2b3d45f42bdd3a7ba29e7f13d5881fd1170388cd98a642018,da_tai,0,data\du_lieu_logo\anh_goc\san_pham_0009\anh_004_8961694b.jpg,dau_hieu_gallery=gallery|image
anh_000044,san_pham_0009,5,anh_005_56cf3267.jpg,data\du_lieu_logo\anh_goc\san_pham_0009\anh_005_56cf3267.jpg,https://hathyo.com/product/131,https://d134sx875xrex2.cloudfront.net/TjoC4XlLCb_KQ%20x%C3%A9t%20nghi%C3%AAm%20EGS%20360%20Trung%20T%C3%A2m%203_page-0002.jpg,meta:og:image,1,200,image/jpeg,1164856,56cf3267c57bd3342edb65da83e8aca72593b1ab3bfbb642da63ba026fe4c70e,da_tai,0,data\du_lieu_logo\anh_goc\san_pham_0009\anh_005_56cf3267.jpg,dau_hieu_gallery=gallery|image
anh_000045,san_pham_0010,1,anh_001_32325901.jpg,data\du_lieu_logo\anh_goc\san_pham_0010\anh_001_32325901.jpg,https://hathyo.com/product/132,https://d134sx875xrex2.cloudfront.net/RCEwFUoivh_z7602572902384_a685e5611b3100278ae5216eb27bec41.jpg,meta:og:image,1,200,image/jpeg,216516,32325901827c2c0876a4b27e54d9b54938d31cfe6cdad2de429c74d5fc091fcf,da_tai,0,data\du_lieu_logo\anh_goc\san_pham_0010\anh_001_32325901.jpg,dau_hieu_gallery=gallery|image
anh_000046,san_pham_0010,2,anh_002_89694f09.jpg,data\du_lieu_logo\anh_goc\san_pham_0010\anh_002_89694f09.jpg,https://hathyo.com/product/132,https://d134sx875xrex2.cloudfront.net/otBYkY4EFe_z7589719550597_2547bfc06a29598e2c7dc43c174c5b5a.jpg,meta:og:image,1,200,image/jpeg,43966,89694f09e84eb4a01b596ca1d474e7e453c9b902a29037a821a6365a35051ab8,da_tai,0,data\du_lieu_logo\anh_goc\san_pham_0010\anh_002_89694f09.jpg,dau_hieu_gallery=gallery|image
anh_000047,san_pham_0010,3,anh_003_3ea36aed.jpg,data\du_lieu_logo\anh_goc\san_pham_0010\anh_003_3ea36aed.jpg,https://hathyo.com/product/132,https://d134sx875xrex2.cloudfront.net/t38K39bZJs_BMS360%20brochure%20-%20230424_page-0001.jpg,meta:og:image,1,200,image/jpeg,1208160,3ea36aed61628785b035a5d41e6999c739ddf35dc65ba0a4f85020bc0fc88c06,da_tai,0,data\du_lieu_logo\anh_goc\san_pham_0010\anh_003_3ea36aed.jpg,dau_hieu_gallery=gallery|image
anh_000048,san_pham_0010,4,anh_004_ac6eddbf.jpg,data\du_lieu_logo\anh_goc\san_pham_0010\anh_004_ac6eddbf.jpg,https://hathyo.com/product/132,https://d134sx875xrex2.cloudfront.net/BwhVTe0Z2x_BMS360%20brochure%20-%20230424_page-0002.jpg,meta:og:image,1,200,image/jpeg,1049464,ac6eddbfe3150d9c85b5c4582b4724a621242846b7d1afcd165da5fbe4e05ed2,da_tai,0,data\du_lieu_logo\anh_goc\san_pham_0010\anh_004_ac6eddbf.jpg,dau_hieu_gallery=gallery|image
anh_000049,san_pham_0010,5,anh_005_02ee0a3d.jpg,data\du_lieu_logo\anh_goc\san_pham_0010\anh_005_02ee0a3d.jpg,https://hathyo.com/product/132,https://d134sx875xrex2.cloudfront.net/Ivnx2kiDTu_BMS360%20Test%20H%C3%B3a%20ly%20vi%20sinh%20TV%20Pasteur_page-0001.jpg,meta:og:image,1,200,image/jpeg,795574,02ee0a3de4cfea6cbd43133a7c7bcc0f0c7f955aef50f825adfe0004e155b5c9,da_tai,0,data\du_lieu_logo\anh_goc\san_pham_0010\anh_005_02ee0a3d.jpg,dau_hieu_gallery=gallery|image
anh_000050,san_pham_0010,6,anh_006_2aed3716.jpg,data\du_lieu_logo\anh_goc\san_pham_0010\anh_006_2aed3716.jpg,https://hathyo.com/product/132,https://d134sx875xrex2.cloudfront.net/yA75hzjcTn_BMS360%20Test%20H%C3%B3a%20ly%20vi%20sinh%20TV%20Pasteur_page-0002.jpg,meta:og:image,1,200,image/jpeg,889835,2aed371655dc4e2cf95e4fdd8a88f93257dce5dca97c9689388b0878eb73214b,da_tai,0,data\du_lieu_logo\anh_goc\san_pham_0010\anh_006_2aed3716.jpg,dau_hieu_gallery=gallery|image
anh_000051,san_pham_0010,7,anh_007_4a77046b.jpg,data\du_lieu_logo\anh_goc\san_pham_0010\anh_007_4a77046b.jpg,https://hathyo.com/product/132,https://d134sx875xrex2.cloudfront.net/NADhuhc2V1_BMS360%20Test%20H%C3%B3a%20ly%20vi%20sinh%20TV%20Pasteur_page-0003.jpg,meta:og:image,1,200,image/jpeg,964618,4a77046b9575c9fb6c71a857b278926b867155f93ef9f3292c36b6b023466261,da_tai,0,data\du_lieu_logo\anh_goc\san_pham_0010\anh_007_4a77046b.jpg,dau_hieu_gallery=gallery|image
anh_000052,san_pham_0010,8,anh_008_29f78129.jpg,data\du_lieu_logo\anh_goc\san_pham_0010\anh_008_29f78129.jpg,https://hathyo.com/product/132,https://d134sx875xrex2.cloudfront.net/Wzlide79Us_BMS360%20Test%20H%C3%B3a%20ly%20vi%20sinh%20TV%20Pasteur_page-0004.jpg,meta:og:image,1,200,image/jpeg,1151772,29f781293a21527a8f35c7a4148a119f4c2371466720d22f846596a82a3536cf,da_tai,0,data\du_lieu_logo\anh_goc\san_pham_0010\anh_008_29f78129.jpg,dau_hieu_gallery=gallery|image
anh_000053,san_pham_0011,1,anh_001_e8228e73.jpg,data\du_lieu_logo\anh_goc\san_pham_0011\anh_001_e8228e73.jpg,https://hathyo.com/product/134,https://d134sx875xrex2.cloudfront.net/TNppvMRss6_HAPPY.jpg,meta:og:image,1,200,image/jpeg,554378,e8228e73593f927580595bcf4b0d42b92564bd0d38bbca25a50fbec060ac8429,da_tai,0,data\du_lieu_logo\anh_goc\san_pham_0011\anh_001_e8228e73.jpg,dau_hieu_gallery=gallery|image
anh_000054,san_pham_0011,2,anh_002_36fc4455.png,data\du_lieu_logo\anh_goc\san_pham_0011\anh_002_36fc4455.png,https://hathyo.com/product/134,https://d134sx875xrex2.cloudfront.net/otpIXo1rdK_anh.png,meta:og:image,1,200,image/png,2032067,36fc4455f297990fb6a9d176a861f2ad84d04acaf1a8104c4e1e98952788b4e5,da_tai,0,data\du_lieu_logo\anh_goc\san_pham_0011\anh_002_36fc4455.png,dau_hieu_gallery=gallery|image
anh_000055,san_pham_0011,3,anh_003_c28efc5f.png,data\du_lieu_logo\anh_goc\san_pham_0011\anh_003_c28efc5f.png,https://hathyo.com/product/134,https://d134sx875xrex2.cloudfront.net/nsZ7hvwqa7_KQKN.png,meta:og:image,1,200,image/png,450170,c28efc5fb794b5ed729376b988d9cc56c7543f5c4e3508fcf423811593f9b2b6,da_tai,0,data\du_lieu_logo\anh_goc\san_pham_0011\anh_003_c28efc5f.png,dau_hieu_gallery=gallery|image
anh_000056,san_pham_0012,1,anh_001_62de6fc1.jpg,data\du_lieu_logo\anh_goc\san_pham_0012\anh_001_62de6fc1.jpg,https://hathyo.com/product/136,https://d134sx875xrex2.cloudfront.net/yWGOXNhyb2_z7602572528699_468c55aacd4011af8007af9221498059.jpg,meta:og:image,1,200,image/jpeg,174449,62de6fc1227169e511c241dfb3eade2a6853389f632f6c5816ba605df2d7a99e,da_tai,0,data\du_lieu_logo\anh_goc\san_pham_0012\anh_001_62de6fc1.jpg,dau_hieu_gallery=gallery|image
anh_000057,san_pham_0012,2,anh_002_d71c36aa.jpg,data\du_lieu_logo\anh_goc\san_pham_0012\anh_002_d71c36aa.jpg,https://hathyo.com/product/136,https://d134sx875xrex2.cloudfront.net/UCW3gdpAA8_z7589715381802_9defb843b7ad71c71e10e88137298ee5.jpg,meta:og:image,1,200,image/jpeg,94827,d71c36aa092a529c127cb52b872ebe63168b205cd9a56509b461a477c0a29961,da_tai,0,data\du_lieu_logo\anh_goc\san_pham_0012\anh_002_d71c36aa.jpg,dau_hieu_gallery=gallery|image
anh_000058,san_pham_0012,3,anh_003_4890ab73.jpg,data\du_lieu_logo\anh_goc\san_pham_0012\anh_003_4890ab73.jpg,https://hathyo.com/product/136,https://d134sx875xrex2.cloudfront.net/20T0rkM6J5_z7589715202071_9b93d64e6956da01d0655b474be60c83.jpg,meta:og:image,1,200,image/jpeg,130056,4890ab7387a219a0358238db2d45abdb819aae47e848f24408de1e46bfce7bef,da_tai,0,data\du_lieu_logo\anh_goc\san_pham_0012\anh_003_4890ab73.jpg,dau_hieu_gallery=gallery|image
anh_000059,san_pham_0012,4,anh_004_6a8c63d8.jpg,data\du_lieu_logo\anh_goc\san_pham_0012\anh_004_6a8c63d8.jpg,https://hathyo.com/product/136,https://d134sx875xrex2.cloudfront.net/mV8Yiz9re5_KQ%20ki%E1%BB%83m%20nghi%E1%BB%87m%20MHT_page-0001.jpg,meta:og:image,1,200,image/jpeg,837802,6a8c63d8cb6721d6f7861ba0b8a0beaa9b3d95b8db1f10be4b67b287262a7dc7,da_tai,0,data\du_lieu_logo\anh_goc\san_pham_0012\anh_004_6a8c63d8.jpg,dau_hieu_gallery=gallery|image
anh_000060,san_pham_0012,5,anh_005_f2b08773.jpg,data\du_lieu_logo\anh_goc\san_pham_0012\anh_005_f2b08773.jpg,https://hathyo.com/product/136,https://d134sx875xrex2.cloudfront.net/ICO5CPQh5G_KQ%20ki%E1%BB%83m%20nghi%E1%BB%87m%20MHT_page-0002.jpg,meta:og:image,1,200,image/jpeg,877173,f2b08773e14567e7959b9f66ecf8df7b370f530397ee3ea1142624701d270c3b,da_tai,0,data\du_lieu_logo\anh_goc\san_pham_0012\anh_005_f2b08773.jpg,dau_hieu_gallery=gallery|image
anh_000061,san_pham_0012,6,anh_006_49d3005a.jpg,data\du_lieu_logo\anh_goc\san_pham_0012\anh_006_49d3005a.jpg,https://hathyo.com/product/136,https://d134sx875xrex2.cloudfront.net/ZLC9jSXyxy_KQ%20ki%E1%BB%83m%20nghi%E1%BB%87m%20MHT_page-0003.jpg,meta:og:image,1,200,image/jpeg,856350,49d3005a5888fea7f7559c619cefc924f99eec9fa843613678c3b42264c91222,da_tai,0,data\du_lieu_logo\anh_goc\san_pham_0012\anh_006_49d3005a.jpg,dau_hieu_gallery=gallery|image
anh_000062,san_pham_0012,7,anh_007_68ab266f.jpg,data\du_lieu_logo\anh_goc\san_pham_0012\anh_007_68ab266f.jpg,https://hathyo.com/product/136,https://d134sx875xrex2.cloudfront.net/Gtvlrb76Vx_KQ%20ki%E1%BB%83m%20nghi%E1%BB%87m%20MHT_page-0004.jpg,meta:og:image,1,200,image/jpeg,875191,68ab266fa6a483d94b8b4768fdea4a374c29a3c64c634ead8009983a76f843d4,da_tai,0,data\du_lieu_logo\anh_goc\san_pham_0012\anh_007_68ab266f.jpg,dau_hieu_gallery=gallery|image
anh_000063,san_pham_0012,8,anh_008_2bca76ed.jpg,data\du_lieu_logo\anh_goc\san_pham_0012\anh_008_2bca76ed.jpg,https://hathyo.com/product/136,https://d134sx875xrex2.cloudfront.net/MIuOqXQqyY_KQ%20ki%E1%BB%83m%20nghi%E1%BB%87m%20MHT_page-0005.jpg,meta:og:image,1,200,image/jpeg,848440,2bca76edf4067ca96e85d7b2e305e665418d4f3f0af5896daa5af2caef5db97d,da_tai,0,data\du_lieu_logo\anh_goc\san_pham_0012\anh_008_2bca76ed.jpg,dau_hieu_gallery=gallery|image
anh_000064,san_pham_0012,9,anh_009_8c3a73c7.jpg,data\du_lieu_logo\anh_goc\san_pham_0012\anh_009_8c3a73c7.jpg,https://hathyo.com/product/136,https://d134sx875xrex2.cloudfront.net/cj1r8ut53E_KQ%20ki%E1%BB%83m%20nghi%E1%BB%87m%20MHT_page-0006.jpg,meta:og:image,1,200,image/jpeg,891977,8c3a73c736b24cf3e404bb37f39bf261016d69bda392cb223033a35760b5f5b1,da_tai,0,data\du_lieu_logo\anh_goc\san_pham_0012\anh_009_8c3a73c7.jpg,dau_hieu_gallery=gallery|image
anh_000065,san_pham_0013,1,anh_001_94a408a6.jpg,data\du_lieu_logo\anh_goc\san_pham_0013\anh_001_94a408a6.jpg,https://hathyo.com/product/137,https://d134sx875xrex2.cloudfront.net/grng1upAxp_z7433520498886_0ff94c4c5e274c908cf8eee5567f7d0b.jpg,meta:og:image,1,200,image/jpeg,498580,94a408a6612d79f383eae97fb45d8160ea56929bcfecfac687675e9f538595af,da_tai,0,data\du_lieu_logo\anh_goc\san_pham_0013\anh_001_94a408a6.jpg,dau_hieu_gallery=gallery|image
anh_000066,san_pham_0013,2,anh_002_f6bba873.jpg,data\du_lieu_logo\anh_goc\san_pham_0013\anh_002_f6bba873.jpg,https://hathyo.com/product/137,https://d134sx875xrex2.cloudfront.net/QVXLIwdsu7_d%E1%BA%A7u%20g%E1%BB%99i.jpg,meta:og:image,1,200,image/jpeg,292550,f6bba873e4088a50b6274cb8ba1cc8ac940c98497a4fd412c3b81641d57786d0,da_tai,0,data\du_lieu_logo\anh_goc\san_pham_0013\anh_002_f6bba873.jpg,dau_hieu_gallery=gallery|image
anh_000067,san_pham_0013,3,anh_003_ece4d7ff.jpg,data\du_lieu_logo\anh_goc\san_pham_0013\anh_003_ece4d7ff.jpg,https://hathyo.com/product/137,https://d134sx875xrex2.cloudfront.net/8nERWCusIl_z7433520317535_0c45e8cb6e4494a6d71a0d7decf2f408.jpg,meta:og:image,1,200,image/jpeg,479501,ece4d7ff207443c7eca52ba1984462496121d4e120cd007b59facce2e39bb0d6,da_tai,0,data\du_lieu_logo\anh_goc\san_pham_0013\anh_003_ece4d7ff.jpg,dau_hieu_gallery=gallery|image
anh_000068,san_pham_0013,4,anh_004_a6efa5bc.jpg,data\du_lieu_logo\anh_goc\san_pham_0013\anh_004_a6efa5bc.jpg,https://hathyo.com/product/137,https://d134sx875xrex2.cloudfront.net/bFdsAvcJa6_z7433520730957_26dde3ce41c7bb3cac28cbed5816f5f0.jpg,meta:og:image,1,200,image/jpeg,711451,a6efa5bc2f790ddd4863505030aa2a4f50bcae08eedc19030adc701043bc79c4,da_tai,0,data\du_lieu_logo\anh_goc\san_pham_0013\anh_004_a6efa5bc.jpg,dau_hieu_gallery=gallery|image
anh_000069,san_pham_0013,5,anh_005_1c297887.jpg,data\du_lieu_logo\anh_goc\san_pham_0013\anh_005_1c297887.jpg,https://hathyo.com/product/137,https://d134sx875xrex2.cloudfront.net/thK3qXATRp_z7433522521342_b1f8302777fcf469d8a2303d22c4e5b0.jpg,meta:og:image,1,200,image/jpeg,532812,1c2978875fd7f5c61f02e4fd7fa66f0b8ffa4ba160a9fe289067e2b5e7a13d3e,da_tai,0,data\du_lieu_logo\anh_goc\san_pham_0013\anh_005_1c297887.jpg,dau_hieu_gallery=gallery|image
anh_000070,san_pham_0013,6,anh_006_2a45e1db.jpg,data\du_lieu_logo\anh_goc\san_pham_0013\anh_006_2a45e1db.jpg,https://hathyo.com/product/137,https://d134sx875xrex2.cloudfront.net/TP3nnKepiV_z7433522363220_8329d3243879065576850b0c75c55dae.jpg,meta:og:image,1,200,image/jpeg,629729,2a45e1db2e68debd6956deaeb9bf955eb3dfa4b8f6a0a04e45099571b7d3d532,da_tai,0,data\du_lieu_logo\anh_goc\san_pham_0013\anh_006_2a45e1db.jpg,dau_hieu_gallery=gallery|image
anh_000071,san_pham_0014,1,anh_001_2081bedb.jpg,data\du_lieu_logo\anh_goc\san_pham_0014\anh_001_2081bedb.jpg,https://hathyo.com/product/140,https://d134sx875xrex2.cloudfront.net/eEWltXuYxK_2T2A948.jpg,meta:og:image,1,200,image/jpeg,1617705,2081bedb7c4d64c61a1e176321f8b6f662262b7cbfb3ee701ee609279c8958e0,da_tai,0,data\du_lieu_logo\anh_goc\san_pham_0014\anh_001_2081bedb.jpg,dau_hieu_gallery=gallery|image
anh_000072,san_pham_0014,2,anh_002_8f7ea260.jpg,data\du_lieu_logo\anh_goc\san_pham_0014\anh_002_8f7ea260.jpg,https://hathyo.com/product/140,https://d134sx875xrex2.cloudfront.net/pXDKE8gQGl_704913079_993582209786998_480403472217918146_n.jpg,meta:og:image,1,200,image/jpeg,149161,8f7ea2608b6cf9876d60a7e579d4e219d4e0e4d8ed83b1b9f4b3d7517a394828,da_tai,0,data\du_lieu_logo\anh_goc\san_pham_0014\anh_002_8f7ea260.jpg,dau_hieu_gallery=gallery|image
anh_000073,san_pham_0014,3,anh_003_ade0a81c.png,data\du_lieu_logo\anh_goc\san_pham_0014\anh_003_ade0a81c.png,https://hathyo.com/product/140,https://d134sx875xrex2.cloudfront.net/QvAmOFvjO2_2T2A950.jpg,meta:og:image,1,200,image/png,232369,ade0a81c482184e5fa60dea2cc64621381f5b2015170c174ad154770f1640bd5,da_tai,0,data\du_lieu_logo\anh_goc\san_pham_0014\anh_003_ade0a81c.png,dau_hieu_gallery=gallery|image; content_type_header=image/jpeg
anh_000074,san_pham_0015,1,anh_001_de124d6f.jpg,data\du_lieu_logo\anh_goc\san_pham_0015\anh_001_de124d6f.jpg,https://hathyo.com/product/141,https://d134sx875xrex2.cloudfront.net/SrzUFWW8KW_d939bcd8-9794-4038-88ba-f1117992eb28.jpg,meta:og:image,1,200,image/jpeg,200978,de124d6f895b08e7c20803829a6a9a23dea23bcd189a432b8326b03bdd59e4e5,da_tai,0,data\du_lieu_logo\anh_goc\san_pham_0015\anh_001_de124d6f.jpg,dau_hieu_gallery=gallery|image
anh_000075,san_pham_0015,2,anh_002_7faad0bb.jpg,data\du_lieu_logo\anh_goc\san_pham_0015\anh_002_7faad0bb.jpg,https://hathyo.com/product/141,https://d134sx875xrex2.cloudfront.net/aTYOoyFC9F_22e1e777-8510-45a3-88c2-788a21ef4f36.jpg,meta:og:image,1,200,image/jpeg,792771,7faad0bb87e3bfb2efc373fbbea4551e92cf929352ce7c94993a5d4405be3427,da_tai,0,data\du_lieu_logo\anh_goc\san_pham_0015\anh_002_7faad0bb.jpg,dau_hieu_gallery=gallery|image
anh_000076,san_pham_0015,3,anh_003_9f5f13e3.jpg,data\du_lieu_logo\anh_goc\san_pham_0015\anh_003_9f5f13e3.jpg,https://hathyo.com/product/141,https://d134sx875xrex2.cloudfront.net/6WtsO3GrC5_21aa23bc-4e70-49c5-8b9e-aa80d03bb348.jpg,meta:og:image,1,200,image/jpeg,728884,9f5f13e3dcefb02e7ce203b78ce16de6e61519ffb1ec7ecacd02c61d8b29ccbb,da_tai,0,data\du_lieu_logo\anh_goc\san_pham_0015\anh_003_9f5f13e3.jpg,dau_hieu_gallery=gallery|image
anh_000077,san_pham_0015,4,anh_004_efe467a8.jpg,data\du_lieu_logo\anh_goc\san_pham_0015\anh_004_efe467a8.jpg,https://hathyo.com/product/141,https://d134sx875xrex2.cloudfront.net/JxZYr9LQbx_74706064-f996-4ca4-923d-43f948e0ea31.jpg,meta:og:image,1,200,image/jpeg,367745,efe467a80c9fc1e40dcca0cdeda64ed5e7204ddd6f20616c5f650e25b752a6dd,da_tai,0,data\du_lieu_logo\anh_goc\san_pham_0015\anh_004_efe467a8.jpg,dau_hieu_gallery=gallery|image
anh_000078,san_pham_0015,5,anh_005_e8377e64.jpg,data\du_lieu_logo\anh_goc\san_pham_0015\anh_005_e8377e64.jpg,https://hathyo.com/product/141,https://d134sx875xrex2.cloudfront.net/TWG1v9F8hb_341af308-b506-4334-bb59-a774cbbec293.jpg,meta:og:image,1,200,image/jpeg,171377,e8377e64fae791696627ac46549f8184ecdc2be8936b0bf4f8180da8054515b7,da_tai,0,data\du_lieu_logo\anh_goc\san_pham_0015\anh_005_e8377e64.jpg,dau_hieu_gallery=gallery|image
anh_000079,san_pham_0015,6,anh_006_e3477750.jpg,data\du_lieu_logo\anh_goc\san_pham_0015\anh_006_e3477750.jpg,https://hathyo.com/product/141,https://d134sx875xrex2.cloudfront.net/HAUjqw4NrO_ffccad7e-5baa-471e-a8b6-ecf46bcb3f90.jpg,meta:og:image,1,200,image/jpeg,489347,e3477750db5a20542fc0411b564f84c2203de79c98e89d860c8669ac83e9fdde,da_tai,0,data\du_lieu_logo\anh_goc\san_pham_0015\anh_006_e3477750.jpg,dau_hieu_gallery=gallery|image
anh_000080,san_pham_0016,1,anh_001_9f3a07cf.jpg,data\du_lieu_logo\anh_goc\san_pham_0016\anh_001_9f3a07cf.jpg,https://hathyo.com/product/142,https://d134sx875xrex2.cloudfront.net/BaDro5crCV_z7847275520294_b9056decd92bb0a52a6006fdcd524c0c.jpg,meta:og:image,1,200,image/jpeg,888207,9f3a07cfd4067a84855d061cc3eaa8bb46e5d69eb290fd42f908a1e91ff62726,da_tai,0,data\du_lieu_logo\anh_goc\san_pham_0016\anh_001_9f3a07cf.jpg,dau_hieu_gallery=gallery|image
anh_000081,san_pham_0016,2,anh_002_4cda465f.jpg,data\du_lieu_logo\anh_goc\san_pham_0016\anh_002_4cda465f.jpg,https://hathyo.com/product/142,https://d134sx875xrex2.cloudfront.net/01raqnNIiy_z7847274445400_4d67d85fe29cda3a2a94c1836139f01f.jpg,meta:og:image,1,200,image/jpeg,252638,4cda465fa37feb88660285e08a8614a1e14fb862c3b305647c6a2d81d52baaba,da_tai,0,data\du_lieu_logo\anh_goc\san_pham_0016\anh_002_4cda465f.jpg,dau_hieu_gallery=gallery|image
anh_000082,san_pham_0016,3,anh_003_94e50ddb.jpg,data\du_lieu_logo\anh_goc\san_pham_0016\anh_003_94e50ddb.jpg,https://hathyo.com/product/142,https://d134sx875xrex2.cloudfront.net/2QOCgq4wX1_z7847275441779_de6f1cf01fb9eb0511c8523f28fc7f15.jpg,meta:og:image,1,200,image/jpeg,964725,94e50ddbb9a2a078fec980252fd151547d3bb6b486b6bd57117cc7963c57c239,da_tai,0,data\du_lieu_logo\anh_goc\san_pham_0016\anh_003_94e50ddb.jpg,dau_hieu_gallery=gallery|image
anh_000083,san_pham_0016,4,anh_004_db8be136.jpg,data\du_lieu_logo\anh_goc\san_pham_0016\anh_004_db8be136.jpg,https://hathyo.com/product/142,https://d134sx875xrex2.cloudfront.net/clGaE180RM_z7847275605004_6b78285a9bde7563e20f864a00c08aac.jpg,meta:og:image,1,200,image/jpeg,809829,db8be1366dd71180abab1982823b28cf58685a6e551021a11c44ccf5bdc21d77,da_tai,0,data\du_lieu_logo\anh_goc\san_pham_0016\anh_004_db8be136.jpg,dau_hieu_gallery=gallery|image
anh_000084,san_pham_0016,5,anh_005_585ca3a3.jpg,data\du_lieu_logo\anh_goc\san_pham_0016\anh_005_585ca3a3.jpg,https://hathyo.com/product/142,https://d134sx875xrex2.cloudfront.net/ydYqTEkwPq_z7847275616452_e93cb4d0cd89ebdbd8afbe0cf36ff933.jpg,meta:og:image,1,200,image/jpeg,1054702,585ca3a3b3f0655aa72cf3e1ca36dadfe9decd5cedff6ddd47356eb9a25e33e5,da_tai,0,data\du_lieu_logo\anh_goc\san_pham_0016\anh_005_585ca3a3.jpg,dau_hieu_gallery=gallery|image
anh_000085,san_pham_0017,1,anh_001_05f776c6.jpg,data\du_lieu_logo\anh_goc\san_pham_0017\anh_001_05f776c6.jpg,https://hathyo.com/product/143,https://d134sx875xrex2.cloudfront.net/GGaSE94MTh_10235825-3365-4e4c-9e75-50c92c104c27.jpg,meta:og:image,1,200,image/jpeg,709483,05f776c6394b0849575d26d9ac9dd222d4ec95cadf282adb74ed4b37c7103386,da_tai,0,data\du_lieu_logo\anh_goc\san_pham_0017\anh_001_05f776c6.jpg,dau_hieu_gallery=gallery|image
anh_000086,san_pham_0017,2,anh_002_4a0f3703.jpg,data\du_lieu_logo\anh_goc\san_pham_0017\anh_002_4a0f3703.jpg,https://hathyo.com/product/143,https://d134sx875xrex2.cloudfront.net/txUWIgziGa_9cfefe99-4ebb-4f36-a988-a041330c7b2b.jpg,meta:og:image,1,200,image/jpeg,1052318,4a0f37034cfc41eb5ee051ddf6c2f4fd3a3d437260706588bebab8ff3766e998,da_tai,0,data\du_lieu_logo\anh_goc\san_pham_0017\anh_002_4a0f3703.jpg,dau_hieu_gallery=gallery|image
anh_000087,san_pham_0017,3,anh_003_df6908a6.jpg,data\du_lieu_logo\anh_goc\san_pham_0017\anh_003_df6908a6.jpg,https://hathyo.com/product/143,https://d134sx875xrex2.cloudfront.net/9fTnO7tXf5_b6c0b59d-3d8c-471b-bbe5-44a630fc7782.jpg,meta:og:image,1,200,image/jpeg,54214,df6908a6e75684169fc48ed7241230acf0644451bbb42da1ca80f6f79d4ff54b,da_tai,0,data\du_lieu_logo\anh_goc\san_pham_0017\anh_003_df6908a6.jpg,dau_hieu_gallery=gallery|image
anh_000088,san_pham_0017,4,anh_004_b810ca65.jpg,data\du_lieu_logo\anh_goc\san_pham_0017\anh_004_b810ca65.jpg,https://hathyo.com/product/143,https://d134sx875xrex2.cloudfront.net/cu83SJlJFG_4dd58043-efa6-461d-b146-173e068ee36d.jpg,meta:og:image,1,200,image/jpeg,977251,b810ca65c300af7c94ad2cfe32a6300bb34707d72664056a1b4d638ca8dd2625,da_tai,0,data\du_lieu_logo\anh_goc\san_pham_0017\anh_004_b810ca65.jpg,dau_hieu_gallery=gallery|image
anh_000089,san_pham_0017,5,anh_005_e1b232eb.jpg,data\du_lieu_logo\anh_goc\san_pham_0017\anh_005_e1b232eb.jpg,https://hathyo.com/product/143,https://d134sx875xrex2.cloudfront.net/PpPAAqfVWc_84cc3df8-b067-43d4-9da0-722b9afb99c7.jpg,meta:og:image,1,200,image/jpeg,524943,e1b232eb7292502fbfbb253a3dd93bec1c2d20ec194ecb895bf86d881b9b5c9a,da_tai,0,data\du_lieu_logo\anh_goc\san_pham_0017\anh_005_e1b232eb.jpg,dau_hieu_gallery=gallery|image
anh_000090,san_pham_0017,6,anh_006_e4ead380.jpg,data\du_lieu_logo\anh_goc\san_pham_0017\anh_006_e4ead380.jpg,https://hathyo.com/product/143,https://d134sx875xrex2.cloudfront.net/mzJv5tScml_a2e57844-5d42-483d-a021-689b7d0daeac.jpg,meta:og:image,1,200,image/jpeg,799115,e4ead3808b425481dfb9fa42c0390564ec65f54ab86c1f0c0aef49309ceb99d2,da_tai,0,data\du_lieu_logo\anh_goc\san_pham_0017\anh_006_e4ead380.jpg,dau_hieu_gallery=gallery|image
anh_000091,san_pham_0018,1,anh_001_eb4dddbc.jpg,data\du_lieu_logo\anh_goc\san_pham_0018\anh_001_eb4dddbc.jpg,https://hathyo.com/product/144,https://d134sx875xrex2.cloudfront.net/1N8fVd4uME_9184b86e-b33e-4d63-808e-74e2b72d9d28.jpg,meta:og:image,1,200,image/jpeg,324368,eb4dddbc40e87e8e08efe27684d32c4005a71ae82707ddfe5c57708e853d8ede,da_tai,0,data\du_lieu_logo\anh_goc\san_pham_0018\anh_001_eb4dddbc.jpg,dau_hieu_gallery=gallery|image
anh_000092,san_pham_0018,2,anh_002_b646d172.jpg,data\du_lieu_logo\anh_goc\san_pham_0018\anh_002_b646d172.jpg,https://hathyo.com/product/144,https://d134sx875xrex2.cloudfront.net/bjMHzTsiXt_21108b21-a31f-4fda-959e-bb885cf10cca.jpg,meta:og:image,1,200,image/jpeg,421420,b646d172376682856f4a6688f6d657a17ae291778eb7e7c48b9132c01b578d25,da_tai,0,data\du_lieu_logo\anh_goc\san_pham_0018\anh_002_b646d172.jpg,dau_hieu_gallery=gallery|image
anh_000093,san_pham_0018,3,anh_003_2b0ccd88.jpg,data\du_lieu_logo\anh_goc\san_pham_0018\anh_003_2b0ccd88.jpg,https://hathyo.com/product/144,https://d134sx875xrex2.cloudfront.net/FbGtUCdhY1_11218527-c70f-44b0-8003-f2f26db27559.jpg,meta:og:image,1,200,image/jpeg,763990,2b0ccd88960a7b9b9fada3f107037992b71f15ab437701587a3ef88847d847f7,da_tai,0,data\du_lieu_logo\anh_goc\san_pham_0018\anh_003_2b0ccd88.jpg,dau_hieu_gallery=gallery|image
anh_000094,san_pham_0018,4,anh_004_49c429cd.jpg,data\du_lieu_logo\anh_goc\san_pham_0018\anh_004_49c429cd.jpg,https://hathyo.com/product/144,https://d134sx875xrex2.cloudfront.net/HA1DbsHpHA_8b80169e-f94b-4ec0-8f85-9a34ba2bbb9b.jpg,meta:og:image,1,200,image/jpeg,306660,49c429cd7577bbf50c78d3c6ce886caddf42f23714981bb405d1e4163fab4090,da_tai,0,data\du_lieu_logo\anh_goc\san_pham_0018\anh_004_49c429cd.jpg,dau_hieu_gallery=gallery|image
anh_000095,san_pham_0018,5,anh_005_ece9315e.jpg,data\du_lieu_logo\anh_goc\san_pham_0018\anh_005_ece9315e.jpg,https://hathyo.com/product/144,https://d134sx875xrex2.cloudfront.net/5LLdvyXom0_68f2c8b8-0a38-404a-abd5-0b3fd2f6b7d0.jpg,meta:og:image,1,200,image/jpeg,694351,ece9315e70427c5a2d36b6ee959ecedb821a640ee1ebbac54a560b0e2cab9d22,da_tai,0,data\du_lieu_logo\anh_goc\san_pham_0018\anh_005_ece9315e.jpg,dau_hieu_gallery=gallery|image
anh_000096,san_pham_0019,1,anh_001_00033803.jpg,data\du_lieu_logo\anh_goc\san_pham_0019\anh_001_00033803.jpg,https://hathyo.com/product/145,https://d134sx875xrex2.cloudfront.net/xVoShn3C8Z_39e15dba-afed-48ab-ad00-c8933abe5f2a.jpg,meta:og:image,1,200,image/jpeg,632097,000338036f6b5ae8eadfe9ac22efb6c6e84003fd86c646903d79dfd7df72f966,da_tai,0,data\du_lieu_logo\anh_goc\san_pham_0019\anh_001_00033803.jpg,dau_hieu_gallery=gallery|image
anh_000097,san_pham_0019,2,anh_002_c0d71c68.jpg,data\du_lieu_logo\anh_goc\san_pham_0019\anh_002_c0d71c68.jpg,https://hathyo.com/product/145,https://d134sx875xrex2.cloudfront.net/UdsFqB5yUZ_1d3e0e8b-3395-4478-8319-28d1ecd8d2ef.jpg,meta:og:image,1,200,image/jpeg,994496,c0d71c68bb338801641678cc0b75649dae2a5348f3870c658e5f8edf1cd7a63a,da_tai,0,data\du_lieu_logo\anh_goc\san_pham_0019\anh_002_c0d71c68.jpg,dau_hieu_gallery=gallery|image
anh_000098,san_pham_0019,3,anh_003_4d17e00d.jpg,data\du_lieu_logo\anh_goc\san_pham_0019\anh_003_4d17e00d.jpg,https://hathyo.com/product/145,https://d134sx875xrex2.cloudfront.net/VDBTkpaCFJ_2261a1b4-0496-4766-9d5e-d86047024f93.jpg,meta:og:image,1,200,image/jpeg,1113679,4d17e00d2edfa9372ea02b3af44a59410c0f4dff344753bc4d857480beefde6c,da_tai,0,data\du_lieu_logo\anh_goc\san_pham_0019\anh_003_4d17e00d.jpg,dau_hieu_gallery=gallery|image
anh_000099,san_pham_0019,4,anh_004_de27d014.jpg,data\du_lieu_logo\anh_goc\san_pham_0019\anh_004_de27d014.jpg,https://hathyo.com/product/145,https://d134sx875xrex2.cloudfront.net/D074zldBXo_497c1194-f191-47ce-a77d-a7e1b4d94420.jpg,meta:og:image,1,200,image/jpeg,84433,de27d014a95b16b9ed52656c08716f6cfa3fc71c773cad66ff6fed2859a6f9fc,da_tai,0,data\du_lieu_logo\anh_goc\san_pham_0019\anh_004_de27d014.jpg,dau_hieu_gallery=gallery|image
anh_000100,san_pham_0019,5,anh_005_3081b0cb.jpg,data\du_lieu_logo\anh_goc\san_pham_0019\anh_005_3081b0cb.jpg,https://hathyo.com/product/145,https://d134sx875xrex2.cloudfront.net/48mv462QJ8_efcb29f0-6e0b-4feb-a288-ed8079db3ba3.jpg,meta:og:image,1,200,image/jpeg,174057,3081b0cbdfccb91b2885ea28b705a0bef3fed24eb854f5ab98278dce7d68ef99,da_tai,0,data\du_lieu_logo\anh_goc\san_pham_0019\anh_005_3081b0cb.jpg,dau_hieu_gallery=gallery|image
anh_000101,san_pham_0019,6,anh_006_5aa07654.jpg,data\du_lieu_logo\anh_goc\san_pham_0019\anh_006_5aa07654.jpg,https://hathyo.com/product/145,https://d134sx875xrex2.cloudfront.net/0jB1NoSkYv_33277800-f00d-4e8c-8a59-38ddd71e65db.jpg,meta:og:image,1,200,image/jpeg,229200,5aa07654dafc490756dcc61596186ec5b2a2131027603957043dc67e9a1632ec,da_tai,0,data\du_lieu_logo\anh_goc\san_pham_0019\anh_006_5aa07654.jpg,dau_hieu_gallery=gallery|image
anh_000102,san_pham_0020,1,anh_001_175a8099.jpg,data\du_lieu_logo\anh_goc\san_pham_0020\anh_001_175a8099.jpg,https://hathyo.com/product/146,https://d134sx875xrex2.cloudfront.net/7QgLxRvcT5_60a3d765-b7e4-4d31-a7d4-7819e43375ee.jpg,meta:og:image,1,200,image/jpeg,300956,175a80991b0ddc4bcf942bd3fa85f2a45e036f398b3753ce7c4648275f49ef8f,da_tai,0,data\du_lieu_logo\anh_goc\san_pham_0020\anh_001_175a8099.jpg,dau_hieu_gallery=gallery|image
anh_000103,san_pham_0020,2,anh_002_d50dd614.jpg,data\du_lieu_logo\anh_goc\san_pham_0020\anh_002_d50dd614.jpg,https://hathyo.com/product/146,https://d134sx875xrex2.cloudfront.net/BmKCU5Ctds_8518c0dd-665e-4038-82d9-30df7f474a36.jpg,meta:og:image,1,200,image/jpeg,344396,d50dd614888f70a3d05292f26cefd9aa3e91c51793b158e103dbc7ccf6b5455d,da_tai,0,data\du_lieu_logo\anh_goc\san_pham_0020\anh_002_d50dd614.jpg,dau_hieu_gallery=gallery|image
anh_000104,san_pham_0020,3,anh_003_3cbd1ce9.jpg,data\du_lieu_logo\anh_goc\san_pham_0020\anh_003_3cbd1ce9.jpg,https://hathyo.com/product/146,https://d134sx875xrex2.cloudfront.net/s8eAgVz0O2_4694d5ea-f653-4ce4-ab24-7df59050bd36.jpg,meta:og:image,1,200,image/jpeg,935352,3cbd1ce9ffd5d9844d91893d87b06d7f31c2847e8f8091c593aaabf153360286,da_tai,0,data\du_lieu_logo\anh_goc\san_pham_0020\anh_003_3cbd1ce9.jpg,dau_hieu_gallery=gallery|image
anh_000105,san_pham_0021,1,anh_001_411cc162.jpg,data\du_lieu_logo\anh_goc\san_pham_0021\anh_001_411cc162.jpg,https://hathyo.com/product/147,https://d134sx875xrex2.cloudfront.net/pZepkUFx6V_e49784a8-377b-4eb5-8ffe-c9779130a810.jpg,meta:og:image,1,200,image/jpeg,504470,411cc1622bda300dcdb8e0e70ac9da98a90a6908caf0e075a0c7be6f3c83b6eb,da_tai,0,data\du_lieu_logo\anh_goc\san_pham_0021\anh_001_411cc162.jpg,dau_hieu_gallery=gallery|image
anh_000106,san_pham_0021,2,anh_002_986bd143.jpg,data\du_lieu_logo\anh_goc\san_pham_0021\anh_002_986bd143.jpg,https://hathyo.com/product/147,https://d134sx875xrex2.cloudfront.net/A8isvHlmsK_50475cf1-bc59-4a89-acb4-a063da88a8ab.jpg,meta:og:image,1,200,image/jpeg,152163,986bd1435109ed567dff08579690410b2c2be57034baaa6c03a662e2d5d7d7eb,da_tai,0,data\du_lieu_logo\anh_goc\san_pham_0021\anh_002_986bd143.jpg,dau_hieu_gallery=gallery|image
anh_000107,san_pham_0021,3,anh_003_80df06cc.jpg,data\du_lieu_logo\anh_goc\san_pham_0021\anh_003_80df06cc.jpg,https://hathyo.com/product/147,https://d134sx875xrex2.cloudfront.net/VVyCrcAzCC_848f2729-6799-4ade-828b-5a3ec79adffd.jpg,meta:og:image,1,200,image/jpeg,298626,80df06ccd9fc49755e67f47c9356f81f70f199286bf512b4a0668528e7a7ab52,da_tai,0,data\du_lieu_logo\anh_goc\san_pham_0021\anh_003_80df06cc.jpg,dau_hieu_gallery=gallery|image
anh_000108,san_pham_0021,4,anh_004_fa5506ac.jpg,data\du_lieu_logo\anh_goc\san_pham_0021\anh_004_fa5506ac.jpg,https://hathyo.com/product/147,https://d134sx875xrex2.cloudfront.net/YBGR8HUuzr_d29d3d06-02a2-4892-8ec9-7aa65b39fcb7.jpg,meta:og:image,1,200,image/jpeg,450039,fa5506aca2be7f0bea20f1fcb8df3a49c77faa2c9dc9fd2d6e4ad143f2660d10,da_tai,0,data\du_lieu_logo\anh_goc\san_pham_0021\anh_004_fa5506ac.jpg,dau_hieu_gallery=gallery|image
anh_000109,san_pham_0022,1,anh_001_33fec9f4.jpg,data\du_lieu_logo\anh_goc\san_pham_0022\anh_001_33fec9f4.jpg,https://hathyo.com/product/148,https://d134sx875xrex2.cloudfront.net/836xN6ucd4_28c56379-8371-48fd-bd90-aca7b30b81aa.jpg,meta:og:image,1,200,image/jpeg,596256,33fec9f42ed991c22ec66e76ab80db1c671e3280d772187919bc90998c26bb0a,da_tai,0,data\du_lieu_logo\anh_goc\san_pham_0022\anh_001_33fec9f4.jpg,dau_hieu_gallery=gallery|image
anh_000110,san_pham_0022,2,anh_002_19a26d84.jpg,data\du_lieu_logo\anh_goc\san_pham_0022\anh_002_19a26d84.jpg,https://hathyo.com/product/148,https://d134sx875xrex2.cloudfront.net/5rSCclAe1p_7c3ba3d8-18a1-4d3c-bf8e-5c89b2478cf1.jpg,meta:og:image,1,200,image/jpeg,527080,19a26d8445c7b53a6cc1d51d03cfdd4d3d874970092a963561a880e4b95d8a76,da_tai,0,data\du_lieu_logo\anh_goc\san_pham_0022\anh_002_19a26d84.jpg,dau_hieu_gallery=gallery|image
anh_000111,san_pham_0022,3,anh_003_10a53204.jpg,data\du_lieu_logo\anh_goc\san_pham_0022\anh_003_10a53204.jpg,https://hathyo.com/product/148,https://d134sx875xrex2.cloudfront.net/EbggRFtV1u_704fb426-596d-40a8-a798-a795813d8845.jpg,meta:og:image,1,200,image/jpeg,748809,10a532045f29d84bcba43372f06646383bf959df632aae0faa4422058e9fac0f,da_tai,0,data\du_lieu_logo\anh_goc\san_pham_0022\anh_003_10a53204.jpg,dau_hieu_gallery=gallery|image
anh_000112,san_pham_0022,4,anh_004_1312fbf4.jpg,data\du_lieu_logo\anh_goc\san_pham_0022\anh_004_1312fbf4.jpg,https://hathyo.com/product/148,https://d134sx875xrex2.cloudfront.net/qbrQmikV8t_5072b4c3-b534-4650-a8a3-4c13e928ce49.jpg,meta:og:image,1,200,image/jpeg,628891,1312fbf46d0669f50bf36e36f9faca0d64b88562dbb46730e7328aa093939491,da_tai,0,data\du_lieu_logo\anh_goc\san_pham_0022\anh_004_1312fbf4.jpg,dau_hieu_gallery=gallery|image
anh_000113,san_pham_0022,5,anh_005_bcfbce7f.jpg,data\du_lieu_logo\anh_goc\san_pham_0022\anh_005_bcfbce7f.jpg,https://hathyo.com/product/148,https://d134sx875xrex2.cloudfront.net/qdj7A917cO_t%C3%ADa%20t%C3%B4.jpg,meta:og:image,1,200,image/jpeg,330126,bcfbce7f7f6867f039561ea32090362e02192cd910f94ed78b5353a03c33f0de,da_tai,0,data\du_lieu_logo\anh_goc\san_pham_0022\anh_005_bcfbce7f.jpg,dau_hieu_gallery=gallery|image
anh_000114,san_pham_0022,6,anh_006_69222b92.jpg,data\du_lieu_logo\anh_goc\san_pham_0022\anh_006_69222b92.jpg,https://hathyo.com/product/148,https://d134sx875xrex2.cloudfront.net/11Li8LmNkc_t%C3%ADa%20to2.jpg,meta:og:image,1,200,image/jpeg,204871,69222b923c40b59c1d189995da2d024b2a8cdd1b0497edae68763d6b6fb85cea,da_tai,0,data\du_lieu_logo\anh_goc\san_pham_0022\anh_006_69222b92.jpg,dau_hieu_gallery=gallery|image
anh_000115,san_pham_0022,7,anh_007_10727fc1.jpg,data\du_lieu_logo\anh_goc\san_pham_0022\anh_007_10727fc1.jpg,https://hathyo.com/product/148,https://d134sx875xrex2.cloudfront.net/TpxkzLF1Os_bottia3.jpg,meta:og:image,1,200,image/jpeg,172180,10727fc13a87c8e0ecd093c2620a0c48531e791f6d4198ce7ee8619a57c1e8b0,da_tai,0,data\du_lieu_logo\anh_goc\san_pham_0022\anh_007_10727fc1.jpg,dau_hieu_gallery=gallery|image
anh_000116,san_pham_0023,1,anh_001_43b616f6.jpg,data\du_lieu_logo\anh_goc\san_pham_0023\anh_001_43b616f6.jpg,https://hathyo.com/product/149,https://d134sx875xrex2.cloudfront.net/N5CKcfRJLH_01563043-2e04-4a14-9f51-40ea75ad108c.jpg,meta:og:image,1,200,image/jpeg,660450,43b616f63f6a56ea1c60effb0e65be1b243fe129382744e6fc7a371901d62f8b,da_tai,0,data\du_lieu_logo\anh_goc\san_pham_0023\anh_001_43b616f6.jpg,dau_hieu_gallery=gallery|image
anh_000117,san_pham_0023,2,anh_002_230c05f2.jpg,data\du_lieu_logo\anh_goc\san_pham_0023\anh_002_230c05f2.jpg,https://hathyo.com/product/149,https://d134sx875xrex2.cloudfront.net/VNb0vDW1Rl_b620c8ec-484c-4a8b-afb5-a191289dcafe.jpg,meta:og:image,1,200,image/jpeg,717240,230c05f217211fde9a071f55495cc59c33d93c56aefb7c66ad1ae6f6524aa6b8,da_tai,0,data\du_lieu_logo\anh_goc\san_pham_0023\anh_002_230c05f2.jpg,dau_hieu_gallery=gallery|image
anh_000118,san_pham_0023,3,anh_003_0c1ae0d7.jpg,data\du_lieu_logo\anh_goc\san_pham_0023\anh_003_0c1ae0d7.jpg,https://hathyo.com/product/149,https://d134sx875xrex2.cloudfront.net/UKMWerPBW6_f5a1f9dd-873d-49e9-b61a-432a2ea875e8.jpg,meta:og:image,1,200,image/jpeg,310399,0c1ae0d72e627791f3f8fcf3a5e5f80178636dae34583793ac0dee1b7d4ab8ae,da_tai,0,data\du_lieu_logo\anh_goc\san_pham_0023\anh_003_0c1ae0d7.jpg,dau_hieu_gallery=gallery|image
anh_000119,san_pham_0024,1,anh_001_d7e5a22b.jpg,data\du_lieu_logo\anh_goc\san_pham_0024\anh_001_d7e5a22b.jpg,https://hathyo.com/product/150,https://d134sx875xrex2.cloudfront.net/cLjz0c7L8v_fc4e4403-4907-4893-a30a-e4a4631e1dca.jpg,meta:og:image,1,200,image/jpeg,85984,d7e5a22b28b6ab60496b75f9c0ff10f9377e7ae4298fdf64abed58e58f29e162,da_tai,0,data\du_lieu_logo\anh_goc\san_pham_0024\anh_001_d7e5a22b.jpg,dau_hieu_gallery=gallery|image
anh_000120,san_pham_0024,2,anh_002_680ae0f6.jpg,data\du_lieu_logo\anh_goc\san_pham_0024\anh_002_680ae0f6.jpg,https://hathyo.com/product/150,https://d134sx875xrex2.cloudfront.net/6kQuMZuT2o_3cdaf163-669b-49a8-9173-f78fb558f03e.jpg,meta:og:image,1,200,image/jpeg,489190,680ae0f6e92ff8c5618b13122723911394e25d25a7695274b6690b640cc7bd9e,da_tai,0,data\du_lieu_logo\anh_goc\san_pham_0024\anh_002_680ae0f6.jpg,dau_hieu_gallery=gallery|image
anh_000121,san_pham_0024,3,anh_003_e7300540.jpg,data\du_lieu_logo\anh_goc\san_pham_0024\anh_003_e7300540.jpg,https://hathyo.com/product/150,https://d134sx875xrex2.cloudfront.net/h2aBUGXQ5j_e2bd5130-0a44-4e99-9e6f-30b1dfdbb61f.jpg,meta:og:image,1,200,image/jpeg,274350,e73005400f13d6067f5b4cd2acdd352dd1f8a1093c68013000a23859ce5e8006,da_tai,0,data\du_lieu_logo\anh_goc\san_pham_0024\anh_003_e7300540.jpg,dau_hieu_gallery=gallery|image
anh_000122,san_pham_0024,4,anh_004_302caddc.jpg,data\du_lieu_logo\anh_goc\san_pham_0024\anh_004_302caddc.jpg,https://hathyo.com/product/150,https://d134sx875xrex2.cloudfront.net/iZAZR7Akl2_9cf9c748-964d-4cf3-b9e4-dfc24cb74e7f.jpg,meta:og:image,1,200,image/jpeg,136078,302caddc9d27d887a72e0ec3c4a30275fff243d3d2deaca41ae9a0f4b10b329a,da_tai,0,data\du_lieu_logo\anh_goc\san_pham_0024\anh_004_302caddc.jpg,dau_hieu_gallery=gallery|image
anh_000123,san_pham_0024,5,anh_005_8a83b147.jpg,data\du_lieu_logo\anh_goc\san_pham_0024\anh_005_8a83b147.jpg,https://hathyo.com/product/150,https://d134sx875xrex2.cloudfront.net/lcp3T7Qdno_a9cbd29c-21c8-4487-bf8d-c5a563649344.jpg,meta:og:image,1,200,image/jpeg,293740,8a83b14728cec1c80aa9b4acc639220a6acf8da215e1bbff9bf89e9242410280,da_tai,0,data\du_lieu_logo\anh_goc\san_pham_0024\anh_005_8a83b147.jpg,dau_hieu_gallery=gallery|image
anh_000124,san_pham_0025,1,anh_001_7d58a7bf.jpg,data\du_lieu_logo\anh_goc\san_pham_0025\anh_001_7d58a7bf.jpg,https://hathyo.com/product/151,https://d134sx875xrex2.cloudfront.net/8GwIyuB0IT_397f7709-e1e4-4b9c-8e5c-a42cf2b2bcd3.jpg,meta:og:image,1,200,image/jpeg,182066,7d58a7bf6bc4c46a578983ad8861886b156d7f7ace1845d33c4f121ae2dfc486,da_tai,0,data\du_lieu_logo\anh_goc\san_pham_0025\anh_001_7d58a7bf.jpg,dau_hieu_gallery=gallery|image
anh_000125,san_pham_0025,2,anh_002_6d75755c.jpg,data\du_lieu_logo\anh_goc\san_pham_0025\anh_002_6d75755c.jpg,https://hathyo.com/product/151,https://d134sx875xrex2.cloudfront.net/jxCqNMQK1v_20298d44-bd17-41be-bd0a-533ec6b4645b.jpg,meta:og:image,1,200,image/jpeg,303581,6d75755c0c6c3f6bb8c7ce845a938234c0746ae52be678395a217af2da7240d8,da_tai,0,data\du_lieu_logo\anh_goc\san_pham_0025\anh_002_6d75755c.jpg,dau_hieu_gallery=gallery|image
anh_000126,san_pham_0026,1,anh_001_0efefce3.jpg,data\du_lieu_logo\anh_goc\san_pham_0026\anh_001_0efefce3.jpg,https://hathyo.com/product/152,https://d134sx875xrex2.cloudfront.net/BoV0vbASZ1_z7603736390171_94e8b8e97719ee52f28a00ebada36573.jpg,meta:og:image,1,200,image/jpeg,327865,0efefce301f858e9ebc92a352d829df2ac28353fb824b76845b41239a5fc4133,da_tai,0,data\du_lieu_logo\anh_goc\san_pham_0026\anh_001_0efefce3.jpg,dau_hieu_gallery=gallery|image
anh_000127,san_pham_0026,2,anh_002_f909a7af.jpg,data\du_lieu_logo\anh_goc\san_pham_0026\anh_002_f909a7af.jpg,https://hathyo.com/product/152,https://d134sx875xrex2.cloudfront.net/osq3KM8N0h_z7334032903360_23bd8069a009fcbb949a50fa8a3e612e.jpg,meta:og:image,1,200,image/jpeg,416362,f909a7afc37ac268c75c245e1965521db1095bb91cde2fff1c74414e41b17ad5,da_tai,0,data\du_lieu_logo\anh_goc\san_pham_0026\anh_002_f909a7af.jpg,dau_hieu_gallery=gallery|image
anh_000128,san_pham_0027,1,anh_001_a76167ba.jpg,data\du_lieu_logo\anh_goc\san_pham_0027\anh_001_a76167ba.jpg,https://hathyo.com/product/153,https://d134sx875xrex2.cloudfront.net/OJnqerWuoV_c9b55335-4fc4-4851-9355-eb69f8020381.jpg,meta:og:image,1,200,image/jpeg,179337,a76167ba9d8d4656cc82d533560f2d9661279a08da0ccd74639797612626ee66,da_tai,0,data\du_lieu_logo\anh_goc\san_pham_0027\anh_001_a76167ba.jpg,dau_hieu_gallery=gallery|image
anh_000129,san_pham_0027,2,anh_002_be1cb615.jpg,data\du_lieu_logo\anh_goc\san_pham_0027\anh_002_be1cb615.jpg,https://hathyo.com/product/153,https://d134sx875xrex2.cloudfront.net/UTpzEprGrC_84db2a8f-3100-4b75-8309-3d0a09cd658c.jpg,meta:og:image,1,200,image/jpeg,558774,be1cb6152d2811f5a969003a58578e0cb3fb4cbcf9afcc086a960b0ab037ad8e,da_tai,0,data\du_lieu_logo\anh_goc\san_pham_0027\anh_002_be1cb615.jpg,dau_hieu_gallery=gallery|image
anh_000130,san_pham_0027,3,anh_003_c9ecdcb2.jpg,data\du_lieu_logo\anh_goc\san_pham_0027\anh_003_c9ecdcb2.jpg,https://hathyo.com/product/153,https://d134sx875xrex2.cloudfront.net/1E9xDoSLUV_0becd21c-334d-4a59-8790-8c9e39866087.jpg,meta:og:image,1,200,image/jpeg,444332,c9ecdcb273c28fddb3ca0acf3017146c40c99e02e4e29c9ee5d64db9377921a6,da_tai,0,data\du_lieu_logo\anh_goc\san_pham_0027\anh_003_c9ecdcb2.jpg,dau_hieu_gallery=gallery|image
anh_000131,san_pham_0027,4,anh_004_335f85f5.jpg,data\du_lieu_logo\anh_goc\san_pham_0027\anh_004_335f85f5.jpg,https://hathyo.com/product/153,https://d134sx875xrex2.cloudfront.net/IWfT8hyb0S_1de0880c-7c9d-4d5a-bff8-43211b18e125.jpg,meta:og:image,1,200,image/jpeg,918238,335f85f55ffca05d5fa7003f17e7e1a032fbd4e4496241af8c3d8d985d5957e5,da_tai,0,data\du_lieu_logo\anh_goc\san_pham_0027\anh_004_335f85f5.jpg,dau_hieu_gallery=gallery|image
anh_000132,san_pham_0027,5,anh_005_60191263.jpg,data\du_lieu_logo\anh_goc\san_pham_0027\anh_005_60191263.jpg,https://hathyo.com/product/153,https://d134sx875xrex2.cloudfront.net/T98nyvcng4_94f6f40c-29af-4131-971e-6ec0e9e555eb.jpg,meta:og:image,1,200,image/jpeg,412152,601912636d54b787647b32b841a2cce21771ef73a93a3e48480931b97add7a7b,da_tai,0,data\du_lieu_logo\anh_goc\san_pham_0027\anh_005_60191263.jpg,dau_hieu_gallery=gallery|image
anh_000133,san_pham_0028,1,anh_001_0604e22a.jpg,data\du_lieu_logo\anh_goc\san_pham_0028\anh_001_0604e22a.jpg,https://hathyo.com/product/155,https://d134sx875xrex2.cloudfront.net/pR0f0XOUXQ_1.jpg,meta:og:image,1,200,image/jpeg,215284,0604e22a4eb6895f56a44f623ff06eeb5c56cdc60e4543c5727842415041a3ff,da_tai,0,data\du_lieu_logo\anh_goc\san_pham_0028\anh_001_0604e22a.jpg,dau_hieu_gallery=gallery|image
anh_000134,san_pham_0028,2,anh_002_da9d6989.jpg,data\du_lieu_logo\anh_goc\san_pham_0028\anh_002_da9d6989.jpg,https://hathyo.com/product/155,https://d134sx875xrex2.cloudfront.net/Jhtcszcdz9_2.jpg,meta:og:image,1,200,image/jpeg,1116893,da9d6989ecdb5121594d05c5e6a0262ccc4146b02e735abacb851e7932136f4c,da_tai,0,data\du_lieu_logo\anh_goc\san_pham_0028\anh_002_da9d6989.jpg,dau_hieu_gallery=gallery|image
anh_000135,san_pham_0028,3,anh_003_70e563dc.jpg,data\du_lieu_logo\anh_goc\san_pham_0028\anh_003_70e563dc.jpg,https://hathyo.com/product/155,https://d134sx875xrex2.cloudfront.net/WRb9VkhfTD_3.jpg,meta:og:image,1,200,image/jpeg,1060414,70e563dc96e22f11f0207b9ea02ab982fbc29753d82504994e7855f530225d8e,da_tai,0,data\du_lieu_logo\anh_goc\san_pham_0028\anh_003_70e563dc.jpg,dau_hieu_gallery=gallery|image
anh_000136,san_pham_0028,4,anh_004_47f7988b.jpg,data\du_lieu_logo\anh_goc\san_pham_0028\anh_004_47f7988b.jpg,https://hathyo.com/product/155,https://d134sx875xrex2.cloudfront.net/yBqI4q3llz_4.jpg,meta:og:image,1,200,image/jpeg,496062,47f7988b44b6065c14776f4e9ceccd1839c2ca010a41dd37d45423064c669020,da_tai,0,data\du_lieu_logo\anh_goc\san_pham_0028\anh_004_47f7988b.jpg,dau_hieu_gallery=gallery|image
anh_000137,san_pham_0028,5,,,https://hathyo.com/product/155,https://d134sx875xrex2.cloudfront.net/t0vSsS2SI6_5.jpg,meta:og:image,1,200,image/jpeg,799115,e4ead3808b425481dfb9fa42c0390564ec65f54ab86c1f0c0aef49309ceb99d2,trung_sha256,1,data\du_lieu_logo\anh_goc\san_pham_0017\anh_006_e4ead380.jpg,dau_hieu_gallery=gallery|image
anh_000138,san_pham_0028,6,anh_006_f7a2a3cf.jpg,data\du_lieu_logo\anh_goc\san_pham_0028\anh_006_f7a2a3cf.jpg,https://hathyo.com/product/155,https://d134sx875xrex2.cloudfront.net/pGkg39HCGw_GCN%20ATTP%20TRAN%20LAN%2005%202026_page-0001.jpg,meta:og:image,1,200,image/jpeg,569284,f7a2a3cfe57f572c0ed0d3fcae86105150994cc7cb593fd39c8aad114931c18d,da_tai,0,data\du_lieu_logo\anh_goc\san_pham_0028\anh_006_f7a2a3cf.jpg,dau_hieu_gallery=gallery|image
anh_000139,san_pham_0029,1,anh_001_a7210d0d.jpg,data\du_lieu_logo\anh_goc\san_pham_0029\anh_001_a7210d0d.jpg,https://hathyo.com/product/156,https://d134sx875xrex2.cloudfront.net/uCQaUPhdYK_07c11e1c-465f-4cb3-b27f-0ee0bc4ce672.jpg,meta:og:image,1,200,image/jpeg,158098,a7210d0d3ed2417244e4db4c1f491d9682f904fc2b6c20c61bf83f5cc416543d,da_tai,0,data\du_lieu_logo\anh_goc\san_pham_0029\anh_001_a7210d0d.jpg,dau_hieu_gallery=gallery|image
anh_000140,san_pham_0029,2,anh_002_e6ec6ecf.jpg,data\du_lieu_logo\anh_goc\san_pham_0029\anh_002_e6ec6ecf.jpg,https://hathyo.com/product/156,https://d134sx875xrex2.cloudfront.net/DzoSp7slIS_1cb2496a-4d11-43a9-a7e5-729331686805.jpg,meta:og:image,1,200,image/jpeg,875062,e6ec6ecf04b03dd71333dff0fb3d929a0b567dfa485a45534164f24701431066,da_tai,0,data\du_lieu_logo\anh_goc\san_pham_0029\anh_002_e6ec6ecf.jpg,dau_hieu_gallery=gallery|image
anh_000141,san_pham_0029,3,anh_003_1755827b.jpg,data\du_lieu_logo\anh_goc\san_pham_0029\anh_003_1755827b.jpg,https://hathyo.com/product/156,https://d134sx875xrex2.cloudfront.net/sG7OKdCU9U_910c560d-1879-45a5-a8f5-2e2845e67bbc.jpg,meta:og:image,1,200,image/jpeg,1533224,1755827be3bb264699a6c4991d93483431950c3a2c356a289c268402dff3a712,da_tai,0,data\du_lieu_logo\anh_goc\san_pham_0029\anh_003_1755827b.jpg,dau_hieu_gallery=gallery|image
anh_000142,san_pham_0029,4,anh_004_411a59ae.jpg,data\du_lieu_logo\anh_goc\san_pham_0029\anh_004_411a59ae.jpg,https://hathyo.com/product/156,https://d134sx875xrex2.cloudfront.net/Fy8wPUe8Mv_f5033453-6352-45f2-aef3-4237ec62544c.jpg,meta:og:image,1,200,image/jpeg,431611,411a59ae521ce58fd2c7fd0a9295c422168727723bebfdbad0a8c85b314ccb82,da_tai,0,data\du_lieu_logo\anh_goc\san_pham_0029\anh_004_411a59ae.jpg,dau_hieu_gallery=gallery|image
anh_000143,san_pham_0030,1,anh_001_91508bfa.jpg,data\du_lieu_logo\anh_goc\san_pham_0030\anh_001_91508bfa.jpg,https://hathyo.com/product/157,https://d134sx875xrex2.cloudfront.net/wnG9aRglJz_e17c701e-0a03-41ae-b1e3-061105be9839.jpg,meta:og:image,1,200,image/jpeg,118739,91508bfaea88a0e065452c2ee80af3b0e090c64ff6b4b29e632a5c4ae950961f,da_tai,0,data\du_lieu_logo\anh_goc\san_pham_0030\anh_001_91508bfa.jpg,dau_hieu_gallery=gallery|image
anh_000144,san_pham_0030,2,anh_002_e6586b76.jpg,data\du_lieu_logo\anh_goc\san_pham_0030\anh_002_e6586b76.jpg,https://hathyo.com/product/157,https://d134sx875xrex2.cloudfront.net/nf6QT7s9Px_966f71c4-7d2d-4a5b-9e23-2429a5c02835.jpg,meta:og:image,1,200,image/jpeg,637086,e6586b769b071a4333469d3f67acba79adf1ea1118626d27172e24455c3147c8,da_tai,0,data\du_lieu_logo\anh_goc\san_pham_0030\anh_002_e6586b76.jpg,dau_hieu_gallery=gallery|image
anh_000145,san_pham_0030,3,anh_003_c9c35a75.jpg,data\du_lieu_logo\anh_goc\san_pham_0030\anh_003_c9c35a75.jpg,https://hathyo.com/product/157,https://d134sx875xrex2.cloudfront.net/kqEoBof6Zg_e636d290-0dd7-438b-a58a-27506ccde227.jpg,meta:og:image,1,200,image/jpeg,379726,c9c35a754e543b00714e26483e5da29f867d83444b5a68c3936a22970c60d5b5,da_tai,0,data\du_lieu_logo\anh_goc\san_pham_0030\anh_003_c9c35a75.jpg,dau_hieu_gallery=gallery|image
anh_000146,san_pham_0030,4,anh_004_3be6e7da.jpg,data\du_lieu_logo\anh_goc\san_pham_0030\anh_004_3be6e7da.jpg,https://hathyo.com/product/157,https://d134sx875xrex2.cloudfront.net/fNFZhqsbFE_a8ad7d40-fc8b-4a72-aed9-ab8bb947481a.jpg,meta:og:image,1,200,image/jpeg,386348,3be6e7da7ec507b622061cd0f64140b5acf15ad4e9c219228bb9726faf54e239,da_tai,0,data\du_lieu_logo\anh_goc\san_pham_0030\anh_004_3be6e7da.jpg,dau_hieu_gallery=gallery|image
anh_000147,san_pham_0031,1,anh_001_284e302f.png,data\du_lieu_logo\anh_goc\san_pham_0031\anh_001_284e302f.png,https://hathyo.com/product/158,https://d134sx875xrex2.cloudfront.net/F4eiFaJO0x_dcdcdcaw.png,meta:og:image,1,200,image/png,1376829,284e302f70cb2468caaad4661740ee4ab8abb18517e6174f0b93078329bb8b03,da_tai,0,data\du_lieu_logo\anh_goc\san_pham_0031\anh_001_284e302f.png,dau_hieu_gallery=gallery|image
anh_000148,san_pham_0031,2,anh_002_d04efe86.jpg,data\du_lieu_logo\anh_goc\san_pham_0031\anh_002_d04efe86.jpg,https://hathyo.com/product/158,https://d134sx875xrex2.cloudfront.net/JSh8I3EJsQ_z4800673410224_13021d5112518fb11da4bcd7782af122.jpg,meta:og:image,1,200,image/jpeg,492256,d04efe86497649e063aac6e4fa64bc4652a72465d8d17ffe28bd7b25cd72fbb7,da_tai,0,data\du_lieu_logo\anh_goc\san_pham_0031\anh_002_d04efe86.jpg,dau_hieu_gallery=gallery|image
anh_000149,san_pham_0031,3,anh_003_f301bb57.jpg,data\du_lieu_logo\anh_goc\san_pham_0031\anh_003_f301bb57.jpg,https://hathyo.com/product/158,https://d134sx875xrex2.cloudfront.net/lYfMKtqAZO_z4800661290425_a61df1379bb851a9fbd64291b4aa52df.jpg,meta:og:image,1,200,image/jpeg,824233,f301bb578f502bc0f697412bd158217834fb1373b3ff1159c382b1540cbe2fd3,da_tai,0,data\du_lieu_logo\anh_goc\san_pham_0031\anh_003_f301bb57.jpg,dau_hieu_gallery=gallery|image
anh_000150,san_pham_0032,1,anh_001_7a0b075f.jpg,data\du_lieu_logo\anh_goc\san_pham_0032\anh_001_7a0b075f.jpg,https://hathyo.com/product/159,https://d134sx875xrex2.cloudfront.net/vWYFNONmkx_35a2be95-a43b-4836-bf51-58eafb2b5b6a.jpg,meta:og:image,1,200,image/jpeg,1210865,7a0b075fefdc03e76b9a68d0031d0471a32bf900ee0fdf165da3f5520d398cd5,da_tai,0,data\du_lieu_logo\anh_goc\san_pham_0032\anh_001_7a0b075f.jpg,dau_hieu_gallery=gallery|image
anh_000151,san_pham_0032,2,anh_002_cf860eea.jpg,data\du_lieu_logo\anh_goc\san_pham_0032\anh_002_cf860eea.jpg,https://hathyo.com/product/159,https://d134sx875xrex2.cloudfront.net/MOWlta7DGU_fe328132-3ecf-45e5-a893-627fae3876a0.jpg,meta:og:image,1,200,image/jpeg,590498,cf860eea2589c563578cb42dd9f4e4cb1dc0ace6237634c4ae4cfc60740b3d0b,da_tai,0,data\du_lieu_logo\anh_goc\san_pham_0032\anh_002_cf860eea.jpg,dau_hieu_gallery=gallery|image
anh_000152,san_pham_0032,3,anh_003_e42458f0.jpg,data\du_lieu_logo\anh_goc\san_pham_0032\anh_003_e42458f0.jpg,https://hathyo.com/product/159,https://d134sx875xrex2.cloudfront.net/CaPHMkb6WH_ce3de801-7e4d-4168-bc65-8ee68ded56b5.jpg,meta:og:image,1,200,image/jpeg,497028,e42458f062d13f9a02860a398f406f7498687ab8ef47d4981be6829a80f58285,da_tai,0,data\du_lieu_logo\anh_goc\san_pham_0032\anh_003_e42458f0.jpg,dau_hieu_gallery=gallery|image
anh_000153,san_pham_0032,4,anh_004_fad201a1.jpg,data\du_lieu_logo\anh_goc\san_pham_0032\anh_004_fad201a1.jpg,https://hathyo.com/product/159,https://d134sx875xrex2.cloudfront.net/bC6fyEyoky_34ae856e-75a8-4fe1-a661-45d90edc7075.jpg,meta:og:image,1,200,image/jpeg,708442,fad201a1776384c42d6888ba4078831097605b718abefac4977fedefed052300,da_tai,0,data\du_lieu_logo\anh_goc\san_pham_0032\anh_004_fad201a1.jpg,dau_hieu_gallery=gallery|image
anh_000154,san_pham_0033,1,anh_001_fdef2d6a.jpg,data\du_lieu_logo\anh_goc\san_pham_0033\anh_001_fdef2d6a.jpg,https://hathyo.com/product/160,https://d134sx875xrex2.cloudfront.net/mIkjyTHRRB_e6bf67bc-2d21-4951-a167-a27657b0abc3.jpg,meta:og:image,1,200,image/jpeg,343546,fdef2d6a58b357df0d77a0d7ae38116757dd68fd6623511505aa3e6aa9193f6b,da_tai,0,data\du_lieu_logo\anh_goc\san_pham_0033\anh_001_fdef2d6a.jpg,dau_hieu_gallery=gallery|image
anh_000155,san_pham_0033,2,anh_002_89967e75.jpg,data\du_lieu_logo\anh_goc\san_pham_0033\anh_002_89967e75.jpg,https://hathyo.com/product/160,https://d134sx875xrex2.cloudfront.net/glzQQcCQlt_7b22c790-43eb-4441-bffd-3abdcdfd716e.jpg,meta:og:image,1,200,image/jpeg,295249,89967e75c89fc3a3613503d1bdd720225a9a7f490becac73b1eeeed6c9df96a4,da_tai,0,data\du_lieu_logo\anh_goc\san_pham_0033\anh_002_89967e75.jpg,dau_hieu_gallery=gallery|image
anh_000156,san_pham_0033,3,anh_003_0a8fa09b.jpg,data\du_lieu_logo\anh_goc\san_pham_0033\anh_003_0a8fa09b.jpg,https://hathyo.com/product/160,https://d134sx875xrex2.cloudfront.net/ls21Cbvl70_576c8477-0dac-4aeb-9c36-fc1edde3b0a6.jpg,meta:og:image,1,200,image/jpeg,224879,0a8fa09beac2a6206ec813803c635dc0c9761956c2b0179d02a37225c02a50f1,da_tai,0,data\du_lieu_logo\anh_goc\san_pham_0033\anh_003_0a8fa09b.jpg,dau_hieu_gallery=gallery|image
anh_000157,san_pham_0033,4,anh_004_cba20a0e.jpg,data\du_lieu_logo\anh_goc\san_pham_0033\anh_004_cba20a0e.jpg,https://hathyo.com/product/160,https://d134sx875xrex2.cloudfront.net/ZAUAwj8oAU_16e5555a-fffd-44c6-9620-813ad5698d7a.jpg,meta:og:image,1,200,image/jpeg,255461,cba20a0eea3c51a0b00e88822a913f54a7e0b08331e679c2b51f455bce765df3,da_tai,0,data\du_lieu_logo\anh_goc\san_pham_0033\anh_004_cba20a0e.jpg,dau_hieu_gallery=gallery|image
anh_000158,san_pham_0033,5,anh_005_f592c8e7.jpg,data\du_lieu_logo\anh_goc\san_pham_0033\anh_005_f592c8e7.jpg,https://hathyo.com/product/160,https://d134sx875xrex2.cloudfront.net/BRFzuRSfBo_7c83f2c0-93aa-40a1-9e9f-69abba7a2acf.jpg,meta:og:image,1,200,image/jpeg,377491,f592c8e77f5d3c8d134ea7866b1573af91920758753c0b7db3c6db543fc214eb,da_tai,0,data\du_lieu_logo\anh_goc\san_pham_0033\anh_005_f592c8e7.jpg,dau_hieu_gallery=gallery|image
anh_000159,san_pham_0033,6,anh_006_f5bb7540.jpg,data\du_lieu_logo\anh_goc\san_pham_0033\anh_006_f5bb7540.jpg,https://hathyo.com/product/160,https://d134sx875xrex2.cloudfront.net/t9GqcwlbH3_c226ea2d-b3ef-4779-bc44-ab0c782261e4.jpg,meta:og:image,1,200,image/jpeg,201755,f5bb75409a4586f87accfcec6440297732d08edf03410c3a42d91fc1a63dd84c,da_tai,0,data\du_lieu_logo\anh_goc\san_pham_0033\anh_006_f5bb7540.jpg,dau_hieu_gallery=gallery|image
anh_000160,san_pham_0033,7,anh_007_f4269ce0.jpg,data\du_lieu_logo\anh_goc\san_pham_0033\anh_007_f4269ce0.jpg,https://hathyo.com/product/160,https://d134sx875xrex2.cloudfront.net/A44dJwIOL9_11e365a1-11be-43ca-9f08-696f37be462a.jpg,meta:og:image,1,200,image/jpeg,130140,f4269ce0fa68d9d2f0c7876e36ffe3e2cf6bbacf88598d20c85d981093d21c82,da_tai,0,data\du_lieu_logo\anh_goc\san_pham_0033\anh_007_f4269ce0.jpg,dau_hieu_gallery=gallery|image
anh_000161,san_pham_0034,1,anh_001_c3eae987.jpg,data\du_lieu_logo\anh_goc\san_pham_0034\anh_001_c3eae987.jpg,https://hathyo.com/product/162,https://d134sx875xrex2.cloudfront.net/9Bgwr9Ceka_BRULE%20ARIEU%20COFFEE%20B%E1%BB%98T_H%E1%BA%A0T.jpg,meta:og:image,1,200,image/jpeg,556496,c3eae987195cf2d29577c9e0ac106014784b62cfab84941ad389382e1192b865,da_tai,0,data\du_lieu_logo\anh_goc\san_pham_0034\anh_001_c3eae987.jpg,dau_hieu_gallery=gallery|image
anh_000162,san_pham_0035,1,anh_001_76d6358f.jpg,data\du_lieu_logo\anh_goc\san_pham_0035\anh_001_76d6358f.jpg,https://hathyo.com/product/163,https://d134sx875xrex2.cloudfront.net/yG2L36EdpU_BRULE%20NRANG%20COFFEE%20B%E1%BB%98T_H%E1%BA%A0T.jpg,meta:og:image,1,200,image/jpeg,587524,76d6358f5c9f040d827473f95ad8af91891f964bc39637456ae650c9a088a547,da_tai,0,data\du_lieu_logo\anh_goc\san_pham_0035\anh_001_76d6358f.jpg,dau_hieu_gallery=gallery|image
anh_000163,san_pham_0036,1,anh_001_84cb06e1.jpg,data\du_lieu_logo\anh_goc\san_pham_0036\anh_001_84cb06e1.jpg,https://hathyo.com/product/164,https://d134sx875xrex2.cloudfront.net/mpfZno1MTQ_8%20(1).jpg,meta:og:image,1,200,image/jpeg,546640,84cb06e197f45ca4677e5d626ad1900ba3657fd948fca258ac3604fddbabd6a9,da_tai,0,data\du_lieu_logo\anh_goc\san_pham_0036\anh_001_84cb06e1.jpg,dau_hieu_gallery=gallery|image
anh_000164,san_pham_0036,2,anh_002_6369fd23.jpg,data\du_lieu_logo\anh_goc\san_pham_0036\anh_002_6369fd23.jpg,https://hathyo.com/product/164,https://d134sx875xrex2.cloudfront.net/pq6y1vnkjZ_8.jpg,meta:og:image,1,200,image/jpeg,233515,6369fd23203ad8e1cc13b3177eafa101bdd40a35ed6113c2dc676c7a59f95471,da_tai,0,data\du_lieu_logo\anh_goc\san_pham_0036\anh_002_6369fd23.jpg,dau_hieu_gallery=gallery|image
anh_000165,san_pham_0037,1,anh_001_bd057524.jpg,data\du_lieu_logo\anh_goc\san_pham_0037\anh_001_bd057524.jpg,https://hathyo.com/product/165,https://d134sx875xrex2.cloudfront.net/IZjjwrjgJ5_B'RULE%20NRANG%20COFFEE.jpg,meta:og:image,1,200,image/jpeg,556674,bd057524fc0e0709141e998951b1a14cde4c05c49c5f2ba446ed19c6644e3531,da_tai,0,data\du_lieu_logo\anh_goc\san_pham_0037\anh_001_bd057524.jpg,dau_hieu_gallery=gallery|image
anh_000166,san_pham_0037,2,anh_002_63d00480.jpg,data\du_lieu_logo\anh_goc\san_pham_0037\anh_002_63d00480.jpg,https://hathyo.com/product/165,https://d134sx875xrex2.cloudfront.net/2EvFD5ZNAS_3%20(1).jpg,meta:og:image,1,200,image/jpeg,207817,63d004804ade86c410c6bf31107973fcce5d12aadb82cc5a05d2f0e1d317ca96,da_tai,0,data\du_lieu_logo\anh_goc\san_pham_0037\anh_002_63d00480.jpg,dau_hieu_gallery=gallery|image
anh_000167,san_pham_0037,3,,,https://hathyo.com/product/165,https://d134sx875xrex2.cloudfront.net/tWGclieeeJ_8%20(2).jpg,meta:og:image,1,200,image/jpeg,233515,6369fd23203ad8e1cc13b3177eafa101bdd40a35ed6113c2dc676c7a59f95471,trung_sha256,1,data\du_lieu_logo\anh_goc\san_pham_0036\anh_002_6369fd23.jpg,dau_hieu_gallery=gallery|image
anh_000168,san_pham_0038,1,anh_001_276a6189.jpg,data\du_lieu_logo\anh_goc\san_pham_0038\anh_001_276a6189.jpg,https://hathyo.com/product/166,https://d134sx875xrex2.cloudfront.net/e9UIJjNesV_B'RULE%20SARY%20COFEEE.jpg,meta:og:image,1,200,image/jpeg,480060,276a61898cb6cab8e878fe86bdef6bc4fa78092ccf7864cde220ce838e634f93,da_tai,0,data\du_lieu_logo\anh_goc\san_pham_0038\anh_001_276a6189.jpg,dau_hieu_gallery=gallery|image
anh_000169,san_pham_0038,2,anh_002_d1ade16d.jpg,data\du_lieu_logo\anh_goc\san_pham_0038\anh_002_d1ade16d.jpg,https://hathyo.com/product/166,https://d134sx875xrex2.cloudfront.net/EAiYFHv5Ht_1%20(1).jpg,meta:og:image,1,200,image/jpeg,176353,d1ade16ddaa1672c96237a7c5c8c98d7ad251ced8f9667f0d3c4f596f5b05543,da_tai,0,data\du_lieu_logo\anh_goc\san_pham_0038\anh_002_d1ade16d.jpg,dau_hieu_gallery=gallery|image
anh_000170,san_pham_0038,3,anh_003_ed3cbad6.jpg,data\du_lieu_logo\anh_goc\san_pham_0038\anh_003_ed3cbad6.jpg,https://hathyo.com/product/166,https://d134sx875xrex2.cloudfront.net/XnRsTb4aHt_2%20(1).jpg,meta:og:image,1,200,image/jpeg,185767,ed3cbad69f21fe63b47448b21db8965e4824ae3d06624ec7dfece43a099ac164,da_tai,0,data\du_lieu_logo\anh_goc\san_pham_0038\anh_003_ed3cbad6.jpg,dau_hieu_gallery=gallery|image
anh_000171,san_pham_0038,4,,,https://hathyo.com/product/166,https://d134sx875xrex2.cloudfront.net/I6ifAUSjVC_8%20(3).jpg,meta:og:image,1,200,image/jpeg,233515,6369fd23203ad8e1cc13b3177eafa101bdd40a35ed6113c2dc676c7a59f95471,trung_sha256,1,data\du_lieu_logo\anh_goc\san_pham_0036\anh_002_6369fd23.jpg,dau_hieu_gallery=gallery|image
anh_000172,san_pham_0039,1,anh_001_af8dedb1.jpg,data\du_lieu_logo\anh_goc\san_pham_0039\anh_001_af8dedb1.jpg,https://hathyo.com/product/167,https://d134sx875xrex2.cloudfront.net/mbSqhTYh2j_B'RULE%20ARI%C3%8AU%20COFFEE%20-%20%E1%BB%A6%20L%E1%BA%A0NH.jpg,meta:og:image,1,200,image/jpeg,530576,af8dedb1e6fa2aed40e639bd09ad25fbf42bf112a086f38bad692009aacd43c6,da_tai,0,data\du_lieu_logo\anh_goc\san_pham_0039\anh_001_af8dedb1.jpg,dau_hieu_gallery=gallery|image
anh_000173,san_pham_0039,2,anh_002_9a4ced29.jpg,data\du_lieu_logo\anh_goc\san_pham_0039\anh_002_9a4ced29.jpg,https://hathyo.com/product/167,https://d134sx875xrex2.cloudfront.net/7pcDcvuqAq_4%20(1).jpg,meta:og:image,1,200,image/jpeg,244688,9a4ced292fd1964130e57675bedf38f68741fb9cdf5c5c6eb8d890f769b9783e,da_tai,0,data\du_lieu_logo\anh_goc\san_pham_0039\anh_002_9a4ced29.jpg,dau_hieu_gallery=gallery|image
anh_000174,san_pham_0039,3,anh_003_656a3e32.jpg,data\du_lieu_logo\anh_goc\san_pham_0039\anh_003_656a3e32.jpg,https://hathyo.com/product/167,https://d134sx875xrex2.cloudfront.net/8BrUdsp7mG_9.jpg,meta:og:image,1,200,image/jpeg,273577,656a3e322307d2ab96a59cdc2371150cc14a0026103aed6fee3696977785c354,da_tai,0,data\du_lieu_logo\anh_goc\san_pham_0039\anh_003_656a3e32.jpg,dau_hieu_gallery=gallery|image
anh_000175,san_pham_0040,1,anh_001_d077765d.jpg,data\du_lieu_logo\anh_goc\san_pham_0040\anh_001_d077765d.jpg,https://hathyo.com/product/168,https://d134sx875xrex2.cloudfront.net/GnkPBdEU2U_B'RULE%20NRANG%20COFFEE%20-%20%E1%BB%A6%20L%E1%BA%A0NH.jpg,meta:og:image,1,200,image/jpeg,605415,d077765d63040e6c6f6f5f8fa9a4773f2911e7540ecb84685c61bf59ffb49f9b,da_tai,0,data\du_lieu_logo\anh_goc\san_pham_0040\anh_001_d077765d.jpg,dau_hieu_gallery=gallery|image
anh_000176,san_pham_0040,2,anh_002_7bb25f5a.jpg,data\du_lieu_logo\anh_goc\san_pham_0040\anh_002_7bb25f5a.jpg,https://hathyo.com/product/168,https://d134sx875xrex2.cloudfront.net/aMgGalJG9G_5%20(1).jpg,meta:og:image,1,200,image/jpeg,280310,7bb25f5a8a1fe3f5e45d083b85e6027f0fd9fae4cd74996faea1c0d1c56c5f00,da_tai,0,data\du_lieu_logo\anh_goc\san_pham_0040\anh_002_7bb25f5a.jpg,dau_hieu_gallery=gallery|image
anh_000177,san_pham_0040,3,,,https://hathyo.com/product/168,https://d134sx875xrex2.cloudfront.net/FCXYgSFblR_9%20(1).jpg,meta:og:image,1,200,image/jpeg,273577,656a3e322307d2ab96a59cdc2371150cc14a0026103aed6fee3696977785c354,trung_sha256,1,data\du_lieu_logo\anh_goc\san_pham_0039\anh_003_656a3e32.jpg,dau_hieu_gallery=gallery|image
anh_000178,san_pham_0041,1,anh_001_52115abb.jpg,data\du_lieu_logo\anh_goc\san_pham_0041\anh_001_52115abb.jpg,https://hathyo.com/product/169,https://d134sx875xrex2.cloudfront.net/QPXEuPPU0y_B'RULE%20SARY%20COFFEE%201KG.jpg,meta:og:image,1,200,image/jpeg,569430,52115abb92ea5f478c7aae81ecc43424ef0de9166a02c23ac2cc6053819e89f1,da_tai,0,data\du_lieu_logo\anh_goc\san_pham_0041\anh_001_52115abb.jpg,dau_hieu_gallery=gallery|image
anh_000179,san_pham_0041,2,anh_002_1ccdf88b.jpg,data\du_lieu_logo\anh_goc\san_pham_0041\anh_002_1ccdf88b.jpg,https://hathyo.com/product/169,https://d134sx875xrex2.cloudfront.net/9daukWAPhD_B'RULE%20SARY%20COFFEE%20500G.jpg,meta:og:image,1,200,image/jpeg,553123,1ccdf88b1df09e6050856dc1fa843b82ee23b464cbd4c626aa15453635b3d671,da_tai,0,data\du_lieu_logo\anh_goc\san_pham_0041\anh_002_1ccdf88b.jpg,dau_hieu_gallery=gallery|image
anh_000180,san_pham_0042,1,anh_001_af344a75.jpg,data\du_lieu_logo\anh_goc\san_pham_0042\anh_001_af344a75.jpg,https://hathyo.com/product/170,https://d134sx875xrex2.cloudfront.net/lhYbEO9qR7_B'RULE%20LEE%20COFFEE%201KG.jpg,meta:og:image,1,200,image/jpeg,512159,af344a75bb1d3e7fc021c05145dc43297bcb9a3e50af6423276a1f81719020a0,da_tai,0,data\du_lieu_logo\anh_goc\san_pham_0042\anh_001_af344a75.jpg,dau_hieu_gallery=gallery|image
anh_000181,san_pham_0042,2,anh_002_956dc14c.jpg,data\du_lieu_logo\anh_goc\san_pham_0042\anh_002_956dc14c.jpg,https://hathyo.com/product/170,https://d134sx875xrex2.cloudfront.net/UKJlIUGVIh_B'RULE%20LEE%20COFFEE%20500G.jpg,meta:og:image,1,200,image/jpeg,523860,956dc14c59c146718acfee83f0085568fd73111f71bf64673729bc7762efce6b,da_tai,0,data\du_lieu_logo\anh_goc\san_pham_0042\anh_002_956dc14c.jpg,dau_hieu_gallery=gallery|image
anh_000182,san_pham_0043,1,anh_001_7a313d32.jpg,data\du_lieu_logo\anh_goc\san_pham_0043\anh_001_7a313d32.jpg,https://hathyo.com/product/171,https://d134sx875xrex2.cloudfront.net/5ZhAJrTvIY_B'RULE%20ROBUSTA%20COFFEE%201KG.jpg,meta:og:image,1,200,image/jpeg,550781,7a313d3218ed915603f75cf0bc1bea86185a78ef629b273f21da8dbdcb840480,da_tai,0,data\du_lieu_logo\anh_goc\san_pham_0043\anh_001_7a313d32.jpg,dau_hieu_gallery=gallery|image
anh_000183,san_pham_0043,2,anh_002_259f7500.jpg,data\du_lieu_logo\anh_goc\san_pham_0043\anh_002_259f7500.jpg,https://hathyo.com/product/171,https://d134sx875xrex2.cloudfront.net/v3xKEkr1Sk_B'RULE%20ROBUSTA%20COFFEE%20500G.jpg,meta:og:image,1,200,image/jpeg,542807,259f7500e3be9ef4b697fd2240276dd034aa89f90f66e589f5007e0714f5eb0b,da_tai,0,data\du_lieu_logo\anh_goc\san_pham_0043\anh_002_259f7500.jpg,dau_hieu_gallery=gallery|image
anh_000184,san_pham_0044,1,anh_001_6eb2a788.png,data\du_lieu_logo\anh_goc\san_pham_0044\anh_001_6eb2a788.png,https://hathyo.com/product/172,https://d134sx875xrex2.cloudfront.net/VbtUuGbQG0_brule%20%20(1).png,meta:og:image,1,200,image/png,449588,6eb2a788d8ecc9d12eae7be10a1405b3468eae94d59665f1b55335a6bdb5ef91,da_tai,0,data\du_lieu_logo\anh_goc\san_pham_0044\anh_001_6eb2a788.png,dau_hieu_gallery=gallery|image
anh_000185,san_pham_0045,1,anh_001_f2b6eec8.png,data\du_lieu_logo\anh_goc\san_pham_0045\anh_001_f2b6eec8.png,https://hathyo.com/product/185,https://d134sx875xrex2.cloudfront.net/qjE0AFxSpm_1-2.png,meta:og:image,1,200,image/png,665374,f2b6eec8960d7da8e8b1cf9abdabbf370352cb691e3cbcde10e531b7487b75da,da_tai,0,data\du_lieu_logo\anh_goc\san_pham_0045\anh_001_f2b6eec8.png,dau_hieu_gallery=gallery|image
anh_000186,san_pham_0045,2,anh_002_6a11146a.png,data\du_lieu_logo\anh_goc\san_pham_0045\anh_002_6a11146a.png,https://hathyo.com/product/185,https://d134sx875xrex2.cloudfront.net/NjQSszv6WJ_9.png,meta:og:image,1,200,image/png,457151,6a11146af833665796d7743582002d493232ba5948b142eb0d661db428c75b37,da_tai,0,data\du_lieu_logo\anh_goc\san_pham_0045\anh_002_6a11146a.png,dau_hieu_gallery=gallery|image
anh_000187,san_pham_0045,3,anh_003_7a854e8b.png,data\du_lieu_logo\anh_goc\san_pham_0045\anh_003_7a854e8b.png,https://hathyo.com/product/185,https://d134sx875xrex2.cloudfront.net/oFH2RQbLeh_4.png,meta:og:image,1,200,image/png,1205806,7a854e8b158823e0ca3fae6577ac2416ad2e02280b97bae84021a6ce71ff3ebe,da_tai,0,data\du_lieu_logo\anh_goc\san_pham_0045\anh_003_7a854e8b.png,dau_hieu_gallery=gallery|image
anh_000188,san_pham_0045,4,anh_004_fb6111d6.jpg,data\du_lieu_logo\anh_goc\san_pham_0045\anh_004_fb6111d6.jpg,https://hathyo.com/product/185,https://d134sx875xrex2.cloudfront.net/v6jW911q3t_5-1024x1024.jpg,meta:og:image,1,200,image/jpeg,104825,fb6111d6fb48e6b96c2479b912b207594c6fd1e7c299d61c1c535e138c605353,da_tai,0,data\du_lieu_logo\anh_goc\san_pham_0045\anh_004_fb6111d6.jpg,dau_hieu_gallery=gallery|image
anh_000189,san_pham_0045,5,anh_005_d5529bfd.png,data\du_lieu_logo\anh_goc\san_pham_0045\anh_005_d5529bfd.png,https://hathyo.com/product/185,https://d134sx875xrex2.cloudfront.net/ISgzIt9kyT_8.png,meta:og:image,1,200,image/png,194596,d5529bfd798ea976e4d216bd8725ef0f936ce0662dba4c551d21447db53e9e73,da_tai,0,data\du_lieu_logo\anh_goc\san_pham_0045\anh_005_d5529bfd.png,dau_hieu_gallery=gallery|image
anh_000190,san_pham_0045,6,anh_006_630825e8.jpg,data\du_lieu_logo\anh_goc\san_pham_0045\anh_006_630825e8.jpg,https://hathyo.com/product/185,https://d134sx875xrex2.cloudfront.net/LoGYDepkAp_46cec7f6618ed5d08c9f.jpg,meta:og:image,1,200,image/jpeg,147640,630825e8285ade7338c378b81ca545f5764316f57417b8c7327e4ce54f7dd431,da_tai,0,data\du_lieu_logo\anh_goc\san_pham_0045\anh_006_630825e8.jpg,dau_hieu_gallery=gallery|image
anh_000191,san_pham_0045,7,anh_007_79578807.jpg,data\du_lieu_logo\anh_goc\san_pham_0045\anh_007_79578807.jpg,https://hathyo.com/product/185,https://d134sx875xrex2.cloudfront.net/RTncmrvAQa_SGS%20-%20DDC%20-%20Ki%E1%BB%83m%20nghi%E1%BB%87m%20ATTP%202025_page-0001.jpg,meta:og:image,1,200,image/jpeg,752466,795788074a622584b192bd8d132ba42b916c27010b3e69328520d8373ff04927,da_tai,0,data\du_lieu_logo\anh_goc\san_pham_0045\anh_007_79578807.jpg,dau_hieu_gallery=gallery|image
anh_000192,san_pham_0045,8,anh_008_400d7378.jpg,data\du_lieu_logo\anh_goc\san_pham_0045\anh_008_400d7378.jpg,https://hathyo.com/product/185,https://d134sx875xrex2.cloudfront.net/ZI8tcYtQC2_SGS%20-%20DDC%20-%20Ki%E1%BB%83m%20nghi%E1%BB%87m%20ATTP%202025_page-0003.jpg,meta:og:image,1,200,image/jpeg,1448427,400d7378a4cf3b6eedb952eef2ce63694300be032a2342c24a4ebbeafbd40867,da_tai,0,data\du_lieu_logo\anh_goc\san_pham_0045\anh_008_400d7378.jpg,dau_hieu_gallery=gallery|image
anh_000193,san_pham_0045,9,anh_009_644eeee0.jpg,data\du_lieu_logo\anh_goc\san_pham_0045\anh_009_644eeee0.jpg,https://hathyo.com/product/185,https://d134sx875xrex2.cloudfront.net/oPQDmNAdYU_SGS%20-%20DDC%20-%20Ki%E1%BB%83m%20nghi%E1%BB%87m%20ATTP%202025_page-0004.jpg,meta:og:image,1,200,image/jpeg,752511,644eeee06b3b506731c6c3e8c696e6b9fbdc04c35ec068fdcc4f607c72631e28,da_tai,0,data\du_lieu_logo\anh_goc\san_pham_0045\anh_009_644eeee0.jpg,dau_hieu_gallery=gallery|image
anh_000194,san_pham_0046,1,anh_001_84569049.png,data\du_lieu_logo\anh_goc\san_pham_0046\anh_001_84569049.png,https://hathyo.com/product/186,https://d134sx875xrex2.cloudfront.net/yQWOqcnLAe_4-1.png,meta:og:image,1,200,image/png,1150982,845690496c8cf70dbcc157b1bb195fc96d430709ccae1606c81dee1ab8cbbecb,da_tai,0,data\du_lieu_logo\anh_goc\san_pham_0046\anh_001_84569049.png,dau_hieu_gallery=gallery|image
anh_000195,san_pham_0046,2,anh_002_557cd770.png,data\du_lieu_logo\anh_goc\san_pham_0046\anh_002_557cd770.png,https://hathyo.com/product/186,https://d134sx875xrex2.cloudfront.net/YdDlFTmAjX_2-2.png,meta:og:image,1,200,image/png,636900,557cd770c4b93d2e865344fbb9d901f4302c5462cd877aa42ebf1ee73d5e2434,da_tai,0,data\du_lieu_logo\anh_goc\san_pham_0046\anh_002_557cd770.png,dau_hieu_gallery=gallery|image
anh_000196,san_pham_0046,3,anh_003_60329ded.png,data\du_lieu_logo\anh_goc\san_pham_0046\anh_003_60329ded.png,https://hathyo.com/product/186,https://d134sx875xrex2.cloudfront.net/NJpCySj80b_3-3.png,meta:og:image,1,200,image/png,554289,60329ded28daeb447e5fe1175b5e74ca8b3d24e527e53bcb7d48445cd0a3de7d,da_tai,0,data\du_lieu_logo\anh_goc\san_pham_0046\anh_003_60329ded.png,dau_hieu_gallery=gallery|image
anh_000197,san_pham_0046,4,anh_004_f11a17b2.png,data\du_lieu_logo\anh_goc\san_pham_0046\anh_004_f11a17b2.png,https://hathyo.com/product/186,https://d134sx875xrex2.cloudfront.net/rhiIJKAG8Q_5.png,meta:og:image,1,200,image/png,639615,f11a17b24f103ba70b5334528724b7fc2726842d71ae06da4f90d34e0322911c,da_tai,0,data\du_lieu_logo\anh_goc\san_pham_0046\anh_004_f11a17b2.png,dau_hieu_gallery=gallery|image
anh_000198,san_pham_0046,5,anh_005_2f280f23.png,data\du_lieu_logo\anh_goc\san_pham_0046\anh_005_2f280f23.png,https://hathyo.com/product/186,https://d134sx875xrex2.cloudfront.net/e48GjEU4AX_BATT-cong-dung.png,meta:og:image,1,200,image/png,334460,2f280f2315fca7f349a80d24c38ef954d1844a2286f9887a2b055045070e707f,da_tai,0,data\du_lieu_logo\anh_goc\san_pham_0046\anh_005_2f280f23.png,dau_hieu_gallery=gallery|image
anh_000199,san_pham_0046,6,anh_006_eff4f678.jpg,data\du_lieu_logo\anh_goc\san_pham_0046\anh_006_eff4f678.jpg,https://hathyo.com/product/186,https://d134sx875xrex2.cloudfront.net/XEWr9jkuXB_SGS%20-%20BATT%20-%20Ki%E1%BB%83m%20nghi%E1%BB%87m%20ATTP%202025_page-0001.jpg,meta:og:image,1,200,image/jpeg,747608,eff4f6783bf7834694cf1c75fb0a13c4c68b6a71d1b2c59850e4cbe9f862e086,da_tai,0,data\du_lieu_logo\anh_goc\san_pham_0046\anh_006_eff4f678.jpg,dau_hieu_gallery=gallery|image
anh_000200,san_pham_0046,7,anh_007_0298852c.jpg,data\du_lieu_logo\anh_goc\san_pham_0046\anh_007_0298852c.jpg,https://hathyo.com/product/186,https://d134sx875xrex2.cloudfront.net/9Xkli7RCYq_SGS%20-%20BATT%20-%20Ki%E1%BB%83m%20nghi%E1%BB%87m%20ATTP%202025_page-0002.jpg,meta:og:image,1,200,image/jpeg,907020,0298852cfdb2d81fd8cc33a6747c5dee480ffa1f645fb3f2b8b6b9959b2ad8b5,da_tai,0,data\du_lieu_logo\anh_goc\san_pham_0046\anh_007_0298852c.jpg,dau_hieu_gallery=gallery|image
anh_000201,san_pham_0046,8,anh_008_00f943f1.jpg,data\du_lieu_logo\anh_goc\san_pham_0046\anh_008_00f943f1.jpg,https://hathyo.com/product/186,https://d134sx875xrex2.cloudfront.net/hlOHLANKTR_SGS%20-%20BATT%20-%20Ki%E1%BB%83m%20nghi%E1%BB%87m%20ATTP%202025_page-0003.jpg,meta:og:image,1,200,image/jpeg,1438369,00f943f1d483329f6fbdb7dbc14a3f5292b92759686eee6444977efc52d64668,da_tai,0,data\du_lieu_logo\anh_goc\san_pham_0046\anh_008_00f943f1.jpg,dau_hieu_gallery=gallery|image
anh_000202,san_pham_0046,9,anh_009_24f8509e.jpg,data\du_lieu_logo\anh_goc\san_pham_0046\anh_009_24f8509e.jpg,https://hathyo.com/product/186,https://d134sx875xrex2.cloudfront.net/0hkSYETnBR_SGS%20-%20BATT%20-%20Ki%E1%BB%83m%20nghi%E1%BB%87m%20ATTP%202025_page-0004.jpg,meta:og:image,1,200,image/jpeg,761989,24f8509ee91f82f530ec57cb9e538742567292d68bbb8d8fc81f4a23660a6d15,da_tai,0,data\du_lieu_logo\anh_goc\san_pham_0046\anh_009_24f8509e.jpg,dau_hieu_gallery=gallery|image
anh_000203,san_pham_0047,1,anh_001_563a6ecf.jpg,data\du_lieu_logo\anh_goc\san_pham_0047\anh_001_563a6ecf.jpg,https://hathyo.com/product/189,https://d134sx875xrex2.cloudfront.net/KH2zVsHvnY_z7862270834369_1dd325512440d443470d5e60cf633ed5.jpg,meta:og:image,1,200,image/jpeg,226810,563a6ecf473f2fcb0b9c3de703c5bfdc4e835be9dc6991bee2aac6631c4a5210,da_tai,0,data\du_lieu_logo\anh_goc\san_pham_0047\anh_001_563a6ecf.jpg,dau_hieu_gallery=gallery|image
anh_000204,san_pham_0047,2,anh_002_fc10e03a.jpg,data\du_lieu_logo\anh_goc\san_pham_0047\anh_002_fc10e03a.jpg,https://hathyo.com/product/189,https://d134sx875xrex2.cloudfront.net/VP4ZClf5Ol_z7862270841769_7f70d591cb9c0c2f84d250dbe426d943.jpg,meta:og:image,1,200,image/jpeg,241456,fc10e03a7cdc7ac3847fa4ce6f0bb752004492a16194be32b70f1e2539d80e06,da_tai,0,data\du_lieu_logo\anh_goc\san_pham_0047\anh_002_fc10e03a.jpg,dau_hieu_gallery=gallery|image
anh_000205,san_pham_0047,3,anh_003_83403595.jpg,data\du_lieu_logo\anh_goc\san_pham_0047\anh_003_83403595.jpg,https://hathyo.com/product/189,https://d134sx875xrex2.cloudfront.net/QA7vj1v3Ei_z7862270847901_e03ec65f8d88bc548949d2fa9e9e8079.jpg,meta:og:image,1,200,image/jpeg,152123,834035956c3c5333c49aea46c14d8c5bc69e412af210e1a5563f371dd4396c5c,da_tai,0,data\du_lieu_logo\anh_goc\san_pham_0047\anh_003_83403595.jpg,dau_hieu_gallery=gallery|image
anh_000206,san_pham_0047,4,anh_004_68151114.jpg,data\du_lieu_logo\anh_goc\san_pham_0047\anh_004_68151114.jpg,https://hathyo.com/product/189,https://d134sx875xrex2.cloudfront.net/ffDehHetvd_z7862296186724_92dd7b9f107e591a4e39beb00dcfbb1e.jpg,meta:og:image,1,200,image/jpeg,893313,681511144c16797ef95da1746cda699b239f7852c9b3cd01430b45d55b90ca14,da_tai,0,data\du_lieu_logo\anh_goc\san_pham_0047\anh_004_68151114.jpg,dau_hieu_gallery=gallery|image
anh_000207,san_pham_0048,1,anh_001_3862c8c3.jpg,data\du_lieu_logo\anh_goc\san_pham_0048\anh_001_3862c8c3.jpg,https://hathyo.com/product/190,https://d134sx875xrex2.cloudfront.net/1lVhAGKsNi_z7862270783950_7de6013af080900615c9c5a0fac7208f.jpg,meta:og:image,1,200,image/jpeg,212160,3862c8c3192273c1165e8a6b9e3eef99cc43e429ae660b07b89ecd9caac9ddf0,da_tai,0,data\du_lieu_logo\anh_goc\san_pham_0048\anh_001_3862c8c3.jpg,dau_hieu_gallery=gallery|image
anh_000208,san_pham_0048,2,anh_002_f5c49729.jpg,data\du_lieu_logo\anh_goc\san_pham_0048\anh_002_f5c49729.jpg,https://hathyo.com/product/190,https://d134sx875xrex2.cloudfront.net/PihFvxZZWO_z7862270747901_ac58e8280f5e86a9b2551eec15c47006.jpg,meta:og:image,1,200,image/jpeg,279006,f5c4972910cb7868e553a956a05368fb12029ca965c4da8ce92bb413f711490f,da_tai,0,data\du_lieu_logo\anh_goc\san_pham_0048\anh_002_f5c49729.jpg,dau_hieu_gallery=gallery|image
anh_000209,san_pham_0048,3,anh_003_d65de4b1.jpg,data\du_lieu_logo\anh_goc\san_pham_0048\anh_003_d65de4b1.jpg,https://hathyo.com/product/190,https://d134sx875xrex2.cloudfront.net/Pt72mQUsRU_z7862270755701_277e41b39f43488652a12f8c9068564f.jpg,meta:og:image,1,200,image/jpeg,184511,d65de4b1202bcac1f95c576b5a96a6757ba7f32eb0821246d6f50e2c2997fe3e,da_tai,0,data\du_lieu_logo\anh_goc\san_pham_0048\anh_003_d65de4b1.jpg,dau_hieu_gallery=gallery|image
anh_000210,san_pham_0048,4,anh_004_97b982db.jpg,data\du_lieu_logo\anh_goc\san_pham_0048\anh_004_97b982db.jpg,https://hathyo.com/product/190,https://d134sx875xrex2.cloudfront.net/YaaFEgDGt1_z7862270763880_4c0d90e2c1a9769958606d44296069d6.jpg,meta:og:image,1,200,image/jpeg,180597,97b982db2f8ff830a6b1e5ffcdb86ab49ac9a53d176bb4e1142c3f70a322b08d,da_tai,0,data\du_lieu_logo\anh_goc\san_pham_0048\anh_004_97b982db.jpg,dau_hieu_gallery=gallery|image
anh_000211,san_pham_0048,5,anh_005_ec191995.jpg,data\du_lieu_logo\anh_goc\san_pham_0048\anh_005_ec191995.jpg,https://hathyo.com/product/190,https://d134sx875xrex2.cloudfront.net/Ky8Vn6CVGm_z7862270773164_8821e56f0171dd133a04c103a4fa7ba9.jpg,meta:og:image,1,200,image/jpeg,164377,ec191995b28365daa5bb0a77532f3ca02c5df06565c32068c6fdbe7aad03c6c4,da_tai,0,data\du_lieu_logo\anh_goc\san_pham_0048\anh_005_ec191995.jpg,dau_hieu_gallery=gallery|image
anh_000212,san_pham_0048,6,anh_006_070190a7.jpg,data\du_lieu_logo\anh_goc\san_pham_0048\anh_006_070190a7.jpg,https://hathyo.com/product/190,https://d134sx875xrex2.cloudfront.net/NgO0wQsGlq_z7862296176970_4b9d49a31b54ef598382e27828392430.jpg,meta:og:image,1,200,image/jpeg,526856,070190a7337cb8c8db11dbd931d7460d559955f7ad883bb71c27ec236f7fcc05,da_tai,0,data\du_lieu_logo\anh_goc\san_pham_0048\anh_006_070190a7.jpg,dau_hieu_gallery=gallery|image
anh_000213,san_pham_0049,1,anh_001_3e527a4c.jpg,data\du_lieu_logo\anh_goc\san_pham_0049\anh_001_3e527a4c.jpg,https://hathyo.com/product/191,https://d134sx875xrex2.cloudfront.net/c341v7j7WL_z7862270799236_ac3b2b1278dc4a34e328bcad8ff73c26.jpg,meta:og:image,1,200,image/jpeg,202236,3e527a4cb318556deaa43dc3d7559de9ca7aa250c619cef1673111baf8e74ded,da_tai,0,data\du_lieu_logo\anh_goc\san_pham_0049\anh_001_3e527a4c.jpg,dau_hieu_gallery=gallery|image
anh_000214,san_pham_0049,2,anh_002_9b3e8ac1.jpg,data\du_lieu_logo\anh_goc\san_pham_0049\anh_002_9b3e8ac1.jpg,https://hathyo.com/product/191,https://d134sx875xrex2.cloudfront.net/zS91yzjCqN_z7862270790365_c7bf413df6af0b4c48ed78d2650459a6.jpg,meta:og:image,1,200,image/jpeg,142992,9b3e8ac18d7762571371d966f93cdeee5f649e994ce4cee92a0f81677570eee3,da_tai,0,data\du_lieu_logo\anh_goc\san_pham_0049\anh_002_9b3e8ac1.jpg,dau_hieu_gallery=gallery|image
anh_000215,san_pham_0049,3,anh_003_f6a212cf.jpg,data\du_lieu_logo\anh_goc\san_pham_0049\anh_003_f6a212cf.jpg,https://hathyo.com/product/191,https://d134sx875xrex2.cloudfront.net/J5AM1TaMO0_z7862270808859_0b4894d0449e719f6f8aca99ba8f078e.jpg,meta:og:image,1,200,image/jpeg,159520,f6a212cfdcacb557dba36bc51b0bfd49912843e7bac534c625bfde10c43762c1,da_tai,0,data\du_lieu_logo\anh_goc\san_pham_0049\anh_003_f6a212cf.jpg,dau_hieu_gallery=gallery|image
anh_000216,san_pham_0049,4,anh_004_89a7368d.jpg,data\du_lieu_logo\anh_goc\san_pham_0049\anh_004_89a7368d.jpg,https://hathyo.com/product/191,https://d134sx875xrex2.cloudfront.net/Zqnq4sVrk5_z7862270823191_a18747c38dff3cb1bd9567f65c7dbbc5.jpg,meta:og:image,1,200,image/jpeg,258426,89a7368dadd1e497b8af215817965f1c2f080ab11274eec9a74d26e51fd39c60,da_tai,0,data\du_lieu_logo\anh_goc\san_pham_0049\anh_004_89a7368d.jpg,dau_hieu_gallery=gallery|image
anh_000217,san_pham_0049,5,anh_005_d6787684.jpg,data\du_lieu_logo\anh_goc\san_pham_0049\anh_005_d6787684.jpg,https://hathyo.com/product/191,https://d134sx875xrex2.cloudfront.net/2YdArRP3h9_z7862296148566_2ee09bca2124f4849246fdbbce5312ba.jpg,meta:og:image,1,200,image/jpeg,745658,d6787684ff1531641f822d6e00828537abbbd946651f78c10f94b6dcdf0fa0c1,da_tai,0,data\du_lieu_logo\anh_goc\san_pham_0049\anh_005_d6787684.jpg,dau_hieu_gallery=gallery|image
anh_000218,san_pham_0050,1,anh_001_a015da7e.jpg,data\du_lieu_logo\anh_goc\san_pham_0050\anh_001_a015da7e.jpg,https://hathyo.com/product/192,https://d134sx875xrex2.cloudfront.net/8Y3tISvNyy_z7862290996545_5fc540eabd5f00d435e12f0c87910a9b.jpg,meta:og:image,1,200,image/jpeg,667919,a015da7eaed4852f3333e96f71d67436ba93442f66656dad3251cfe7b2ea5799,da_tai,0,data\du_lieu_logo\anh_goc\san_pham_0050\anh_001_a015da7e.jpg,dau_hieu_gallery=gallery|image
anh_000219,san_pham_0050,2,anh_002_95b08982.jpg,data\du_lieu_logo\anh_goc\san_pham_0050\anh_002_95b08982.jpg,https://hathyo.com/product/192,https://d134sx875xrex2.cloudfront.net/TUePej4f3W_z7862296142365_ad1251c192eac01e087b31de0f3ef808.jpg,meta:og:image,1,200,image/jpeg,740855,95b08982fc728a84f7e4c5d7c850bb6d0eb833c069b00358c478bd9e390178f9,da_tai,0,data\du_lieu_logo\anh_goc\san_pham_0050\anh_002_95b08982.jpg,dau_hieu_gallery=gallery|image
anh_000220,san_pham_0051,1,anh_001_72699c96.jpg,data\du_lieu_logo\anh_goc\san_pham_0051\anh_001_72699c96.jpg,https://hathyo.com/product/193,https://d134sx875xrex2.cloudfront.net/zLsibenV3h_z7862270890765_72f28d72953ac1e1c77739a5913e7b3c.jpg,meta:og:image,1,200,image/jpeg,322899,72699c96c156c36196e329b1359036271cd7481547a5f377d744a42987927a55,da_tai,0,data\du_lieu_logo\anh_goc\san_pham_0051\anh_001_72699c96.jpg,dau_hieu_gallery=gallery|image
anh_000221,san_pham_0051,2,anh_002_f1443a7a.jpg,data\du_lieu_logo\anh_goc\san_pham_0051\anh_002_f1443a7a.jpg,https://hathyo.com/product/193,https://d134sx875xrex2.cloudfront.net/FMdlJiRU07_z7862270899540_84bd9172aabb80dda1bdbc3be6258d6e.jpg,meta:og:image,1,200,image/jpeg,326197,f1443a7a2c62400c6a81d16ef96e14e5ad69314f36292c5967223a9c91baf181,da_tai,0,data\du_lieu_logo\anh_goc\san_pham_0051\anh_002_f1443a7a.jpg,dau_hieu_gallery=gallery|image
anh_000222,san_pham_0051,3,anh_003_42fc0586.jpg,data\du_lieu_logo\anh_goc\san_pham_0051\anh_003_42fc0586.jpg,https://hathyo.com/product/193,https://d134sx875xrex2.cloudfront.net/1YxC4GBA3l_z7862270909580_56159810b59842b24ae4d25e62840794.jpg,meta:og:image,1,200,image/jpeg,171858,42fc0586119dc1dfc06bd9db2c34069939871a2be268c3d9763ebd98eabee735,da_tai,0,data\du_lieu_logo\anh_goc\san_pham_0051\anh_003_42fc0586.jpg,dau_hieu_gallery=gallery|image
anh_000223,san_pham_0051,4,anh_004_0c92e8d5.jpg,data\du_lieu_logo\anh_goc\san_pham_0051\anh_004_0c92e8d5.jpg,https://hathyo.com/product/193,https://d134sx875xrex2.cloudfront.net/Cf8NxiKBh9_z7862270917688_b29e69037ddd95b7677b2c3fd71bcdea.jpg,meta:og:image,1,200,image/jpeg,149642,0c92e8d5d9f84ef9dd06990f2b9e8a618cb3f8f89baf111534b89e14238f4c5f,da_tai,0,data\du_lieu_logo\anh_goc\san_pham_0051\anh_004_0c92e8d5.jpg,dau_hieu_gallery=gallery|image
anh_000224,san_pham_0051,5,anh_005_7da4df1c.jpg,data\du_lieu_logo\anh_goc\san_pham_0051\anh_005_7da4df1c.jpg,https://hathyo.com/product/193,https://d134sx875xrex2.cloudfront.net/YVpW6bOT9t_z7862296134939_03ae5364cb8172acefee5b136e43efb5.jpg,meta:og:image,1,200,image/jpeg,767051,7da4df1c0b9754aa7967456a66174bf30d4bc95857cc2c7ee2a29efe1d855883,da_tai,0,data\du_lieu_logo\anh_goc\san_pham_0051\anh_005_7da4df1c.jpg,dau_hieu_gallery=gallery|image
anh_000225,san_pham_0052,1,anh_001_d88c3a9c.jpg,data\du_lieu_logo\anh_goc\san_pham_0052\anh_001_d88c3a9c.jpg,https://hathyo.com/product/194,https://d134sx875xrex2.cloudfront.net/ijdHB18Dam_z7862270854687_e9e032033501daf4533abaaf59416267.jpg,meta:og:image,1,200,image/jpeg,277275,d88c3a9c6e3ccb79cb3f277def4f37e06953a3415aaee00da586ebbc0381e644,da_tai,0,data\du_lieu_logo\anh_goc\san_pham_0052\anh_001_d88c3a9c.jpg,dau_hieu_gallery=gallery|image
anh_000226,san_pham_0052,2,anh_002_2da5ae86.jpg,data\du_lieu_logo\anh_goc\san_pham_0052\anh_002_2da5ae86.jpg,https://hathyo.com/product/194,https://d134sx875xrex2.cloudfront.net/L4j42YVn5B_z7862270867136_accba9ee54b3057ce4b4c50250f8af4f.jpg,meta:og:image,1,200,image/jpeg,296045,2da5ae86ada1d1400c5613cbed2bc9bf239e595a4bbe52fc695ce6a444131a1e,da_tai,0,data\du_lieu_logo\anh_goc\san_pham_0052\anh_002_2da5ae86.jpg,dau_hieu_gallery=gallery|image
anh_000227,san_pham_0052,3,anh_003_9f7144d9.jpg,data\du_lieu_logo\anh_goc\san_pham_0052\anh_003_9f7144d9.jpg,https://hathyo.com/product/194,https://d134sx875xrex2.cloudfront.net/9zNdQX5eDH_z7862270872306_0c69c80ceefc75e5558c9c5b697b9961.jpg,meta:og:image,1,200,image/jpeg,252548,9f7144d974aa6404c1875b593a0739586aea8d88696f084f7377ebf21dfca28a,da_tai,0,data\du_lieu_logo\anh_goc\san_pham_0052\anh_003_9f7144d9.jpg,dau_hieu_gallery=gallery|image
anh_000228,san_pham_0052,4,anh_004_b2682b15.jpg,data\du_lieu_logo\anh_goc\san_pham_0052\anh_004_b2682b15.jpg,https://hathyo.com/product/194,https://d134sx875xrex2.cloudfront.net/QFdoXiDRfH_z7862270814700_26196b6ef4fa9bb0dc3a32b23683495e.jpg,meta:og:image,1,200,image/jpeg,171635,b2682b15486cb152c75ae8a0dd761fad0c65600fae24d3348965771fa9a805f5,da_tai,0,data\du_lieu_logo\anh_goc\san_pham_0052\anh_004_b2682b15.jpg,dau_hieu_gallery=gallery|image
anh_000229,san_pham_0052,5,anh_005_561258fa.jpg,data\du_lieu_logo\anh_goc\san_pham_0052\anh_005_561258fa.jpg,https://hathyo.com/product/194,https://d134sx875xrex2.cloudfront.net/kKdFMVSiA0_z7862270881684_1a6cf8ff00072488e18e198cf664e526.jpg,meta:og:image,1,200,image/jpeg,312627,561258fafbcbab44976facf1db828477431b362efee5ce28c5435a1214a07c69,da_tai,0,data\du_lieu_logo\anh_goc\san_pham_0052\anh_005_561258fa.jpg,dau_hieu_gallery=gallery|image
anh_000230,san_pham_0052,6,anh_006_aeb09e9f.jpg,data\du_lieu_logo\anh_goc\san_pham_0052\anh_006_aeb09e9f.jpg,https://hathyo.com/product/194,https://d134sx875xrex2.cloudfront.net/oAvZzlrHaO_z7862296159631_795538f06a5f87b29de0aafa4de00b7a.jpg,meta:og:image,1,200,image/jpeg,616625,aeb09e9f6c330efca84783a8e5de9b43f475b5e151bcc0fe996c6fd9b773023e,da_tai,0,data\du_lieu_logo\anh_goc\san_pham_0052\anh_006_aeb09e9f.jpg,dau_hieu_gallery=gallery|image
anh_000231,san_pham_0053,1,anh_001_741db9a7.jpg,data\du_lieu_logo\anh_goc\san_pham_0053\anh_001_741db9a7.jpg,https://hathyo.com/product/195,https://d134sx875xrex2.cloudfront.net/dmsLAKBG3i_z7862280693477_55ff96eca4ca60e29943128c9ad84ed3.jpg,meta:og:image,1,200,image/jpeg,1208980,741db9a7b8c2bc9b9ba9251e1d6275bc7f58d01ee1bbcef87eec0ea121600053,da_tai,0,data\du_lieu_logo\anh_goc\san_pham_0053\anh_001_741db9a7.jpg,dau_hieu_gallery=gallery|image
anh_000232,san_pham_0053,2,anh_002_2a243edc.jpg,data\du_lieu_logo\anh_goc\san_pham_0053\anh_002_2a243edc.jpg,https://hathyo.com/product/195,https://d134sx875xrex2.cloudfront.net/gbYSeHT6XT_z7862280711166_8f5f787c28ca60838ccd413081dbc997.jpg,meta:og:image,1,200,image/jpeg,1294039,2a243edc0b6b194d1a21cc1e937484b9b82e0d5febd27b798ba541d263a9b92e,da_tai,0,data\du_lieu_logo\anh_goc\san_pham_0053\anh_002_2a243edc.jpg,dau_hieu_gallery=gallery|image
anh_000233,san_pham_0054,1,anh_001_b2533d6f.jpg,data\du_lieu_logo\anh_goc\san_pham_0054\anh_001_b2533d6f.jpg,https://hathyo.com/product/196,https://d134sx875xrex2.cloudfront.net/4jsaOoO9MO_z7862280686839_a3402fcd3429092fdde25e8c88d73abb.jpg,meta:og:image,1,200,image/jpeg,1046327,b2533d6fe1ffa45cdfff32d7b610016ddbfbea3c873a6ee2de7e590766a26236,da_tai,0,data\du_lieu_logo\anh_goc\san_pham_0054\anh_001_b2533d6f.jpg,dau_hieu_gallery=gallery|image
anh_000234,san_pham_0055,1,anh_001_8702fa96.jpg,data\du_lieu_logo\anh_goc\san_pham_0055\anh_001_8702fa96.jpg,https://hathyo.com/product/197,https://d134sx875xrex2.cloudfront.net/41D4H2v8Fq_z7862280702153_a790a7e9fb112214b34fa30110730424.jpg,meta:og:image,1,200,image/jpeg,1117801,8702fa96d64dceaab8f85a46ece371ab53a1cadce40d665d3f205160dcc5dd92,da_tai,0,data\du_lieu_logo\anh_goc\san_pham_0055\anh_001_8702fa96.jpg,dau_hieu_gallery=gallery|image
anh_000235,san_pham_0056,1,anh_001_ccc37b31.jpg,data\du_lieu_logo\anh_goc\san_pham_0056\anh_001_ccc37b31.jpg,https://hathyo.com/product/210,https://d134sx875xrex2.cloudfront.net/Pce9JoOf4J_z7877758769615_30f9aa79281401b564f7d2cfb590eb46.jpg,meta:og:image,1,200,image/jpeg,252646,ccc37b318ff04358ab5cfc326a8caedf370e65bdcaa5cc06cb71476af911f076,da_tai,0,data\du_lieu_logo\anh_goc\san_pham_0056\anh_001_ccc37b31.jpg,dau_hieu_gallery=gallery|image
anh_000236,san_pham_0056,2,anh_002_aba5d904.jpg,data\du_lieu_logo\anh_goc\san_pham_0056\anh_002_aba5d904.jpg,https://hathyo.com/product/210,https://d134sx875xrex2.cloudfront.net/YpSf6fGNZ8_z7877758777477_4cab0a660a0cd1e31fd8a86273b1baeb.jpg,meta:og:image,1,200,image/jpeg,465992,aba5d904bc9fb224d80c45f1a91e8fae8dfb065fcff2e02ff78dbd95b143b3d0,da_tai,0,data\du_lieu_logo\anh_goc\san_pham_0056\anh_002_aba5d904.jpg,dau_hieu_gallery=gallery|image
anh_000237,san_pham_0056,3,anh_003_834a4bdd.jpg,data\du_lieu_logo\anh_goc\san_pham_0056\anh_003_834a4bdd.jpg,https://hathyo.com/product/210,https://d134sx875xrex2.cloudfront.net/c4DIbup4ln_z7877758723805_b101fb96367c98611accd96d52c3cf30.jpg,meta:og:image,1,200,image/jpeg,200757,834a4bddffdb58fc79438fdd59a85563b468d958f3a34394667fe3817241941e,da_tai,0,data\du_lieu_logo\anh_goc\san_pham_0056\anh_003_834a4bdd.jpg,dau_hieu_gallery=gallery|image
anh_000238,san_pham_0056,4,anh_004_3574f459.jpg,data\du_lieu_logo\anh_goc\san_pham_0056\anh_004_3574f459.jpg,https://hathyo.com/product/210,https://d134sx875xrex2.cloudfront.net/7wYs8uY0RD_z7877758732501_5bf61531d68bddbbdcf5affe59adec59.jpg,meta:og:image,1,200,image/jpeg,83807,3574f45980e7896378e1b1f1e9c1e45b28fd42923c9f9e825d4f80340b3b529d,da_tai,0,data\du_lieu_logo\anh_goc\san_pham_0056\anh_004_3574f459.jpg,dau_hieu_gallery=gallery|image
anh_000239,san_pham_0056,5,anh_005_8a0e77d6.jpg,data\du_lieu_logo\anh_goc\san_pham_0056\anh_005_8a0e77d6.jpg,https://hathyo.com/product/210,https://d134sx875xrex2.cloudfront.net/z04MofleJ7_z7877758755126_0ddd73bc629871c651e905b103388383.jpg,meta:og:image,1,200,image/jpeg,94465,8a0e77d6592ae7e3fca0fb0960134331c5ebfa5f6fc1409444901d8140949360,da_tai,0,data\du_lieu_logo\anh_goc\san_pham_0056\anh_005_8a0e77d6.jpg,dau_hieu_gallery=gallery|image
anh_000240,san_pham_0056,6,anh_006_00ecd195.jpg,data\du_lieu_logo\anh_goc\san_pham_0056\anh_006_00ecd195.jpg,https://hathyo.com/product/210,https://d134sx875xrex2.cloudfront.net/Rg4NCLk4Km_z7877758739902_699df1bb24bf367d60cf10a6020c2336.jpg,meta:og:image,1,200,image/jpeg,106615,00ecd19571a90f61c68872b922be2f1e6dbdf6f59efc479aa415eba48302260f,da_tai,0,data\du_lieu_logo\anh_goc\san_pham_0056\anh_006_00ecd195.jpg,dau_hieu_gallery=gallery|image
anh_000241,san_pham_0056,7,anh_007_cd21890d.jpg,data\du_lieu_logo\anh_goc\san_pham_0056\anh_007_cd21890d.jpg,https://hathyo.com/product/210,https://d134sx875xrex2.cloudfront.net/jToYqKRQ9R_z7877758720099_986ac09af9e4e3ff4e81d7a244529b1a.jpg,meta:og:image,1,200,image/jpeg,117926,cd21890d4aafa929a5de7230c729349d9405d0e8c44796df050dd0ddb5ab7c30,da_tai,0,data\du_lieu_logo\anh_goc\san_pham_0056\anh_007_cd21890d.jpg,dau_hieu_gallery=gallery|image
anh_000242,san_pham_0056,8,anh_008_6136f39a.jpg,data\du_lieu_logo\anh_goc\san_pham_0056\anh_008_6136f39a.jpg,https://hathyo.com/product/210,https://d134sx875xrex2.cloudfront.net/fY6VtmpRwR_z7877758761783_01da9b3f168d4abdd7934f315444d3aa.jpg,meta:og:image,1,200,image/jpeg,143558,6136f39a44b3393c5c1f65b225b95acd4e6ad81e42f5a2d631b54e24883dbe69,da_tai,0,data\du_lieu_logo\anh_goc\san_pham_0056\anh_008_6136f39a.jpg,dau_hieu_gallery=gallery|image
anh_000243,san_pham_0057,1,anh_001_b86e11da.jpg,data\du_lieu_logo\anh_goc\san_pham_0057\anh_001_b86e11da.jpg,https://hathyo.com/product/212,https://d134sx875xrex2.cloudfront.net/2uei7uZakA_rn.jpg,meta:og:image,1,200,image/jpeg,339017,b86e11da9a88d6de26e5ebff7c70dbc6ef1c70cfaef69e10b97e1fd2edf8b19b,da_tai,0,data\du_lieu_logo\anh_goc\san_pham_0057\anh_001_b86e11da.jpg,dau_hieu_gallery=gallery|image
anh_000244,san_pham_0057,2,anh_002_747e169c.jpg,data\du_lieu_logo\anh_goc\san_pham_0057\anh_002_747e169c.jpg,https://hathyo.com/product/212,https://d134sx875xrex2.cloudfront.net/uohexYpeG4_B%E1%BA%A3n%20cam%20k%E1%BA%BFt_page-0001.jpg,meta:og:image,1,200,image/jpeg,1331208,747e169c02a8bbf8c992b78b6b4763038210ae575b8544a5548d4a592567ab68,da_tai,0,data\du_lieu_logo\anh_goc\san_pham_0057\anh_002_747e169c.jpg,dau_hieu_gallery=gallery|image
anh_000245,san_pham_0057,3,anh_003_7187fe7a.jpg,data\du_lieu_logo\anh_goc\san_pham_0057\anh_003_7187fe7a.jpg,https://hathyo.com/product/212,https://d134sx875xrex2.cloudfront.net/kgj99F3tun_%C3%B4cp.jpg,meta:og:image,1,200,image/jpeg,895276,7187fe7a7091bfc4a4e0c7afa57ef15a3ea3591ad5dc18ee3d284106defe42f2,da_tai,0,data\du_lieu_logo\anh_goc\san_pham_0057\anh_003_7187fe7a.jpg,dau_hieu_gallery=gallery|image
anh_000246,san_pham_0058,1,anh_001_2d055a2e.jpg,data\du_lieu_logo\anh_goc\san_pham_0058\anh_001_2d055a2e.jpg,https://hathyo.com/product/213,https://d134sx875xrex2.cloudfront.net/E2Bxxs1jfY_ruou%20gao.jpg,meta:og:image,1,200,image/jpeg,347094,2d055a2eba75505ffd2981e586661f7ddf403fe8a7c03edeb3813ab58bd58d79,da_tai,0,data\du_lieu_logo\anh_goc\san_pham_0058\anh_001_2d055a2e.jpg,dau_hieu_gallery=gallery|image
anh_000247,san_pham_0058,2,anh_002_c1ed32d3.png,data\du_lieu_logo\anh_goc\san_pham_0058\anh_002_c1ed32d3.png,https://hathyo.com/product/213,https://d134sx875xrex2.cloudfront.net/au44plqoy0_minh%20chung.png,meta:og:image,1,200,image/png,395836,c1ed32d325334df8f74b13eec1d02f57abcddd00b86ed29f9deca1c10640e45f,da_tai,0,data\du_lieu_logo\anh_goc\san_pham_0058\anh_002_c1ed32d3.png,dau_hieu_gallery=gallery|image
anh_000248,san_pham_0059,1,anh_001_131e8638.jpg,data\du_lieu_logo\anh_goc\san_pham_0059\anh_001_131e8638.jpg,https://hathyo.com/product/214,https://d134sx875xrex2.cloudfront.net/z7Bc1O9Dtg_thuy%20tinh%20sam%20cau.jpg,meta:og:image,1,200,image/jpeg,327795,131e863892a5e1cae22f2636d5a8719325b573e8a7412a4e004b8e95b9114811,da_tai,0,data\du_lieu_logo\anh_goc\san_pham_0059\anh_001_131e8638.jpg,dau_hieu_gallery=gallery|image
anh_000249,san_pham_0059,2,anh_002_216b1d6b.jpg,data\du_lieu_logo\anh_goc\san_pham_0059\anh_002_216b1d6b.jpg,https://hathyo.com/product/214,https://d134sx875xrex2.cloudfront.net/EukE57aElm_sam%20cau.jpg,meta:og:image,1,200,image/jpeg,426514,216b1d6b58211effb2cbcba8348926c1ab061e5d409a06268679c5ecb1817d03,da_tai,0,data\du_lieu_logo\anh_goc\san_pham_0059\anh_002_216b1d6b.jpg,dau_hieu_gallery=gallery|image
anh_000250,san_pham_0059,3,,,https://hathyo.com/product/214,https://d134sx875xrex2.cloudfront.net/5YL3bckOBN_minh%20chung.png,meta:og:image,1,200,image/png,395836,c1ed32d325334df8f74b13eec1d02f57abcddd00b86ed29f9deca1c10640e45f,trung_sha256,1,data\du_lieu_logo\anh_goc\san_pham_0058\anh_002_c1ed32d3.png,dau_hieu_gallery=gallery|image
anh_000251,san_pham_0059,4,anh_004_d2171e8a.jpg,data\du_lieu_logo\anh_goc\san_pham_0059\anh_004_d2171e8a.jpg,https://hathyo.com/product/214,https://d134sx875xrex2.cloudfront.net/nNPbxd56z1_chai%20nhua%20sam%20cau.jpg,meta:og:image,1,200,image/jpeg,360345,d2171e8a64cdf8e8a1dd1636a2930643c1dc285b8078a7cdcb925d11abe1776d,da_tai,0,data\du_lieu_logo\anh_goc\san_pham_0059\anh_004_d2171e8a.jpg,dau_hieu_gallery=gallery|image
anh_000252,san_pham_0060,1,anh_001_3789af25.jpg,data\du_lieu_logo\anh_goc\san_pham_0060\anh_001_3789af25.jpg,https://hathyo.com/product/215,https://d134sx875xrex2.cloudfront.net/ZqV8VHTEpp_sim%20bau%20tim.jpg,meta:og:image,1,200,image/jpeg,492218,3789af252235ecba7e6d854d1ccf8a3f68f9dcc4a1a799e3beb07f2a5f9627b4,da_tai,0,data\du_lieu_logo\anh_goc\san_pham_0060\anh_001_3789af25.jpg,dau_hieu_gallery=gallery|image
anh_000253,san_pham_0060,2,,,https://hathyo.com/product/215,https://d134sx875xrex2.cloudfront.net/q9YhBspFZN_minh%20chung.png,meta:og:image,1,200,image/png,395836,c1ed32d325334df8f74b13eec1d02f57abcddd00b86ed29f9deca1c10640e45f,trung_sha256,1,data\du_lieu_logo\anh_goc\san_pham_0058\anh_002_c1ed32d3.png,dau_hieu_gallery=gallery|image
anh_000254,san_pham_0060,3,anh_003_d1a41616.jpg,data\du_lieu_logo\anh_goc\san_pham_0060\anh_003_d1a41616.jpg,https://hathyo.com/product/215,https://d134sx875xrex2.cloudfront.net/vS8aomugH7_sim%20tinh.jpg,meta:og:image,1,200,image/jpeg,329132,d1a41616842db0008104213c39129002874b5b0d0d18742c93dfd885b759976c,da_tai,0,data\du_lieu_logo\anh_goc\san_pham_0060\anh_003_d1a41616.jpg,dau_hieu_gallery=gallery|image
anh_000255,san_pham_0060,4,anh_004_95f7d7ca.jpg,data\du_lieu_logo\anh_goc\san_pham_0060\anh_004_95f7d7ca.jpg,https://hathyo.com/product/215,https://d134sx875xrex2.cloudfront.net/RSJqpPLQ4w_sim%20nhua.jpg,meta:og:image,1,200,image/jpeg,325729,95f7d7caa99c9ed534ce7fb82d4ebca44199eb6e02bbee8f6695bad357e2b93c,da_tai,0,data\du_lieu_logo\anh_goc\san_pham_0060\anh_004_95f7d7ca.jpg,dau_hieu_gallery=gallery|image
anh_000256,san_pham_0060,5,anh_005_c850b4f9.jpg,data\du_lieu_logo\anh_goc\san_pham_0060\anh_005_c850b4f9.jpg,https://hathyo.com/product/215,https://d134sx875xrex2.cloudfront.net/HCT7NIfVMC_sim.jpg,meta:og:image,1,200,image/jpeg,410750,c850b4f9a10eb4eb27844edc5e3057a2ddca229fe4a764b2bde644248dd270dc,da_tai,0,data\du_lieu_logo\anh_goc\san_pham_0060\anh_005_c850b4f9.jpg,dau_hieu_gallery=gallery|image
anh_000257,san_pham_0061,1,anh_001_cec53700.jpg,data\du_lieu_logo\anh_goc\san_pham_0061\anh_001_cec53700.jpg,https://hathyo.com/product/216,https://d134sx875xrex2.cloudfront.net/yDPwbhxQD6_logo.jpg,meta:og:image,1,200,image/jpeg,99209,cec53700edda5e004a2eee4b3db892a5bc74e1cfebbdd436c5765d6e78964b8d,da_tai,0,data\du_lieu_logo\anh_goc\san_pham_0061\anh_001_cec53700.jpg,dau_hieu_gallery=gallery|image
anh_000258,san_pham_0061,2,anh_002_e253d32a.jpg,data\du_lieu_logo\anh_goc\san_pham_0061\anh_002_e253d32a.jpg,https://hathyo.com/product/216,https://d134sx875xrex2.cloudfront.net/uTA46g1chq_nhua%20ngu%20qua.jpg,meta:og:image,1,200,image/jpeg,293176,e253d32a146141603cbf973b804a4b94d2978960fd42bd0e361dc98511b706ca,da_tai,0,data\du_lieu_logo\anh_goc\san_pham_0061\anh_002_e253d32a.jpg,dau_hieu_gallery=gallery|image
anh_000259,san_pham_0061,3,,,https://hathyo.com/product/216,https://d134sx875xrex2.cloudfront.net/RkS5GR6TPt_minh%20chung.png,meta:og:image,1,200,image/png,395836,c1ed32d325334df8f74b13eec1d02f57abcddd00b86ed29f9deca1c10640e45f,trung_sha256,1,data\du_lieu_logo\anh_goc\san_pham_0058\anh_002_c1ed32d3.png,dau_hieu_gallery=gallery|image
anh_000260,san_pham_0062,1,anh_001_93f1a817.png,data\du_lieu_logo\anh_goc\san_pham_0062\anh_001_93f1a817.png,https://hathyo.com/product/217,https://d134sx875xrex2.cloudfront.net/Ifr9Axi7vf_tiny1.png,meta:og:image,1,200,image/png,112876,93f1a8179e494f3598df7d42ea51a1aaee5acab44843ea12bf2eadfc6f86b9f5,da_tai,0,data\du_lieu_logo\anh_goc\san_pham_0062\anh_001_93f1a817.png,dau_hieu_gallery=gallery|image
anh_000261,san_pham_0062,2,anh_002_3852b8ff.png,data\du_lieu_logo\anh_goc\san_pham_0062\anh_002_3852b8ff.png,https://hathyo.com/product/217,https://d134sx875xrex2.cloudfront.net/V6KrdcQgaO_tiny2.png,meta:og:image,1,200,image/png,430581,3852b8ff4f1e63a09c177a476c56caad0039e42a2942d55019ba7404cbf14296,da_tai,0,data\du_lieu_logo\anh_goc\san_pham_0062\anh_002_3852b8ff.png,dau_hieu_gallery=gallery|image
anh_000262,san_pham_0062,3,anh_003_1a6b8c2e.png,data\du_lieu_logo\anh_goc\san_pham_0062\anh_003_1a6b8c2e.png,https://hathyo.com/product/217,https://d134sx875xrex2.cloudfront.net/d05M8WL04q_tiny3.png,meta:og:image,1,200,image/png,1393610,1a6b8c2e2b00f0db2aa89c8b008c2766f779c07667f8f18b71f3b9730a95c196,da_tai,0,data\du_lieu_logo\anh_goc\san_pham_0062\anh_003_1a6b8c2e.png,dau_hieu_gallery=gallery|image
anh_000263,san_pham_0062,4,anh_004_b47f079c.png,data\du_lieu_logo\anh_goc\san_pham_0062\anh_004_b47f079c.png,https://hathyo.com/product/217,https://d134sx875xrex2.cloudfront.net/tBU3PrqpiF_tiny4.png,meta:og:image,1,200,image/png,22536,b47f079cbd8991f1547058c6fa19fb19dc78bb9a8566b63b4d8126c832e7cbc2,da_tai,0,data\du_lieu_logo\anh_goc\san_pham_0062\anh_004_b47f079c.png,dau_hieu_gallery=gallery|image
anh_000264,san_pham_0062,5,anh_005_73adef24.png,data\du_lieu_logo\anh_goc\san_pham_0062\anh_005_73adef24.png,https://hathyo.com/product/217,https://d134sx875xrex2.cloudfront.net/4UBNIzNbRg_tiny5.png,meta:og:image,1,200,image/png,923131,73adef248305f5e3d5f87efdce671db3a92173c40fe8689bb71901dddc65da3a,da_tai,0,data\du_lieu_logo\anh_goc\san_pham_0062\anh_005_73adef24.png,dau_hieu_gallery=gallery|image
anh_000265,san_pham_0063,1,anh_001_ec40ca83.jpg,data\du_lieu_logo\anh_goc\san_pham_0063\anh_001_ec40ca83.jpg,https://hathyo.com/product/218,https://d134sx875xrex2.cloudfront.net/p29U2eSidg_z7901580255718_713c5bd611915dde57d327708e6708cf.jpg,meta:og:image,1,200,image/jpeg,57969,ec40ca834681751553a841cffc7eb5d66936886bcf5a723c4fcd1b8cce9d1bc4,da_tai,0,data\du_lieu_logo\anh_goc\san_pham_0063\anh_001_ec40ca83.jpg,dau_hieu_gallery=gallery|image
anh_000266,san_pham_0063,2,anh_002_7b1d631c.jpg,data\du_lieu_logo\anh_goc\san_pham_0063\anh_002_7b1d631c.jpg,https://hathyo.com/product/218,https://d134sx875xrex2.cloudfront.net/ZKA32Axt2L_z7901580227501_d251c4c9894781627737b72050385a24.jpg,meta:og:image,1,200,image/jpeg,50017,7b1d631ca2217334a63766ec6b026a955b8b6eb3a861c5383f0781e1cd96c809,da_tai,0,data\du_lieu_logo\anh_goc\san_pham_0063\anh_002_7b1d631c.jpg,dau_hieu_gallery=gallery|image
anh_000267,san_pham_0063,3,anh_003_800bf91d.jpg,data\du_lieu_logo\anh_goc\san_pham_0063\anh_003_800bf91d.jpg,https://hathyo.com/product/218,https://d134sx875xrex2.cloudfront.net/KK0booroXC_z7901580141400_6ee591e2a5bc28ac10ee08453f74d85a.jpg,meta:og:image,1,200,image/jpeg,38347,800bf91d31a89cb371996079852e5fb67e079f8fbe71dd9cf77a2b073ae0143f,da_tai,0,data\du_lieu_logo\anh_goc\san_pham_0063\anh_003_800bf91d.jpg,dau_hieu_gallery=gallery|image
anh_000268,san_pham_0063,4,anh_004_7e197114.jpg,data\du_lieu_logo\anh_goc\san_pham_0063\anh_004_7e197114.jpg,https://hathyo.com/product/218,https://d134sx875xrex2.cloudfront.net/7sUkQAvUkR_z7901580169233_f0209ebf8971b349cabe1b15a57bc58e.jpg,meta:og:image,1,200,image/jpeg,36465,7e197114eecbc9e986fda0b0e2e25d396cad15a3eb0bf836bbc08aeb34d87580,da_tai,0,data\du_lieu_logo\anh_goc\san_pham_0063\anh_004_7e197114.jpg,dau_hieu_gallery=gallery|image
anh_000269,san_pham_0063,5,anh_005_ec2e35c5.jpg,data\du_lieu_logo\anh_goc\san_pham_0063\anh_005_ec2e35c5.jpg,https://hathyo.com/product/218,https://d134sx875xrex2.cloudfront.net/VC3ZW9Q4Fc_z7901580255719_a4e11c2ca4b9a664c02caba3185f493d.jpg,meta:og:image,1,200,image/jpeg,53244,ec2e35c501ca0c80f7ccdf8d1e6b520bce0288d6c5b2ad4836130c3971428bc4,da_tai,0,data\du_lieu_logo\anh_goc\san_pham_0063\anh_005_ec2e35c5.jpg,dau_hieu_gallery=gallery|image
anh_000270,san_pham_0063,6,anh_006_b64892bf.jpg,data\du_lieu_logo\anh_goc\san_pham_0063\anh_006_b64892bf.jpg,https://hathyo.com/product/218,https://d134sx875xrex2.cloudfront.net/ZRDqQw21V5_z7901580198645_b6c0134ebc9f56efa7e52c162afd63c8.jpg,meta:og:image,1,200,image/jpeg,39626,b64892bf569f28abd6998741c9b9f295aef7f5bff0fe71291d38a9e5502f381d,da_tai,0,data\du_lieu_logo\anh_goc\san_pham_0063\anh_006_b64892bf.jpg,dau_hieu_gallery=gallery|image
anh_000271,san_pham_0063,7,anh_007_1405ba38.jpg,data\du_lieu_logo\anh_goc\san_pham_0063\anh_007_1405ba38.jpg,https://hathyo.com/product/218,https://d134sx875xrex2.cloudfront.net/VWS1x9I9Sk_z7901580198583_dfc5bb0a9a60c05be11c07191b70321d.jpg,meta:og:image,1,200,image/jpeg,35680,1405ba38818567b41007fb572c3a6ee79f824cf2569718eb92c8318b688790c0,da_tai,0,data\du_lieu_logo\anh_goc\san_pham_0063\anh_007_1405ba38.jpg,dau_hieu_gallery=gallery|image
anh_000272,san_pham_0063,8,anh_008_b99ecbbe.jpg,data\du_lieu_logo\anh_goc\san_pham_0063\anh_008_b99ecbbe.jpg,https://hathyo.com/product/218,https://d134sx875xrex2.cloudfront.net/dLLmDpeBhI_Gi%E1%BA%A5y%20ch%E1%BB%A9ng%20nh%E1%BA%ADn_page-0001.jpg,meta:og:image,1,200,image/jpeg,1645236,b99ecbbee0291432f8f41fc60686b02db52a2ddfebc3795fb6a9814b2bee347a,da_tai,0,data\du_lieu_logo\anh_goc\san_pham_0063\anh_008_b99ecbbe.jpg,dau_hieu_gallery=gallery|image
anh_000273,san_pham_0063,9,,,https://hathyo.com/product/218,https://d134sx875xrex2.cloudfront.net/I6ynlZ8YfI_B%E1%BA%A3n%20cam%20k%E1%BA%BFt_page-0001.jpg,meta:og:image,1,200,image/jpeg,1331208,747e169c02a8bbf8c992b78b6b4763038210ae575b8544a5548d4a592567ab68,trung_sha256,1,data\du_lieu_logo\anh_goc\san_pham_0057\anh_002_747e169c.jpg,dau_hieu_gallery=gallery|image
anh_000274,san_pham_0064,1,anh_001_ebd24cf8.jpg,data\du_lieu_logo\anh_goc\san_pham_0064\anh_001_ebd24cf8.jpg,https://hathyo.com/product/219,https://d134sx875xrex2.cloudfront.net/32lnrWXwJk_z7901617992774_5ded9e413e4b4856e7dcf261c5bd03e3.jpg,meta:og:image,1,200,image/jpeg,107863,ebd24cf8601e027086c3b3ea2aac0ae2206aedf539275a0a3eb0fe306a9e1621,da_tai,0,data\du_lieu_logo\anh_goc\san_pham_0064\anh_001_ebd24cf8.jpg,dau_hieu_gallery=gallery|image
anh_000275,san_pham_0064,2,anh_002_986bc7a3.jpg,data\du_lieu_logo\anh_goc\san_pham_0064\anh_002_986bc7a3.jpg,https://hathyo.com/product/219,https://d134sx875xrex2.cloudfront.net/physhMiUJ3_z7901617992790_8eef8bd08ba4f9bde93bdf83693159a2.jpg,meta:og:image,1,200,image/jpeg,168607,986bc7a339292dc6c092cb6d0bfe8d585d58b281e104b529291a4c83c88bfeec,da_tai,0,data\du_lieu_logo\anh_goc\san_pham_0064\anh_002_986bc7a3.jpg,dau_hieu_gallery=gallery|image
anh_000276,san_pham_0065,1,anh_001_4317f461.jpg,data\du_lieu_logo\anh_goc\san_pham_0065\anh_001_4317f461.jpg,https://hathyo.com/product/220,https://d134sx875xrex2.cloudfront.net/nRMcuyBSnD_z7901655312676_9b6e892367e7fdb1fe6979f6ba7735ea.jpg,meta:og:image,1,200,image/jpeg,183682,4317f46194368388ba59f3392540d837c0462938357444b649e8fd7f73e3594f,da_tai,0,data\du_lieu_logo\anh_goc\san_pham_0065\anh_001_4317f461.jpg,dau_hieu_gallery=gallery|image
anh_000277,san_pham_0065,2,anh_002_9c6b2699.jpg,data\du_lieu_logo\anh_goc\san_pham_0065\anh_002_9c6b2699.jpg,https://hathyo.com/product/220,https://d134sx875xrex2.cloudfront.net/PKgZvb0Ktn_z7901644062205_fadbd141be2ea10623b010b45e20fa42.jpg,meta:og:image,1,200,image/jpeg,100642,9c6b2699b824e2b645e9cd7e6cf2ac207c2714deda4fa6d4666e47d620ed039e,da_tai,0,data\du_lieu_logo\anh_goc\san_pham_0065\anh_002_9c6b2699.jpg,dau_hieu_gallery=gallery|image
anh_000278,san_pham_0065,3,anh_003_5b150ac1.jpg,data\du_lieu_logo\anh_goc\san_pham_0065\anh_003_5b150ac1.jpg,https://hathyo.com/product/220,https://d134sx875xrex2.cloudfront.net/GkP5aPfimW_xavia.jpg,meta:og:image,1,200,image/jpeg,501384,5b150ac1aaf600bbfd0b78bc6afa57bf8262cc956b0cf473bc7f0343c5333682,da_tai,0,data\du_lieu_logo\anh_goc\san_pham_0065\anh_003_5b150ac1.jpg,dau_hieu_gallery=gallery|image
anh_000279,san_pham_0066,1,anh_001_39632277.jpg,data\du_lieu_logo\anh_goc\san_pham_0066\anh_001_39632277.jpg,https://hathyo.com/product/225,https://d134sx875xrex2.cloudfront.net/CkKrtEUbm0_5.jpeg,meta:og:image,1,200,image/jpeg,2724567,396322778c93d3139bad61aec78912391e8e1dbac463add4fc565a7b67f00349,da_tai,0,data\du_lieu_logo\anh_goc\san_pham_0066\anh_001_39632277.jpg,dau_hieu_gallery=gallery|image
anh_000280,san_pham_0066,2,anh_002_0129476e.jpg,data\du_lieu_logo\anh_goc\san_pham_0066\anh_002_0129476e.jpg,https://hathyo.com/product/225,https://d134sx875xrex2.cloudfront.net/w7OM0kTeQP_ISO%202200%20%202018%20(1).jpg,meta:og:image,1,200,image/jpeg,757043,0129476e83b4cc9d8954f12ea060077bce8ad9ce30b737f3923ea5f905a91369,da_tai,0,data\du_lieu_logo\anh_goc\san_pham_0066\anh_002_0129476e.jpg,dau_hieu_gallery=gallery|image
anh_000281,san_pham_0067,1,anh_001_2ee11057.png,data\du_lieu_logo\anh_goc\san_pham_0067\anh_001_2ee11057.png,https://hathyo.com/product/226,https://d134sx875xrex2.cloudfront.net/0fVgTF95q2_IMG_3678.png,meta:og:image,1,200,image/png,2270017,2ee11057710af8c1ab09e7b7c8fba6055259a9e09085124f02428ecd9ad9d0ca,da_tai,0,data\du_lieu_logo\anh_goc\san_pham_0067\anh_001_2ee11057.png,dau_hieu_gallery=gallery|image
anh_000282,san_pham_0067,2,,,https://hathyo.com/product/226,https://d134sx875xrex2.cloudfront.net/OurBRfxT8b_ISO%202200%20%202018%20(2).jpg,meta:og:image,1,200,image/jpeg,757043,0129476e83b4cc9d8954f12ea060077bce8ad9ce30b737f3923ea5f905a91369,trung_sha256,1,data\du_lieu_logo\anh_goc\san_pham_0066\anh_002_0129476e.jpg,dau_hieu_gallery=gallery|image
anh_000283,san_pham_0068,1,anh_001_48dad742.jpg,data\du_lieu_logo\anh_goc\san_pham_0068\anh_001_48dad742.jpg,https://hathyo.com/product/227,https://d134sx875xrex2.cloudfront.net/MHONNWXJUE_z7803696189903_23022a5feb6a1603ff405362dd917f96%20(1).jpg,meta:og:image,1,200,image/jpeg,560196,48dad742f600fb3e664a79f8139d79cdd801b4b982839ab7f9fedfe7eeaa1207,da_tai,0,data\du_lieu_logo\anh_goc\san_pham_0068\anh_001_48dad742.jpg,dau_hieu_gallery=gallery|image
anh_000284,san_pham_0068,2,,,https://hathyo.com/product/227,https://d134sx875xrex2.cloudfront.net/2ld3E9iMRc_ISO%202200%20%202018%20(2).jpg,meta:og:image,1,200,image/jpeg,757043,0129476e83b4cc9d8954f12ea060077bce8ad9ce30b737f3923ea5f905a91369,trung_sha256,1,data\du_lieu_logo\anh_goc\san_pham_0066\anh_002_0129476e.jpg,dau_hieu_gallery=gallery|image
anh_000285,san_pham_0069,1,anh_001_f0de2dc4.jpg,data\du_lieu_logo\anh_goc\san_pham_0069\anh_001_f0de2dc4.jpg,https://hathyo.com/product/2275,https://d134sx875xrex2.cloudfront.net/XAidKPy8Z6_gen-h-z7982792344891_0b90e58b56dac162521dfc10d6eff58b.jpg,meta:og:image,1,200,image/jpeg,311257,f0de2dc4c7345994c8cf60217f4f96a980d859da447909e3b1362ebf6ee853e0,da_tai,0,data\du_lieu_logo\anh_goc\san_pham_0069\anh_001_f0de2dc4.jpg,dau_hieu_gallery=gallery|image
anh_000286,san_pham_0069,2,anh_002_443d3210.jpg,data\du_lieu_logo\anh_goc\san_pham_0069\anh_002_443d3210.jpg,https://hathyo.com/product/2275,https://d134sx875xrex2.cloudfront.net/6MeHxnn0fv_gen-h-z7972768776463_5ff3e6ac385f7e0d9262556aa47793b9.jpg,meta:og:image,1,200,image/jpeg,541165,443d321096cb58bff5f4dcc26633934047a6f900e31c593ca2533b6ddbd4adbc,da_tai,0,data\du_lieu_logo\anh_goc\san_pham_0069\anh_002_443d3210.jpg,dau_hieu_gallery=gallery|image
anh_000287,san_pham_0069,3,anh_003_38b6fe6c.jpg,data\du_lieu_logo\anh_goc\san_pham_0069\anh_003_38b6fe6c.jpg,https://hathyo.com/product/2275,https://d134sx875xrex2.cloudfront.net/0URGCyEJdC_gen-h-z7972768778936_87878fdc530dda3259a7f3eb79a907fb.jpg,meta:og:image,1,200,image/jpeg,709346,38b6fe6c889d977387c1a9f1b8fac6c236d01f06dc2ed23c85644ec87238a489,da_tai,0,data\du_lieu_logo\anh_goc\san_pham_0069\anh_003_38b6fe6c.jpg,dau_hieu_gallery=gallery|image
anh_000288,san_pham_0069,4,anh_004_62df50fd.jpg,data\du_lieu_logo\anh_goc\san_pham_0069\anh_004_62df50fd.jpg,https://hathyo.com/product/2275,https://d134sx875xrex2.cloudfront.net/yd9La8WLBQ_gen-h-z7972768779139_7dfb2fe0b95c059d3a1f17d7b84b6c8d.jpg,meta:og:image,1,200,image/jpeg,353069,62df50fd17305334d6cfb5bc96f5bcf7e6eaf1d913a3c0c022661a36463c0a62,da_tai,0,data\du_lieu_logo\anh_goc\san_pham_0069\anh_004_62df50fd.jpg,dau_hieu_gallery=gallery|image
anh_000289,san_pham_0070,1,anh_001_33a1e887.jpg,data\du_lieu_logo\anh_goc\san_pham_0070\anh_001_33a1e887.jpg,https://hathyo.com/product/2276,https://d134sx875xrex2.cloudfront.net/xywipoqhIh_gen-h-z7982792343914_5ab73ddd07fd55dfaa792804d114f530.jpg,meta:og:image,1,200,image/jpeg,749938,33a1e887b45bdbb3c62a1c82f38534cb0df4db1c5651e104a92952dc8e6af782,da_tai,0,data\du_lieu_logo\anh_goc\san_pham_0070\anh_001_33a1e887.jpg,dau_hieu_gallery=gallery|image
anh_000290,san_pham_0070,2,,,https://hathyo.com/product/2276,https://d134sx875xrex2.cloudfront.net/obAeUPDiOU_gen-h-z7972768776463_5ff3e6ac385f7e0d9262556aa47793b9.jpg,meta:og:image,1,200,image/jpeg,541165,443d321096cb58bff5f4dcc26633934047a6f900e31c593ca2533b6ddbd4adbc,trung_sha256,1,data\du_lieu_logo\anh_goc\san_pham_0069\anh_002_443d3210.jpg,dau_hieu_gallery=gallery|image
anh_000291,san_pham_0070,3,,,https://hathyo.com/product/2276,https://d134sx875xrex2.cloudfront.net/Yw1SJUdtTu_gen-h-z7972768778936_87878fdc530dda3259a7f3eb79a907fb.jpg,meta:og:image,1,200,image/jpeg,709346,38b6fe6c889d977387c1a9f1b8fac6c236d01f06dc2ed23c85644ec87238a489,trung_sha256,1,data\du_lieu_logo\anh_goc\san_pham_0069\anh_003_38b6fe6c.jpg,dau_hieu_gallery=gallery|image
anh_000292,san_pham_0070,4,,,https://hathyo.com/product/2276,https://d134sx875xrex2.cloudfront.net/PQz5jsWLNs_gen-h-z7972768779139_7dfb2fe0b95c059d3a1f17d7b84b6c8d.jpg,meta:og:image,1,200,image/jpeg,353069,62df50fd17305334d6cfb5bc96f5bcf7e6eaf1d913a3c0c022661a36463c0a62,trung_sha256,1,data\du_lieu_logo\anh_goc\san_pham_0069\anh_004_62df50fd.jpg,dau_hieu_gallery=gallery|image
anh_000293,san_pham_0071,1,anh_001_9fb7d64e.jpg,data\du_lieu_logo\anh_goc\san_pham_0071\anh_001_9fb7d64e.jpg,https://hathyo.com/product/2277,https://d134sx875xrex2.cloudfront.net/ZQY2YaRsrB_gen-h-z7982792121034_545e3d8438fb56711b38250e536a0976.jpg,meta:og:image,1,200,image/jpeg,432682,9fb7d64eaa25630661240af56d8a25ae49240bdba4898aa68ca998e060a19413,da_tai,0,data\du_lieu_logo\anh_goc\san_pham_0071\anh_001_9fb7d64e.jpg,dau_hieu_gallery=gallery|image
anh_000294,san_pham_0071,2,,,https://hathyo.com/product/2277,https://d134sx875xrex2.cloudfront.net/c1V1ZcIRFQ_gen-h-z7972768776463_5ff3e6ac385f7e0d9262556aa47793b9.jpg,meta:og:image,1,200,image/jpeg,541165,443d321096cb58bff5f4dcc26633934047a6f900e31c593ca2533b6ddbd4adbc,trung_sha256,1,data\du_lieu_logo\anh_goc\san_pham_0069\anh_002_443d3210.jpg,dau_hieu_gallery=gallery|image
anh_000295,san_pham_0071,3,,,https://hathyo.com/product/2277,https://d134sx875xrex2.cloudfront.net/LarHVE6SQz_gen-h-z7972768778936_87878fdc530dda3259a7f3eb79a907fb.jpg,meta:og:image,1,200,image/jpeg,709346,38b6fe6c889d977387c1a9f1b8fac6c236d01f06dc2ed23c85644ec87238a489,trung_sha256,1,data\du_lieu_logo\anh_goc\san_pham_0069\anh_003_38b6fe6c.jpg,dau_hieu_gallery=gallery|image
anh_000296,san_pham_0071,4,,,https://hathyo.com/product/2277,https://d134sx875xrex2.cloudfront.net/kXoKW4wRXv_gen-h-z7972768779139_7dfb2fe0b95c059d3a1f17d7b84b6c8d.jpg,meta:og:image,1,200,image/jpeg,353069,62df50fd17305334d6cfb5bc96f5bcf7e6eaf1d913a3c0c022661a36463c0a62,trung_sha256,1,data\du_lieu_logo\anh_goc\san_pham_0069\anh_004_62df50fd.jpg,dau_hieu_gallery=gallery|image
anh_000297,san_pham_0072,1,anh_001_4b6f51a6.jpg,data\du_lieu_logo\anh_goc\san_pham_0072\anh_001_4b6f51a6.jpg,https://hathyo.com/product/2279,https://d134sx875xrex2.cloudfront.net/8SQZFG9RYh_gen-h-z7982792140724_5740943773cce65a248c521d4488dd46.jpg,meta:og:image,1,200,image/jpeg,303881,4b6f51a674bbede6cffe7dd7f80dd3ef0c54ac084eb29b35223a7152afbd8379,da_tai,0,data\du_lieu_logo\anh_goc\san_pham_0072\anh_001_4b6f51a6.jpg,dau_hieu_gallery=gallery|image
anh_000298,san_pham_0072,2,,,https://hathyo.com/product/2279,https://d134sx875xrex2.cloudfront.net/7zDr3nMa3B_gen-h-z7972768776463_5ff3e6ac385f7e0d9262556aa47793b9.jpg,meta:og:image,1,200,image/jpeg,541165,443d321096cb58bff5f4dcc26633934047a6f900e31c593ca2533b6ddbd4adbc,trung_sha256,1,data\du_lieu_logo\anh_goc\san_pham_0069\anh_002_443d3210.jpg,dau_hieu_gallery=gallery|image
anh_000299,san_pham_0072,3,,,https://hathyo.com/product/2279,https://d134sx875xrex2.cloudfront.net/yCek3kXDEq_gen-h-z7972768778936_87878fdc530dda3259a7f3eb79a907fb.jpg,meta:og:image,1,200,image/jpeg,709346,38b6fe6c889d977387c1a9f1b8fac6c236d01f06dc2ed23c85644ec87238a489,trung_sha256,1,data\du_lieu_logo\anh_goc\san_pham_0069\anh_003_38b6fe6c.jpg,dau_hieu_gallery=gallery|image
anh_000300,san_pham_0072,4,,,https://hathyo.com/product/2279,https://d134sx875xrex2.cloudfront.net/aKdxtPEzPn_gen-h-z7972768779139_7dfb2fe0b95c059d3a1f17d7b84b6c8d.jpg,meta:og:image,1,200,image/jpeg,353069,62df50fd17305334d6cfb5bc96f5bcf7e6eaf1d913a3c0c022661a36463c0a62,trung_sha256,1,data\du_lieu_logo\anh_goc\san_pham_0069\anh_004_62df50fd.jpg,dau_hieu_gallery=gallery|image
anh_000301,san_pham_0073,1,anh_001_69a4cc19.jpg,data\du_lieu_logo\anh_goc\san_pham_0073\anh_001_69a4cc19.jpg,https://hathyo.com/product/228,https://d134sx875xrex2.cloudfront.net/0EYCNkHgUE_3%20(4).jpg,meta:og:image,1,200,image/jpeg,367389,69a4cc19cbfefdb6719daf3fb5a1587ab97e69e1a99107d621e65f1dc5659e3f,da_tai,0,data\du_lieu_logo\anh_goc\san_pham_0073\anh_001_69a4cc19.jpg,dau_hieu_gallery=gallery|image
anh_000302,san_pham_0073,2,,,https://hathyo.com/product/228,https://d134sx875xrex2.cloudfront.net/kV0AdSqkho_ISO%202200%20%202018%20(2).jpg,meta:og:image,1,200,image/jpeg,757043,0129476e83b4cc9d8954f12ea060077bce8ad9ce30b737f3923ea5f905a91369,trung_sha256,1,data\du_lieu_logo\anh_goc\san_pham_0066\anh_002_0129476e.jpg,dau_hieu_gallery=gallery|image
anh_000303,san_pham_0074,1,anh_001_8d0c6394.jpg,data\du_lieu_logo\anh_goc\san_pham_0074\anh_001_8d0c6394.jpg,https://hathyo.com/product/2280,https://d134sx875xrex2.cloudfront.net/6iiD2dqUVJ_gen-h-z7982792760326_6f2c034342b02a5df02e2ce9a3e6acce.jpg,meta:og:image,1,200,image/jpeg,458227,8d0c63943034760d79ab57e76dfea49d61f3e065fc82ac6cdd1f07ec5bc9f7cf,da_tai,0,data\du_lieu_logo\anh_goc\san_pham_0074\anh_001_8d0c6394.jpg,dau_hieu_gallery=gallery|image
anh_000304,san_pham_0074,2,,,https://hathyo.com/product/2280,https://d134sx875xrex2.cloudfront.net/mRYYyX77lv_gen-h-z7972768776463_5ff3e6ac385f7e0d9262556aa47793b9.jpg,meta:og:image,1,200,image/jpeg,541165,443d321096cb58bff5f4dcc26633934047a6f900e31c593ca2533b6ddbd4adbc,trung_sha256,1,data\du_lieu_logo\anh_goc\san_pham_0069\anh_002_443d3210.jpg,dau_hieu_gallery=gallery|image
anh_000305,san_pham_0074,3,,,https://hathyo.com/product/2280,https://d134sx875xrex2.cloudfront.net/KPvcdqmt5J_gen-h-z7972768778936_87878fdc530dda3259a7f3eb79a907fb.jpg,meta:og:image,1,200,image/jpeg,709346,38b6fe6c889d977387c1a9f1b8fac6c236d01f06dc2ed23c85644ec87238a489,trung_sha256,1,data\du_lieu_logo\anh_goc\san_pham_0069\anh_003_38b6fe6c.jpg,dau_hieu_gallery=gallery|image
anh_000306,san_pham_0074,4,,,https://hathyo.com/product/2280,https://d134sx875xrex2.cloudfront.net/pgienjzHkR_gen-h-z7972768779139_7dfb2fe0b95c059d3a1f17d7b84b6c8d.jpg,meta:og:image,1,200,image/jpeg,353069,62df50fd17305334d6cfb5bc96f5bcf7e6eaf1d913a3c0c022661a36463c0a62,trung_sha256,1,data\du_lieu_logo\anh_goc\san_pham_0069\anh_004_62df50fd.jpg,dau_hieu_gallery=gallery|image
anh_000307,san_pham_0075,1,anh_001_52c54a08.jpg,data\du_lieu_logo\anh_goc\san_pham_0075\anh_001_52c54a08.jpg,https://hathyo.com/product/2281,https://d134sx875xrex2.cloudfront.net/SrLvT5cjwl_gen-h-z7982792145766_d1e490db42fae1b6d428c4c22f16f35b.jpg,meta:og:image,1,200,image/jpeg,396957,52c54a080a5576d4a08f64e742ca0cc68edad2c5953c1f4d758ec28736a42e6e,da_tai,0,data\du_lieu_logo\anh_goc\san_pham_0075\anh_001_52c54a08.jpg,dau_hieu_gallery=gallery|image
anh_000308,san_pham_0075,2,,,https://hathyo.com/product/2281,https://d134sx875xrex2.cloudfront.net/3CESirF7Du_gen-h-z7972768776463_5ff3e6ac385f7e0d9262556aa47793b9.jpg,meta:og:image,1,200,image/jpeg,541165,443d321096cb58bff5f4dcc26633934047a6f900e31c593ca2533b6ddbd4adbc,trung_sha256,1,data\du_lieu_logo\anh_goc\san_pham_0069\anh_002_443d3210.jpg,dau_hieu_gallery=gallery|image
anh_000309,san_pham_0075,3,,,https://hathyo.com/product/2281,https://d134sx875xrex2.cloudfront.net/oN7AWSRI2F_gen-h-z7972768778936_87878fdc530dda3259a7f3eb79a907fb.jpg,meta:og:image,1,200,image/jpeg,709346,38b6fe6c889d977387c1a9f1b8fac6c236d01f06dc2ed23c85644ec87238a489,trung_sha256,1,data\du_lieu_logo\anh_goc\san_pham_0069\anh_003_38b6fe6c.jpg,dau_hieu_gallery=gallery|image
anh_000310,san_pham_0075,4,,,https://hathyo.com/product/2281,https://d134sx875xrex2.cloudfront.net/QtNUnwJb5N_gen-h-z7972768779139_7dfb2fe0b95c059d3a1f17d7b84b6c8d.jpg,meta:og:image,1,200,image/jpeg,353069,62df50fd17305334d6cfb5bc96f5bcf7e6eaf1d913a3c0c022661a36463c0a62,trung_sha256,1,data\du_lieu_logo\anh_goc\san_pham_0069\anh_004_62df50fd.jpg,dau_hieu_gallery=gallery|image
anh_000311,san_pham_0076,1,anh_001_d9f65191.jpg,data\du_lieu_logo\anh_goc\san_pham_0076\anh_001_d9f65191.jpg,https://hathyo.com/product/2283,https://d134sx875xrex2.cloudfront.net/P0HpFN6dA8_gen-h-z7982792654531_ab4ead4a0402e684646f139ac6636d7f.jpg,meta:og:image,1,200,image/jpeg,491817,d9f6519115e3519d826905c39a4f31de09832d20cce83a1efda1555166060438,da_tai,0,data\du_lieu_logo\anh_goc\san_pham_0076\anh_001_d9f65191.jpg,dau_hieu_gallery=gallery|image
anh_000312,san_pham_0076,2,,,https://hathyo.com/product/2283,https://d134sx875xrex2.cloudfront.net/K06HEYoYZZ_gen-h-z7972768776463_5ff3e6ac385f7e0d9262556aa47793b9.jpg,meta:og:image,1,200,image/jpeg,541165,443d321096cb58bff5f4dcc26633934047a6f900e31c593ca2533b6ddbd4adbc,trung_sha256,1,data\du_lieu_logo\anh_goc\san_pham_0069\anh_002_443d3210.jpg,dau_hieu_gallery=gallery|image
anh_000313,san_pham_0076,3,,,https://hathyo.com/product/2283,https://d134sx875xrex2.cloudfront.net/giFvF0bC4r_gen-h-z7972768778936_87878fdc530dda3259a7f3eb79a907fb.jpg,meta:og:image,1,200,image/jpeg,709346,38b6fe6c889d977387c1a9f1b8fac6c236d01f06dc2ed23c85644ec87238a489,trung_sha256,1,data\du_lieu_logo\anh_goc\san_pham_0069\anh_003_38b6fe6c.jpg,dau_hieu_gallery=gallery|image
anh_000314,san_pham_0076,4,,,https://hathyo.com/product/2283,https://d134sx875xrex2.cloudfront.net/QEmMB6NWBE_gen-h-z7972768779139_7dfb2fe0b95c059d3a1f17d7b84b6c8d.jpg,meta:og:image,1,200,image/jpeg,353069,62df50fd17305334d6cfb5bc96f5bcf7e6eaf1d913a3c0c022661a36463c0a62,trung_sha256,1,data\du_lieu_logo\anh_goc\san_pham_0069\anh_004_62df50fd.jpg,dau_hieu_gallery=gallery|image
anh_000315,san_pham_0077,1,anh_001_f5fdcb8b.jpg,data\du_lieu_logo\anh_goc\san_pham_0077\anh_001_f5fdcb8b.jpg,https://hathyo.com/product/2284,https://d134sx875xrex2.cloudfront.net/X0Cu6xfzuG_gen-h-z7982792178619_e1ef840105593d37b437e43fdef77488.jpg,meta:og:image,1,200,image/jpeg,501647,f5fdcb8b60817137d4778ff386b04e7ac61f0cc6b9960475729b8c9e8323ec77,da_tai,0,data\du_lieu_logo\anh_goc\san_pham_0077\anh_001_f5fdcb8b.jpg,dau_hieu_gallery=gallery|image
anh_000316,san_pham_0077,2,,,https://hathyo.com/product/2284,https://d134sx875xrex2.cloudfront.net/nUkr09w2Jz_gen-h-z7972768776463_5ff3e6ac385f7e0d9262556aa47793b9.jpg,meta:og:image,1,200,image/jpeg,541165,443d321096cb58bff5f4dcc26633934047a6f900e31c593ca2533b6ddbd4adbc,trung_sha256,1,data\du_lieu_logo\anh_goc\san_pham_0069\anh_002_443d3210.jpg,dau_hieu_gallery=gallery|image
anh_000317,san_pham_0077,3,,,https://hathyo.com/product/2284,https://d134sx875xrex2.cloudfront.net/jkY3IEiORw_gen-h-z7972768778936_87878fdc530dda3259a7f3eb79a907fb.jpg,meta:og:image,1,200,image/jpeg,709346,38b6fe6c889d977387c1a9f1b8fac6c236d01f06dc2ed23c85644ec87238a489,trung_sha256,1,data\du_lieu_logo\anh_goc\san_pham_0069\anh_003_38b6fe6c.jpg,dau_hieu_gallery=gallery|image
anh_000318,san_pham_0077,4,,,https://hathyo.com/product/2284,https://d134sx875xrex2.cloudfront.net/qRDftRwUj4_gen-h-z7972768779139_7dfb2fe0b95c059d3a1f17d7b84b6c8d.jpg,meta:og:image,1,200,image/jpeg,353069,62df50fd17305334d6cfb5bc96f5bcf7e6eaf1d913a3c0c022661a36463c0a62,trung_sha256,1,data\du_lieu_logo\anh_goc\san_pham_0069\anh_004_62df50fd.jpg,dau_hieu_gallery=gallery|image
anh_000319,san_pham_0078,1,anh_001_36703739.jpg,data\du_lieu_logo\anh_goc\san_pham_0078\anh_001_36703739.jpg,https://hathyo.com/product/2285,https://d134sx875xrex2.cloudfront.net/pH0W8Q4QrE_gen-h-z7982792151623_a248e6b34fb8f3cf3078d238063d2dbd.jpg,meta:og:image,1,200,image/jpeg,491131,367037395a7f84de3f597d9f15d2d5e194f4331156a5f4d5c498b0a34ef58bd3,da_tai,0,data\du_lieu_logo\anh_goc\san_pham_0078\anh_001_36703739.jpg,dau_hieu_gallery=gallery|image
anh_000320,san_pham_0078,2,,,https://hathyo.com/product/2285,https://d134sx875xrex2.cloudfront.net/mBvsx5xl2c_gen-h-z7972768776463_5ff3e6ac385f7e0d9262556aa47793b9.jpg,meta:og:image,1,200,image/jpeg,541165,443d321096cb58bff5f4dcc26633934047a6f900e31c593ca2533b6ddbd4adbc,trung_sha256,1,data\du_lieu_logo\anh_goc\san_pham_0069\anh_002_443d3210.jpg,dau_hieu_gallery=gallery|image
anh_000321,san_pham_0078,3,,,https://hathyo.com/product/2285,https://d134sx875xrex2.cloudfront.net/qtA5xtc1LV_gen-h-z7972768778936_87878fdc530dda3259a7f3eb79a907fb.jpg,meta:og:image,1,200,image/jpeg,709346,38b6fe6c889d977387c1a9f1b8fac6c236d01f06dc2ed23c85644ec87238a489,trung_sha256,1,data\du_lieu_logo\anh_goc\san_pham_0069\anh_003_38b6fe6c.jpg,dau_hieu_gallery=gallery|image
anh_000322,san_pham_0078,4,,,https://hathyo.com/product/2285,https://d134sx875xrex2.cloudfront.net/CO6Dg2qKZh_gen-h-z7972768779139_7dfb2fe0b95c059d3a1f17d7b84b6c8d.jpg,meta:og:image,1,200,image/jpeg,353069,62df50fd17305334d6cfb5bc96f5bcf7e6eaf1d913a3c0c022661a36463c0a62,trung_sha256,1,data\du_lieu_logo\anh_goc\san_pham_0069\anh_004_62df50fd.jpg,dau_hieu_gallery=gallery|image
anh_000323,san_pham_0079,1,,,https://hathyo.com/product/2286,https://d134sx875xrex2.cloudfront.net/QzAHt52458_gen-h-z7982792178619_e1ef840105593d37b437e43fdef77488.jpg,meta:og:image,1,200,image/jpeg,501647,f5fdcb8b60817137d4778ff386b04e7ac61f0cc6b9960475729b8c9e8323ec77,trung_sha256,1,data\du_lieu_logo\anh_goc\san_pham_0077\anh_001_f5fdcb8b.jpg,dau_hieu_gallery=gallery|image
anh_000324,san_pham_0079,2,,,https://hathyo.com/product/2286,https://d134sx875xrex2.cloudfront.net/5CMOKVU5om_gen-h-z7972768776463_5ff3e6ac385f7e0d9262556aa47793b9.jpg,meta:og:image,1,200,image/jpeg,541165,443d321096cb58bff5f4dcc26633934047a6f900e31c593ca2533b6ddbd4adbc,trung_sha256,1,data\du_lieu_logo\anh_goc\san_pham_0069\anh_002_443d3210.jpg,dau_hieu_gallery=gallery|image
anh_000325,san_pham_0079,3,,,https://hathyo.com/product/2286,https://d134sx875xrex2.cloudfront.net/WwYKyboU1p_gen-h-z7972768778936_87878fdc530dda3259a7f3eb79a907fb.jpg,meta:og:image,1,200,image/jpeg,709346,38b6fe6c889d977387c1a9f1b8fac6c236d01f06dc2ed23c85644ec87238a489,trung_sha256,1,data\du_lieu_logo\anh_goc\san_pham_0069\anh_003_38b6fe6c.jpg,dau_hieu_gallery=gallery|image
anh_000326,san_pham_0079,4,,,https://hathyo.com/product/2286,https://d134sx875xrex2.cloudfront.net/w205Xa8ux2_gen-h-z7972768779139_7dfb2fe0b95c059d3a1f17d7b84b6c8d.jpg,meta:og:image,1,200,image/jpeg,353069,62df50fd17305334d6cfb5bc96f5bcf7e6eaf1d913a3c0c022661a36463c0a62,trung_sha256,1,data\du_lieu_logo\anh_goc\san_pham_0069\anh_004_62df50fd.jpg,dau_hieu_gallery=gallery|image
anh_000327,san_pham_0080,1,anh_001_e9bf952d.jpg,data\du_lieu_logo\anh_goc\san_pham_0080\anh_001_e9bf952d.jpg,https://hathyo.com/product/2287,https://d134sx875xrex2.cloudfront.net/umIGO4CIMo_gen-h-z7982792130456_4fd882aeeea226925a2c018b36aef6bd.jpg,meta:og:image,1,200,image/jpeg,424234,e9bf952d8f8230cb05b1226827c74b7b85c3bf2272dc31515786cea5f82f4742,da_tai,0,data\du_lieu_logo\anh_goc\san_pham_0080\anh_001_e9bf952d.jpg,dau_hieu_gallery=gallery|image
anh_000328,san_pham_0080,2,,,https://hathyo.com/product/2287,https://d134sx875xrex2.cloudfront.net/z7Aw4MoRNJ_gen-h-z7972768776463_5ff3e6ac385f7e0d9262556aa47793b9.jpg,meta:og:image,1,200,image/jpeg,541165,443d321096cb58bff5f4dcc26633934047a6f900e31c593ca2533b6ddbd4adbc,trung_sha256,1,data\du_lieu_logo\anh_goc\san_pham_0069\anh_002_443d3210.jpg,dau_hieu_gallery=gallery|image
anh_000329,san_pham_0080,3,,,https://hathyo.com/product/2287,https://d134sx875xrex2.cloudfront.net/5I1CnZBiQ4_gen-h-z7972768778936_87878fdc530dda3259a7f3eb79a907fb.jpg,meta:og:image,1,200,image/jpeg,709346,38b6fe6c889d977387c1a9f1b8fac6c236d01f06dc2ed23c85644ec87238a489,trung_sha256,1,data\du_lieu_logo\anh_goc\san_pham_0069\anh_003_38b6fe6c.jpg,dau_hieu_gallery=gallery|image
anh_000330,san_pham_0080,4,,,https://hathyo.com/product/2287,https://d134sx875xrex2.cloudfront.net/ynG9eNnLt3_gen-h-z7972768779139_7dfb2fe0b95c059d3a1f17d7b84b6c8d.jpg,meta:og:image,1,200,image/jpeg,353069,62df50fd17305334d6cfb5bc96f5bcf7e6eaf1d913a3c0c022661a36463c0a62,trung_sha256,1,data\du_lieu_logo\anh_goc\san_pham_0069\anh_004_62df50fd.jpg,dau_hieu_gallery=gallery|image
anh_000331,san_pham_0081,1,anh_001_72b086b8.jpg,data\du_lieu_logo\anh_goc\san_pham_0081\anh_001_72b086b8.jpg,https://hathyo.com/product/2288,https://d134sx875xrex2.cloudfront.net/nsyu0yLNJJ_gen-h-z7982792304807_70bb1a7649eb257983e9202251cf5295.jpg,meta:og:image,1,200,image/jpeg,329269,72b086b87ec32fbabef6b0f553c7b9a83ca7449e3ae0cd5a9b3821c28b814f61,da_tai,0,data\du_lieu_logo\anh_goc\san_pham_0081\anh_001_72b086b8.jpg,dau_hieu_gallery=gallery|image
anh_000332,san_pham_0081,2,,,https://hathyo.com/product/2288,https://d134sx875xrex2.cloudfront.net/dsBTuM1Aqf_gen-h-z7972768776463_5ff3e6ac385f7e0d9262556aa47793b9.jpg,meta:og:image,1,200,image/jpeg,541165,443d321096cb58bff5f4dcc26633934047a6f900e31c593ca2533b6ddbd4adbc,trung_sha256,1,data\du_lieu_logo\anh_goc\san_pham_0069\anh_002_443d3210.jpg,dau_hieu_gallery=gallery|image
anh_000333,san_pham_0081,3,,,https://hathyo.com/product/2288,https://d134sx875xrex2.cloudfront.net/llsbHzsleT_gen-h-z7972768778936_87878fdc530dda3259a7f3eb79a907fb.jpg,meta:og:image,1,200,image/jpeg,709346,38b6fe6c889d977387c1a9f1b8fac6c236d01f06dc2ed23c85644ec87238a489,trung_sha256,1,data\du_lieu_logo\anh_goc\san_pham_0069\anh_003_38b6fe6c.jpg,dau_hieu_gallery=gallery|image
anh_000334,san_pham_0081,4,,,https://hathyo.com/product/2288,https://d134sx875xrex2.cloudfront.net/VX2N3krjob_gen-h-z7972768779139_7dfb2fe0b95c059d3a1f17d7b84b6c8d.jpg,meta:og:image,1,200,image/jpeg,353069,62df50fd17305334d6cfb5bc96f5bcf7e6eaf1d913a3c0c022661a36463c0a62,trung_sha256,1,data\du_lieu_logo\anh_goc\san_pham_0069\anh_004_62df50fd.jpg,dau_hieu_gallery=gallery|image
anh_000335,san_pham_0082,1,anh_001_d27dc7e8.jpg,data\du_lieu_logo\anh_goc\san_pham_0082\anh_001_d27dc7e8.jpg,https://hathyo.com/product/2289,https://d134sx875xrex2.cloudfront.net/HdQwnaRQwB_gen-h-z7982792684068_05c34ded7c6b211df40cc0b0295576d7.jpg,meta:og:image,1,200,image/jpeg,209977,d27dc7e8b6650f41d5be0a8a895b3bb171cbc08321a09a83da9b54f835f01b11,da_tai,0,data\du_lieu_logo\anh_goc\san_pham_0082\anh_001_d27dc7e8.jpg,dau_hieu_gallery=gallery|image
anh_000336,san_pham_0082,2,,,https://hathyo.com/product/2289,https://d134sx875xrex2.cloudfront.net/Plk8dbHx5z_gen-h-z7972768776463_5ff3e6ac385f7e0d9262556aa47793b9.jpg,meta:og:image,1,200,image/jpeg,541165,443d321096cb58bff5f4dcc26633934047a6f900e31c593ca2533b6ddbd4adbc,trung_sha256,1,data\du_lieu_logo\anh_goc\san_pham_0069\anh_002_443d3210.jpg,dau_hieu_gallery=gallery|image
anh_000337,san_pham_0082,3,,,https://hathyo.com/product/2289,https://d134sx875xrex2.cloudfront.net/KjdAavNi0L_gen-h-z7972768778936_87878fdc530dda3259a7f3eb79a907fb.jpg,meta:og:image,1,200,image/jpeg,709346,38b6fe6c889d977387c1a9f1b8fac6c236d01f06dc2ed23c85644ec87238a489,trung_sha256,1,data\du_lieu_logo\anh_goc\san_pham_0069\anh_003_38b6fe6c.jpg,dau_hieu_gallery=gallery|image
anh_000338,san_pham_0082,4,,,https://hathyo.com/product/2289,https://d134sx875xrex2.cloudfront.net/UYYXXNZYkq_gen-h-z7972768779139_7dfb2fe0b95c059d3a1f17d7b84b6c8d.jpg,meta:og:image,1,200,image/jpeg,353069,62df50fd17305334d6cfb5bc96f5bcf7e6eaf1d913a3c0c022661a36463c0a62,trung_sha256,1,data\du_lieu_logo\anh_goc\san_pham_0069\anh_004_62df50fd.jpg,dau_hieu_gallery=gallery|image
anh_000339,san_pham_0083,1,anh_001_e89c6ae4.jpg,data\du_lieu_logo\anh_goc\san_pham_0083\anh_001_e89c6ae4.jpg,https://hathyo.com/product/229,https://d134sx875xrex2.cloudfront.net/v82cUPXX8w_2%20(5).jpg,meta:og:image,1,200,image/jpeg,1898363,e89c6ae4e476ca02d545d72b5f1768427e2f9f50bce728995805fa2d55cb08c2,da_tai,0,data\du_lieu_logo\anh_goc\san_pham_0083\anh_001_e89c6ae4.jpg,dau_hieu_gallery=gallery|image
anh_000340,san_pham_0084,1,,,https://hathyo.com/product/2290,https://d134sx875xrex2.cloudfront.net/m7NKsJ9okf_gen-h-z7982792721623_285907cc5fcc66460e12e807629e4fe8.jpg,meta:og:image,1,200,image/jpeg,303881,4b6f51a674bbede6cffe7dd7f80dd3ef0c54ac084eb29b35223a7152afbd8379,trung_sha256,1,data\du_lieu_logo\anh_goc\san_pham_0072\anh_001_4b6f51a6.jpg,dau_hieu_gallery=gallery|image
anh_000341,san_pham_0084,2,,,https://hathyo.com/product/2290,https://d134sx875xrex2.cloudfront.net/5hdfeIT8Cj_gen-h-z7972768776463_5ff3e6ac385f7e0d9262556aa47793b9.jpg,meta:og:image,1,200,image/jpeg,541165,443d321096cb58bff5f4dcc26633934047a6f900e31c593ca2533b6ddbd4adbc,trung_sha256,1,data\du_lieu_logo\anh_goc\san_pham_0069\anh_002_443d3210.jpg,dau_hieu_gallery=gallery|image
anh_000342,san_pham_0084,3,,,https://hathyo.com/product/2290,https://d134sx875xrex2.cloudfront.net/2QjEoXbPzO_gen-h-z7972768778936_87878fdc530dda3259a7f3eb79a907fb.jpg,meta:og:image,1,200,image/jpeg,709346,38b6fe6c889d977387c1a9f1b8fac6c236d01f06dc2ed23c85644ec87238a489,trung_sha256,1,data\du_lieu_logo\anh_goc\san_pham_0069\anh_003_38b6fe6c.jpg,dau_hieu_gallery=gallery|image
anh_000343,san_pham_0084,4,,,https://hathyo.com/product/2290,https://d134sx875xrex2.cloudfront.net/V63kxJerQJ_gen-h-z7972768779139_7dfb2fe0b95c059d3a1f17d7b84b6c8d.jpg,meta:og:image,1,200,image/jpeg,353069,62df50fd17305334d6cfb5bc96f5bcf7e6eaf1d913a3c0c022661a36463c0a62,trung_sha256,1,data\du_lieu_logo\anh_goc\san_pham_0069\anh_004_62df50fd.jpg,dau_hieu_gallery=gallery|image
anh_000344,san_pham_0085,1,anh_001_89544556.jpg,data\du_lieu_logo\anh_goc\san_pham_0085\anh_001_89544556.jpg,https://hathyo.com/product/2291,https://d134sx875xrex2.cloudfront.net/REqfACk62f_gen-h-z7982792684875_7ded60de99556cfe4a7e1ecd1dcc4d03.jpg,meta:og:image,1,200,image/jpeg,327215,89544556d453086a3cc124c8f85626732db90d9d2b824cb6dc3ce362aae04778,da_tai,0,data\du_lieu_logo\anh_goc\san_pham_0085\anh_001_89544556.jpg,dau_hieu_gallery=gallery|image
anh_000345,san_pham_0085,2,,,https://hathyo.com/product/2291,https://d134sx875xrex2.cloudfront.net/j0wWy7AyTj_gen-h-z7972768776463_5ff3e6ac385f7e0d9262556aa47793b9.jpg,meta:og:image,1,200,image/jpeg,541165,443d321096cb58bff5f4dcc26633934047a6f900e31c593ca2533b6ddbd4adbc,trung_sha256,1,data\du_lieu_logo\anh_goc\san_pham_0069\anh_002_443d3210.jpg,dau_hieu_gallery=gallery|image
anh_000346,san_pham_0085,3,,,https://hathyo.com/product/2291,https://d134sx875xrex2.cloudfront.net/0M4Hm2HTo1_gen-h-z7972768778936_87878fdc530dda3259a7f3eb79a907fb.jpg,meta:og:image,1,200,image/jpeg,709346,38b6fe6c889d977387c1a9f1b8fac6c236d01f06dc2ed23c85644ec87238a489,trung_sha256,1,data\du_lieu_logo\anh_goc\san_pham_0069\anh_003_38b6fe6c.jpg,dau_hieu_gallery=gallery|image
anh_000347,san_pham_0085,4,,,https://hathyo.com/product/2291,https://d134sx875xrex2.cloudfront.net/cLWysDhc47_gen-h-z7972768779139_7dfb2fe0b95c059d3a1f17d7b84b6c8d.jpg,meta:og:image,1,200,image/jpeg,353069,62df50fd17305334d6cfb5bc96f5bcf7e6eaf1d913a3c0c022661a36463c0a62,trung_sha256,1,data\du_lieu_logo\anh_goc\san_pham_0069\anh_004_62df50fd.jpg,dau_hieu_gallery=gallery|image
anh_000348,san_pham_0086,1,anh_001_84e9397c.jpg,data\du_lieu_logo\anh_goc\san_pham_0086\anh_001_84e9397c.jpg,https://hathyo.com/product/2292,https://d134sx875xrex2.cloudfront.net/3CPwq8WNzh_gen-h-z7982792335581_1d7b4068ad3cd6039748cb3a44536d35.jpg,meta:og:image,1,200,image/jpeg,383691,84e9397c2d208a6c36cf936682aa770c0e51040d742b6380f017234a0d196d4a,da_tai,0,data\du_lieu_logo\anh_goc\san_pham_0086\anh_001_84e9397c.jpg,dau_hieu_gallery=gallery|image
anh_000349,san_pham_0086,2,,,https://hathyo.com/product/2292,https://d134sx875xrex2.cloudfront.net/yNEtacJEVP_gen-h-z7972768776463_5ff3e6ac385f7e0d9262556aa47793b9.jpg,meta:og:image,1,200,image/jpeg,541165,443d321096cb58bff5f4dcc26633934047a6f900e31c593ca2533b6ddbd4adbc,trung_sha256,1,data\du_lieu_logo\anh_goc\san_pham_0069\anh_002_443d3210.jpg,dau_hieu_gallery=gallery|image
anh_000350,san_pham_0086,3,,,https://hathyo.com/product/2292,https://d134sx875xrex2.cloudfront.net/LZwidp2aGM_gen-h-z7972768778936_87878fdc530dda3259a7f3eb79a907fb.jpg,meta:og:image,1,200,image/jpeg,709346,38b6fe6c889d977387c1a9f1b8fac6c236d01f06dc2ed23c85644ec87238a489,trung_sha256,1,data\du_lieu_logo\anh_goc\san_pham_0069\anh_003_38b6fe6c.jpg,dau_hieu_gallery=gallery|image
anh_000351,san_pham_0086,4,,,https://hathyo.com/product/2292,https://d134sx875xrex2.cloudfront.net/bIlQS3ltqU_gen-h-z7972768779139_7dfb2fe0b95c059d3a1f17d7b84b6c8d.jpg,meta:og:image,1,200,image/jpeg,353069,62df50fd17305334d6cfb5bc96f5bcf7e6eaf1d913a3c0c022661a36463c0a62,trung_sha256,1,data\du_lieu_logo\anh_goc\san_pham_0069\anh_004_62df50fd.jpg,dau_hieu_gallery=gallery|image
anh_000352,san_pham_0087,1,anh_001_5dac4fde.jpg,data\du_lieu_logo\anh_goc\san_pham_0087\anh_001_5dac4fde.jpg,https://hathyo.com/product/2297,https://d134sx875xrex2.cloudfront.net/8WaEPhCliV_gen-n-z7986915054340_aca7abd9a8b78be08813f2089313d53f.jpg,meta:og:image,1,200,image/jpeg,114179,5dac4fdee768a6d775b39722504d9311ae632ad72003639b4a1c50ac5a4cb5f6,da_tai,0,data\du_lieu_logo\anh_goc\san_pham_0087\anh_001_5dac4fde.jpg,dau_hieu_gallery=gallery|image
anh_000353,san_pham_0087,2,,,https://hathyo.com/product/2297,https://d134sx875xrex2.cloudfront.net/QHbQaujtsK_gen-h-z7972768776463_5ff3e6ac385f7e0d9262556aa47793b9.jpg,meta:og:image,1,200,image/jpeg,541165,443d321096cb58bff5f4dcc26633934047a6f900e31c593ca2533b6ddbd4adbc,trung_sha256,1,data\du_lieu_logo\anh_goc\san_pham_0069\anh_002_443d3210.jpg,dau_hieu_gallery=gallery|image
anh_000354,san_pham_0087,3,,,https://hathyo.com/product/2297,https://d134sx875xrex2.cloudfront.net/KNwJTsFdN4_gen-h-z7972768778936_87878fdc530dda3259a7f3eb79a907fb.jpg,meta:og:image,1,200,image/jpeg,709346,38b6fe6c889d977387c1a9f1b8fac6c236d01f06dc2ed23c85644ec87238a489,trung_sha256,1,data\du_lieu_logo\anh_goc\san_pham_0069\anh_003_38b6fe6c.jpg,dau_hieu_gallery=gallery|image
anh_000355,san_pham_0087,4,,,https://hathyo.com/product/2297,https://d134sx875xrex2.cloudfront.net/DilGnqiYg2_gen-h-z7972768779139_7dfb2fe0b95c059d3a1f17d7b84b6c8d.jpg,meta:og:image,1,200,image/jpeg,353069,62df50fd17305334d6cfb5bc96f5bcf7e6eaf1d913a3c0c022661a36463c0a62,trung_sha256,1,data\du_lieu_logo\anh_goc\san_pham_0069\anh_004_62df50fd.jpg,dau_hieu_gallery=gallery|image
anh_000356,san_pham_0088,1,anh_001_82256ebe.jpg,data\du_lieu_logo\anh_goc\san_pham_0088\anh_001_82256ebe.jpg,https://hathyo.com/product/2298,https://d134sx875xrex2.cloudfront.net/mSynHuS2F4_gen-h-z7986917175882_ad051e16e78dd19eb7e80d30db301d52.jpg,meta:og:image,1,200,image/jpeg,356134,82256ebec46920c76a7b4056d63d6a8f260b7e7f8c66d7570c29b29695c9ebcb,da_tai,0,data\du_lieu_logo\anh_goc\san_pham_0088\anh_001_82256ebe.jpg,dau_hieu_gallery=gallery|image
anh_000357,san_pham_0088,2,,,https://hathyo.com/product/2298,https://d134sx875xrex2.cloudfront.net/167shMVFix_gen-h-z7972768776463_5ff3e6ac385f7e0d9262556aa47793b9.jpg,meta:og:image,1,200,image/jpeg,541165,443d321096cb58bff5f4dcc26633934047a6f900e31c593ca2533b6ddbd4adbc,trung_sha256,1,data\du_lieu_logo\anh_goc\san_pham_0069\anh_002_443d3210.jpg,dau_hieu_gallery=gallery|image
anh_000358,san_pham_0088,3,,,https://hathyo.com/product/2298,https://d134sx875xrex2.cloudfront.net/gB3iRQNviH_gen-h-z7972768778936_87878fdc530dda3259a7f3eb79a907fb.jpg,meta:og:image,1,200,image/jpeg,709346,38b6fe6c889d977387c1a9f1b8fac6c236d01f06dc2ed23c85644ec87238a489,trung_sha256,1,data\du_lieu_logo\anh_goc\san_pham_0069\anh_003_38b6fe6c.jpg,dau_hieu_gallery=gallery|image
anh_000359,san_pham_0088,4,,,https://hathyo.com/product/2298,https://d134sx875xrex2.cloudfront.net/77BI1dOQKi_gen-h-z7972768779139_7dfb2fe0b95c059d3a1f17d7b84b6c8d.jpg,meta:og:image,1,200,image/jpeg,353069,62df50fd17305334d6cfb5bc96f5bcf7e6eaf1d913a3c0c022661a36463c0a62,trung_sha256,1,data\du_lieu_logo\anh_goc\san_pham_0069\anh_004_62df50fd.jpg,dau_hieu_gallery=gallery|image
anh_000360,san_pham_0089,1,anh_001_71b96314.jpg,data\du_lieu_logo\anh_goc\san_pham_0089\anh_001_71b96314.jpg,https://hathyo.com/product/2299,https://d134sx875xrex2.cloudfront.net/YOa6loOGFC_gen-n-z7986919523573_ac9b9b0458c86c7d70c3e356753daffb.jpg,meta:og:image,1,200,image/jpeg,214102,71b963148990847522ce8dedfc06aaa94d434f0e80674f89481b886be4d2ce85,da_tai,0,data\du_lieu_logo\anh_goc\san_pham_0089\anh_001_71b96314.jpg,dau_hieu_gallery=gallery|image
anh_000361,san_pham_0089,2,,,https://hathyo.com/product/2299,https://d134sx875xrex2.cloudfront.net/bDmd8yRIHG_gen-h-z7972768776463_5ff3e6ac385f7e0d9262556aa47793b9.jpg,meta:og:image,1,200,image/jpeg,541165,443d321096cb58bff5f4dcc26633934047a6f900e31c593ca2533b6ddbd4adbc,trung_sha256,1,data\du_lieu_logo\anh_goc\san_pham_0069\anh_002_443d3210.jpg,dau_hieu_gallery=gallery|image
anh_000362,san_pham_0089,3,,,https://hathyo.com/product/2299,https://d134sx875xrex2.cloudfront.net/5UVD4zuRBx_gen-h-z7972768778936_87878fdc530dda3259a7f3eb79a907fb.jpg,meta:og:image,1,200,image/jpeg,709346,38b6fe6c889d977387c1a9f1b8fac6c236d01f06dc2ed23c85644ec87238a489,trung_sha256,1,data\du_lieu_logo\anh_goc\san_pham_0069\anh_003_38b6fe6c.jpg,dau_hieu_gallery=gallery|image
anh_000363,san_pham_0089,4,,,https://hathyo.com/product/2299,https://d134sx875xrex2.cloudfront.net/GwDOXCesQB_gen-h-z7972768779139_7dfb2fe0b95c059d3a1f17d7b84b6c8d.jpg,meta:og:image,1,200,image/jpeg,353069,62df50fd17305334d6cfb5bc96f5bcf7e6eaf1d913a3c0c022661a36463c0a62,trung_sha256,1,data\du_lieu_logo\anh_goc\san_pham_0069\anh_004_62df50fd.jpg,dau_hieu_gallery=gallery|image
anh_000364,san_pham_0090,1,anh_001_37928ca0.jpg,data\du_lieu_logo\anh_goc\san_pham_0090\anh_001_37928ca0.jpg,https://hathyo.com/product/230,https://d134sx875xrex2.cloudfront.net/QFy6bpX94s_2.jpeg,meta:og:image,1,200,image/jpeg,394369,37928ca0fa561a4a3eb14f469d4a4aecd78a981fae0c911c3ddc5bd7782a622c,da_tai,0,data\du_lieu_logo\anh_goc\san_pham_0090\anh_001_37928ca0.jpg,dau_hieu_gallery=gallery|image
anh_000365,san_pham_0090,2,,,https://hathyo.com/product/230,https://d134sx875xrex2.cloudfront.net/xy4w0yFfwB_ISO%202200%20%202018%20(2).jpg,meta:og:image,1,200,image/jpeg,757043,0129476e83b4cc9d8954f12ea060077bce8ad9ce30b737f3923ea5f905a91369,trung_sha256,1,data\du_lieu_logo\anh_goc\san_pham_0066\anh_002_0129476e.jpg,dau_hieu_gallery=gallery|image
anh_000366,san_pham_0091,1,anh_001_ec8669c2.jpg,data\du_lieu_logo\anh_goc\san_pham_0091\anh_001_ec8669c2.jpg,https://hathyo.com/product/2300,https://d134sx875xrex2.cloudfront.net/IHuKkYO9J3_gen-h-z7986934622731_46116e8b5ba0c6b8793970977a7fe783.jpg,meta:og:image,1,200,image/jpeg,540236,ec8669c2d2d8c9c9f15bf4ff4e7766cf253c2ca68257d722a205c2c0d6a89091,da_tai,0,data\du_lieu_logo\anh_goc\san_pham_0091\anh_001_ec8669c2.jpg,dau_hieu_gallery=gallery|image
anh_000367,san_pham_0091,2,anh_002_6d85fddc.jpg,data\du_lieu_logo\anh_goc\san_pham_0091\anh_002_6d85fddc.jpg,https://hathyo.com/product/2300,https://d134sx875xrex2.cloudfront.net/XF9suCzQhV_gen-h-z7986933551686_a50c9300432d8746c6e55fe7b3e66d3e.jpg,meta:og:image,1,200,image/jpeg,568010,6d85fddce23d4d3a592531c12b2dd3ba7695f09d1410a62dbe9961b454c2d8d1,da_tai,0,data\du_lieu_logo\anh_goc\san_pham_0091\anh_002_6d85fddc.jpg,dau_hieu_gallery=gallery|image
anh_000368,san_pham_0091,3,,,https://hathyo.com/product/2300,https://d134sx875xrex2.cloudfront.net/ULHtRSlEpe_gen-h-z7972768776463_5ff3e6ac385f7e0d9262556aa47793b9.jpg,meta:og:image,1,200,image/jpeg,541165,443d321096cb58bff5f4dcc26633934047a6f900e31c593ca2533b6ddbd4adbc,trung_sha256,1,data\du_lieu_logo\anh_goc\san_pham_0069\anh_002_443d3210.jpg,dau_hieu_gallery=gallery|image
anh_000369,san_pham_0091,4,,,https://hathyo.com/product/2300,https://d134sx875xrex2.cloudfront.net/lcja6OJlFv_gen-h-z7972768778936_87878fdc530dda3259a7f3eb79a907fb.jpg,meta:og:image,1,200,image/jpeg,709346,38b6fe6c889d977387c1a9f1b8fac6c236d01f06dc2ed23c85644ec87238a489,trung_sha256,1,data\du_lieu_logo\anh_goc\san_pham_0069\anh_003_38b6fe6c.jpg,dau_hieu_gallery=gallery|image
anh_000370,san_pham_0091,5,,,https://hathyo.com/product/2300,https://d134sx875xrex2.cloudfront.net/IynNuKttnM_gen-h-z7972768779139_7dfb2fe0b95c059d3a1f17d7b84b6c8d.jpg,meta:og:image,1,200,image/jpeg,353069,62df50fd17305334d6cfb5bc96f5bcf7e6eaf1d913a3c0c022661a36463c0a62,trung_sha256,1,data\du_lieu_logo\anh_goc\san_pham_0069\anh_004_62df50fd.jpg,dau_hieu_gallery=gallery|image
anh_000371,san_pham_0092,1,anh_001_1c11464d.jpg,data\du_lieu_logo\anh_goc\san_pham_0092\anh_001_1c11464d.jpg,https://hathyo.com/product/2301,https://d134sx875xrex2.cloudfront.net/rTyAyNPs7O_gen-h-z7986939467340_d0d8bcc0e6d5a88ea89c4bc57146b8b0.jpg,meta:og:image,1,200,image/jpeg,378609,1c11464dd9d24184ae99bfeec81cf4c4beb190037f87abec4e348e27070b7866,da_tai,0,data\du_lieu_logo\anh_goc\san_pham_0092\anh_001_1c11464d.jpg,dau_hieu_gallery=gallery|image
anh_000372,san_pham_0092,2,,,https://hathyo.com/product/2301,https://d134sx875xrex2.cloudfront.net/YqgJfitKVO_gen-h-z7972768776463_5ff3e6ac385f7e0d9262556aa47793b9.jpg,meta:og:image,1,200,image/jpeg,541165,443d321096cb58bff5f4dcc26633934047a6f900e31c593ca2533b6ddbd4adbc,trung_sha256,1,data\du_lieu_logo\anh_goc\san_pham_0069\anh_002_443d3210.jpg,dau_hieu_gallery=gallery|image
anh_000373,san_pham_0092,3,,,https://hathyo.com/product/2301,https://d134sx875xrex2.cloudfront.net/9tyJvZG6BW_gen-h-z7972768778936_87878fdc530dda3259a7f3eb79a907fb.jpg,meta:og:image,1,200,image/jpeg,709346,38b6fe6c889d977387c1a9f1b8fac6c236d01f06dc2ed23c85644ec87238a489,trung_sha256,1,data\du_lieu_logo\anh_goc\san_pham_0069\anh_003_38b6fe6c.jpg,dau_hieu_gallery=gallery|image
anh_000374,san_pham_0092,4,,,https://hathyo.com/product/2301,https://d134sx875xrex2.cloudfront.net/mvFWXyruUO_gen-h-z7972768779139_7dfb2fe0b95c059d3a1f17d7b84b6c8d.jpg,meta:og:image,1,200,image/jpeg,353069,62df50fd17305334d6cfb5bc96f5bcf7e6eaf1d913a3c0c022661a36463c0a62,trung_sha256,1,data\du_lieu_logo\anh_goc\san_pham_0069\anh_004_62df50fd.jpg,dau_hieu_gallery=gallery|image
anh_000375,san_pham_0093,1,anh_001_a1bfb531.jpg,data\du_lieu_logo\anh_goc\san_pham_0093\anh_001_a1bfb531.jpg,https://hathyo.com/product/2302,https://d134sx875xrex2.cloudfront.net/G5iNb8ba68_gen-h-z7986957594089_6bd5d87898acc659355bc9065a1c700e.jpg,meta:og:image,1,200,image/jpeg,518595,a1bfb53117c41b0304a9d65394bf4dc75bf39144f2f9e54239f5a1303edfc092,da_tai,0,data\du_lieu_logo\anh_goc\san_pham_0093\anh_001_a1bfb531.jpg,dau_hieu_gallery=gallery|image
anh_000376,san_pham_0093,2,,,https://hathyo.com/product/2302,https://d134sx875xrex2.cloudfront.net/2GQfix4Dfl_gen-h-z7972768776463_5ff3e6ac385f7e0d9262556aa47793b9.jpg,meta:og:image,1,200,image/jpeg,541165,443d321096cb58bff5f4dcc26633934047a6f900e31c593ca2533b6ddbd4adbc,trung_sha256,1,data\du_lieu_logo\anh_goc\san_pham_0069\anh_002_443d3210.jpg,dau_hieu_gallery=gallery|image
anh_000377,san_pham_0093,3,,,https://hathyo.com/product/2302,https://d134sx875xrex2.cloudfront.net/JUw9ntYmcN_gen-h-z7972768778936_87878fdc530dda3259a7f3eb79a907fb.jpg,meta:og:image,1,200,image/jpeg,709346,38b6fe6c889d977387c1a9f1b8fac6c236d01f06dc2ed23c85644ec87238a489,trung_sha256,1,data\du_lieu_logo\anh_goc\san_pham_0069\anh_003_38b6fe6c.jpg,dau_hieu_gallery=gallery|image
anh_000378,san_pham_0093,4,,,https://hathyo.com/product/2302,https://d134sx875xrex2.cloudfront.net/LeywTHjSWj_gen-h-z7972768779139_7dfb2fe0b95c059d3a1f17d7b84b6c8d.jpg,meta:og:image,1,200,image/jpeg,353069,62df50fd17305334d6cfb5bc96f5bcf7e6eaf1d913a3c0c022661a36463c0a62,trung_sha256,1,data\du_lieu_logo\anh_goc\san_pham_0069\anh_004_62df50fd.jpg,dau_hieu_gallery=gallery|image
anh_000379,san_pham_0094,1,anh_001_5d96dc1d.jpg,data\du_lieu_logo\anh_goc\san_pham_0094\anh_001_5d96dc1d.jpg,https://hathyo.com/product/2303,https://d134sx875xrex2.cloudfront.net/3C5leTnn99_gen-h-z7987133386523_8ca3e4a878d41bca043f10d349a86518.jpg,meta:og:image,1,200,image/jpeg,387177,5d96dc1d0fb198761517829c454c7216de896ecf711fb4d8fe37a65ad2378505,da_tai,0,data\du_lieu_logo\anh_goc\san_pham_0094\anh_001_5d96dc1d.jpg,dau_hieu_gallery=gallery|image
anh_000380,san_pham_0094,2,,,https://hathyo.com/product/2303,https://d134sx875xrex2.cloudfront.net/q8c09UjGC3_gen-h-z7972768776463_5ff3e6ac385f7e0d9262556aa47793b9.jpg,meta:og:image,1,200,image/jpeg,541165,443d321096cb58bff5f4dcc26633934047a6f900e31c593ca2533b6ddbd4adbc,trung_sha256,1,data\du_lieu_logo\anh_goc\san_pham_0069\anh_002_443d3210.jpg,dau_hieu_gallery=gallery|image
anh_000381,san_pham_0094,3,,,https://hathyo.com/product/2303,https://d134sx875xrex2.cloudfront.net/6XCWgSvxJI_gen-h-z7972768778936_87878fdc530dda3259a7f3eb79a907fb.jpg,meta:og:image,1,200,image/jpeg,709346,38b6fe6c889d977387c1a9f1b8fac6c236d01f06dc2ed23c85644ec87238a489,trung_sha256,1,data\du_lieu_logo\anh_goc\san_pham_0069\anh_003_38b6fe6c.jpg,dau_hieu_gallery=gallery|image
anh_000382,san_pham_0094,4,,,https://hathyo.com/product/2303,https://d134sx875xrex2.cloudfront.net/60CIc0vnZI_gen-h-z7972768779139_7dfb2fe0b95c059d3a1f17d7b84b6c8d.jpg,meta:og:image,1,200,image/jpeg,353069,62df50fd17305334d6cfb5bc96f5bcf7e6eaf1d913a3c0c022661a36463c0a62,trung_sha256,1,data\du_lieu_logo\anh_goc\san_pham_0069\anh_004_62df50fd.jpg,dau_hieu_gallery=gallery|image
anh_000383,san_pham_0095,1,anh_001_af32927d.jpg,data\du_lieu_logo\anh_goc\san_pham_0095\anh_001_af32927d.jpg,https://hathyo.com/product/2304,https://d134sx875xrex2.cloudfront.net/pTLFm9VNSQ_gen-h-z7987401984610_69e4dd7efd09360bba92259d0e5159b0.jpg,meta:og:image,1,200,image/jpeg,506152,af32927dd4f20dcdbab3acb4c9599bd4f0f27a60d174bceec21be4c6124e412e,da_tai,0,data\du_lieu_logo\anh_goc\san_pham_0095\anh_001_af32927d.jpg,dau_hieu_gallery=gallery|image
anh_000384,san_pham_0095,2,,,https://hathyo.com/product/2304,https://d134sx875xrex2.cloudfront.net/uqZcNajRUq_gen-h-z7972768776463_5ff3e6ac385f7e0d9262556aa47793b9.jpg,meta:og:image,1,200,image/jpeg,541165,443d321096cb58bff5f4dcc26633934047a6f900e31c593ca2533b6ddbd4adbc,trung_sha256,1,data\du_lieu_logo\anh_goc\san_pham_0069\anh_002_443d3210.jpg,dau_hieu_gallery=gallery|image
anh_000385,san_pham_0095,3,,,https://hathyo.com/product/2304,https://d134sx875xrex2.cloudfront.net/Ha1nxRz708_gen-h-z7972768778936_87878fdc530dda3259a7f3eb79a907fb.jpg,meta:og:image,1,200,image/jpeg,709346,38b6fe6c889d977387c1a9f1b8fac6c236d01f06dc2ed23c85644ec87238a489,trung_sha256,1,data\du_lieu_logo\anh_goc\san_pham_0069\anh_003_38b6fe6c.jpg,dau_hieu_gallery=gallery|image
anh_000386,san_pham_0095,4,,,https://hathyo.com/product/2304,https://d134sx875xrex2.cloudfront.net/5LLzIPdlcB_gen-h-z7972768779139_7dfb2fe0b95c059d3a1f17d7b84b6c8d.jpg,meta:og:image,1,200,image/jpeg,353069,62df50fd17305334d6cfb5bc96f5bcf7e6eaf1d913a3c0c022661a36463c0a62,trung_sha256,1,data\du_lieu_logo\anh_goc\san_pham_0069\anh_004_62df50fd.jpg,dau_hieu_gallery=gallery|image
anh_000387,san_pham_0096,1,anh_001_65704765.jpg,data\du_lieu_logo\anh_goc\san_pham_0096\anh_001_65704765.jpg,https://hathyo.com/product/2305,https://d134sx875xrex2.cloudfront.net/0mONQHFFtE_gen-h-z7990676426255_1072b7b642ba90bb18717d16e9200589.jpg,meta:og:image,1,200,image/jpeg,239360,657047656d0080ca9e0b87fdf4e77e349b4ae40c07966ddfa713960e8857397c,da_tai,0,data\du_lieu_logo\anh_goc\san_pham_0096\anh_001_65704765.jpg,dau_hieu_gallery=gallery|image
anh_000388,san_pham_0097,1,anh_001_ae48e445.jpg,data\du_lieu_logo\anh_goc\san_pham_0097\anh_001_ae48e445.jpg,https://hathyo.com/product/2306,https://d134sx875xrex2.cloudfront.net/2zIBGrVpsl_gen-h-z7990676455437_423e3fa3d2746e5ca2f451cd82e19103.jpg,meta:og:image,1,200,image/jpeg,406558,ae48e44553e805167d3662db5cc5d927f8cc208734c557a943e6fb222c1f12d3,da_tai,0,data\du_lieu_logo\anh_goc\san_pham_0097\anh_001_ae48e445.jpg,dau_hieu_gallery=gallery|image
anh_000389,san_pham_0097,2,anh_002_d553e663.jpg,data\du_lieu_logo\anh_goc\san_pham_0097\anh_002_d553e663.jpg,https://hathyo.com/product/2306,https://d134sx875xrex2.cloudfront.net/gpooFl6Abr_gen-h-z7990673753310_483832a7838c3db945e153068cdc49c7.jpg,meta:og:image,1,200,image/jpeg,495659,d553e663bb261a5a62d0a1e941e6bce748c5ad8a17cdf5a25a892f786ae1ecb4,da_tai,0,data\du_lieu_logo\anh_goc\san_pham_0097\anh_002_d553e663.jpg,dau_hieu_gallery=gallery|image
anh_000390,san_pham_0098,1,anh_001_4246fdb7.jpg,data\du_lieu_logo\anh_goc\san_pham_0098\anh_001_4246fdb7.jpg,https://hathyo.com/product/2307,https://d134sx875xrex2.cloudfront.net/C5oohF13ly_gen-h-z7990676431239_f270aa5b99fb5308e3d8effdf7e5a878.jpg,meta:og:image,1,200,image/jpeg,264038,4246fdb7a6536b44294ea0943fdb6473ceea21e4bfab2bc643378709ffd85de1,da_tai,0,data\du_lieu_logo\anh_goc\san_pham_0098\anh_001_4246fdb7.jpg,dau_hieu_gallery=gallery|image
anh_000391,san_pham_0098,2,anh_002_12dbc277.jpg,data\du_lieu_logo\anh_goc\san_pham_0098\anh_002_12dbc277.jpg,https://hathyo.com/product/2307,https://d134sx875xrex2.cloudfront.net/yalrLzVs88_gen-h-z7990673398920_4f86f62d9b9edc08276081bfe633aab9.jpg,meta:og:image,1,200,image/jpeg,496581,12dbc277849f11e041ab7a67cdb9c40dea207d7a463e8728bc813118c5f0231e,da_tai,0,data\du_lieu_logo\anh_goc\san_pham_0098\anh_002_12dbc277.jpg,dau_hieu_gallery=gallery|image
anh_000392,san_pham_0099,1,anh_001_06052d3c.jpg,data\du_lieu_logo\anh_goc\san_pham_0099\anh_001_06052d3c.jpg,https://hathyo.com/product/2308,https://d134sx875xrex2.cloudfront.net/E9NOs5Mlwn_gen-h-z7990676414160_64169b607e894d8591a678995d038f85.jpg,meta:og:image,1,200,image/jpeg,158596,06052d3c1e513b3323a32dcef3e0d2569140bb68d0744504e08032dfd6779969,da_tai,0,data\du_lieu_logo\anh_goc\san_pham_0099\anh_001_06052d3c.jpg,dau_hieu_gallery=gallery|image
anh_000393,san_pham_0099,2,anh_002_4b2c7a9d.jpg,data\du_lieu_logo\anh_goc\san_pham_0099\anh_002_4b2c7a9d.jpg,https://hathyo.com/product/2308,https://d134sx875xrex2.cloudfront.net/TrpPDb3xXW_gen-h-z7990674238910_89cda874728929d787b068cd0f4d4057.jpg,meta:og:image,1,200,image/jpeg,382128,4b2c7a9d4facd313bb96d55b3aba781d94cec64f49a87ab620c1bdd4ba0dc320,da_tai,0,data\du_lieu_logo\anh_goc\san_pham_0099\anh_002_4b2c7a9d.jpg,dau_hieu_gallery=gallery|image
anh_000394,san_pham_0100,1,anh_001_94e070f4.jpg,data\du_lieu_logo\anh_goc\san_pham_0100\anh_001_94e070f4.jpg,https://hathyo.com/product/2309,https://d134sx875xrex2.cloudfront.net/kJDFXnkVAm_gen-h-z7990676384673_122af1159c557b9506b3d551c7c6a2de.jpg,meta:og:image,1,200,image/jpeg,154688,94e070f49a5d3f8758eb2c6b3eb67c04ad2214279f10fc989026c27e4449db78,da_tai,0,data\du_lieu_logo\anh_goc\san_pham_0100\anh_001_94e070f4.jpg,dau_hieu_gallery=gallery|image
anh_000395,san_pham_0100,2,anh_002_007aa73c.jpg,data\du_lieu_logo\anh_goc\san_pham_0100\anh_002_007aa73c.jpg,https://hathyo.com/product/2309,https://d134sx875xrex2.cloudfront.net/raXyLynAmb_gen-h-z7990674735934_54270eb587aba36d3640454683a1dbb9.jpg,meta:og:image,1,200,image/jpeg,353475,007aa73c83d7d54b17f6540a3878444fcb5d2e5c92f13cfd8a8dfadaf7021796,da_tai,0,data\du_lieu_logo\anh_goc\san_pham_0100\anh_002_007aa73c.jpg,dau_hieu_gallery=gallery|image
anh_000396,san_pham_0101,1,anh_001_e43b93bf.png,data\du_lieu_logo\anh_goc\san_pham_0101\anh_001_e43b93bf.png,https://hathyo.com/product/231,https://d134sx875xrex2.cloudfront.net/x10rYWUnsT_71DB9A5E-C189-46B0-B273-EF53835D0D08.png,meta:og:image,1,200,image/png,2654880,e43b93bf2d83263fd8e91ec2db2b9ee8a7b37d14c50afae5fba61aa04c225624,da_tai,0,data\du_lieu_logo\anh_goc\san_pham_0101\anh_001_e43b93bf.png,dau_hieu_gallery=gallery|image
anh_000397,san_pham_0101,2,,,https://hathyo.com/product/231,https://d134sx875xrex2.cloudfront.net/Zesg645uO6_ISO%202200%20%202018.jpg,meta:og:image,1,200,image/jpeg,757043,0129476e83b4cc9d8954f12ea060077bce8ad9ce30b737f3923ea5f905a91369,trung_sha256,1,data\du_lieu_logo\anh_goc\san_pham_0066\anh_002_0129476e.jpg,dau_hieu_gallery=gallery|image
anh_000398,san_pham_0102,1,anh_001_24c18a5e.jpg,data\du_lieu_logo\anh_goc\san_pham_0102\anh_001_24c18a5e.jpg,https://hathyo.com/product/2310,https://d134sx875xrex2.cloudfront.net/TeWLMgBaTe_gen-h-z7990676418931_17bc0e9998f285f19923314eaed214a5.jpg,meta:og:image,1,200,image/jpeg,248070,24c18a5e7ffc8cceb5f21a98902372c4967e64f6742721335d2ef5d7dfb9b78b,da_tai,0,data\du_lieu_logo\anh_goc\san_pham_0102\anh_001_24c18a5e.jpg,dau_hieu_gallery=gallery|image
anh_000399,san_pham_0103,1,anh_001_59b79794.jpg,data\du_lieu_logo\anh_goc\san_pham_0103\anh_001_59b79794.jpg,https://hathyo.com/product/2311,https://d134sx875xrex2.cloudfront.net/JSF0s4S5HY_43c-5009.jpg,meta:og:image,1,200,image/jpeg,19116,59b79794c7752657dde80f728da168d066884e48f04854ef531ad9e2ac8ff5b3,da_tai,0,data\du_lieu_logo\anh_goc\san_pham_0103\anh_001_59b79794.jpg,dau_hieu_gallery=gallery|image
anh_000400,san_pham_0103,2,anh_002_67a03c35.jpg,data\du_lieu_logo\anh_goc\san_pham_0103\anh_002_67a03c35.jpg,https://hathyo.com/product/2311,https://d134sx875xrex2.cloudfront.net/kTOXsDch6q_43csau-1136.jpg,meta:og:image,1,200,image/jpeg,7565,67a03c3528c877e7941b64b506e62d05f563d68579a2caac8aac9a027c1ea14b,da_tai,0,data\du_lieu_logo\anh_goc\san_pham_0103\anh_002_67a03c35.jpg,dau_hieu_gallery=gallery|image
anh_000401,san_pham_0104,1,anh_001_815974a6.jpg,data\du_lieu_logo\anh_goc\san_pham_0104\anh_001_815974a6.jpg,https://hathyo.com/product/2312,https://d134sx875xrex2.cloudfront.net/uB2GrekC6J_tv43in-5805.jpg,meta:og:image,1,200,image/jpeg,17821,815974a6d8ed96b13079a5f78f9720300cf8da834a506fbba34513255cf0f02c,da_tai,0,data\du_lieu_logo\anh_goc\san_pham_0104\anh_001_815974a6.jpg,dau_hieu_gallery=gallery|image
anh_000402,san_pham_0105,1,anh_001_ff3441e0.jpg,data\du_lieu_logo\anh_goc\san_pham_0105\anh_001_ff3441e0.jpg,https://hathyo.com/product/2313,https://d134sx875xrex2.cloudfront.net/GjCW1J8eyf_50in-9096.jpg,meta:og:image,1,200,image/jpeg,23967,ff3441e0d96985020da5be0f1ccd9a401672279165de32b07576a28574cb7630,da_tai,0,data\du_lieu_logo\anh_goc\san_pham_0105\anh_001_ff3441e0.jpg,dau_hieu_gallery=gallery|image
anh_000403,san_pham_0106,1,anh_001_0d8dd47e.jpg,data\du_lieu_logo\anh_goc\san_pham_0106\anh_001_0d8dd47e.jpg,https://hathyo.com/product/2314,https://d134sx875xrex2.cloudfront.net/t0P3Ya4w4S_55in-1013.jpg,meta:og:image,1,200,image/jpeg,35242,0d8dd47e68e517c0c3638953e61c05ba59aede84d72b6febd8428a51b1e24202,da_tai,0,data\du_lieu_logo\anh_goc\san_pham_0106\anh_001_0d8dd47e.jpg,dau_hieu_gallery=gallery|image
anh_000404,san_pham_0107,1,anh_001_f7669365.jpg,data\du_lieu_logo\anh_goc\san_pham_0107\anh_001_f7669365.jpg,https://hathyo.com/product/2315,https://d134sx875xrex2.cloudfront.net/E2siOLtEjn_65inch-2-6176.jpg,meta:og:image,1,200,image/jpeg,76498,f7669365a0c4ef80d733febd6e03f031e0ec69ed0521dee87aef285182639d35,da_tai,0,data\du_lieu_logo\anh_goc\san_pham_0107\anh_001_f7669365.jpg,dau_hieu_gallery=gallery|image
anh_000405,san_pham_0107,2,anh_002_9e0b320b.jpg,data\du_lieu_logo\anh_goc\san_pham_0107\anh_002_9e0b320b.jpg,https://hathyo.com/product/2315,https://d134sx875xrex2.cloudfront.net/iPMZv1vkx1_65inch-9534.jpg,meta:og:image,1,200,image/jpeg,109522,9e0b320baa4ab357a4bd8c236016e4b0029f1ac29f732825e698c800c7b122fb,da_tai,0,data\du_lieu_logo\anh_goc\san_pham_0107\anh_002_9e0b320b.jpg,dau_hieu_gallery=gallery|image
anh_000406,san_pham_0108,1,,,https://hathyo.com/product/2316,https://d134sx875xrex2.cloudfront.net/WR2c0u74so_55in-1013.jpg,meta:og:image,1,200,image/jpeg,35242,0d8dd47e68e517c0c3638953e61c05ba59aede84d72b6febd8428a51b1e24202,trung_sha256,1,data\du_lieu_logo\anh_goc\san_pham_0106\anh_001_0d8dd47e.jpg,dau_hieu_gallery=gallery|image
anh_000407,san_pham_0109,1,anh_001_dd384807.png,data\du_lieu_logo\anh_goc\san_pham_0109\anh_001_dd384807.png,https://hathyo.com/product/2317,https://d134sx875xrex2.cloudfront.net/WCpu9EO48Z_dd.png,meta:og:image,1,200,image/png,117901,dd3848079c3ffd7536c0433e6f3beed08a65297d187f1c4b8e7f81e1532d8fef,da_tai,0,data\du_lieu_logo\anh_goc\san_pham_0109\anh_001_dd384807.png,dau_hieu_gallery=gallery|image
anh_000408,san_pham_0110,1,anh_001_62c41d8c.png,data\du_lieu_logo\anh_goc\san_pham_0110\anh_001_62c41d8c.png,https://hathyo.com/product/2318,https://d134sx875xrex2.cloudfront.net/3dQNkamkLN_c.png,meta:og:image,1,200,image/png,25343,62c41d8c2fec0dead46b2d0471c85c40480baf8330d8fbfa5e88eb7a77e16609,da_tai,0,data\du_lieu_logo\anh_goc\san_pham_0110\anh_001_62c41d8c.png,dau_hieu_gallery=gallery|image
anh_000409,san_pham_0111,1,anh_001_81e11219.png,data\du_lieu_logo\anh_goc\san_pham_0111\anh_001_81e11219.png,https://hathyo.com/product/2319,https://d134sx875xrex2.cloudfront.net/LKru20E9vH_1.png,meta:og:image,1,200,image/png,64896,81e11219cb046225f223e7f291bef0bd07b2087f59679c0e0abce4a469862819,da_tai,0,data\du_lieu_logo\anh_goc\san_pham_0111\anh_001_81e11219.png,dau_hieu_gallery=gallery|image
anh_000410,san_pham_0112,1,anh_001_256c3a7e.jpg,data\du_lieu_logo\anh_goc\san_pham_0112\anh_001_256c3a7e.jpg,https://hathyo.com/product/232,https://d134sx875xrex2.cloudfront.net/9TwBaLvSLW_1.jpeg,meta:og:image,1,200,image/jpeg,2398833,256c3a7e88498b6038070aa382cb902397b3304e57723f4451d9fc0bf60ddfd7,da_tai,0,data\du_lieu_logo\anh_goc\san_pham_0112\anh_001_256c3a7e.jpg,dau_hieu_gallery=gallery|image
anh_000411,san_pham_0112,2,,,https://hathyo.com/product/232,https://d134sx875xrex2.cloudfront.net/kMLvAL1uiu_ISO%202200%20%202018%20(2).jpg,meta:og:image,1,200,image/jpeg,757043,0129476e83b4cc9d8954f12ea060077bce8ad9ce30b737f3923ea5f905a91369,trung_sha256,1,data\du_lieu_logo\anh_goc\san_pham_0066\anh_002_0129476e.jpg,dau_hieu_gallery=gallery|image
anh_000412,san_pham_0113,1,anh_001_87ea960e.png,data\du_lieu_logo\anh_goc\san_pham_0113\anh_001_87ea960e.png,https://hathyo.com/product/2320,https://d134sx875xrex2.cloudfront.net/zDrrCjIHJv_2.png,meta:og:image,1,200,image/png,28784,87ea960efecc45a7010761f144a65b66814c5812e22bc511609871458c6025f1,da_tai,0,data\du_lieu_logo\anh_goc\san_pham_0113\anh_001_87ea960e.png,dau_hieu_gallery=gallery|image
anh_000413,san_pham_0114,1,anh_001_7d56a187.png,data\du_lieu_logo\anh_goc\san_pham_0114\anh_001_7d56a187.png,https://hathyo.com/product/2321,https://d134sx875xrex2.cloudfront.net/JvY3X6eYNh_3.png,meta:og:image,1,200,image/png,25977,7d56a187f9b64b9cc1972ea03a9ca1f0899a1d1f64a43bf688eadf215f18d379,da_tai,0,data\du_lieu_logo\anh_goc\san_pham_0114\anh_001_7d56a187.png,dau_hieu_gallery=gallery|image
anh_000414,san_pham_0115,1,anh_001_804d9cf5.png,data\du_lieu_logo\anh_goc\san_pham_0115\anh_001_804d9cf5.png,https://hathyo.com/product/2322,https://d134sx875xrex2.cloudfront.net/3gFGZ9Wqgj_4.png,meta:og:image,1,200,image/png,41750,804d9cf51523405b82d263fb1791a2a62b617ea94766923e0a9bff85a50cfe2c,da_tai,0,data\du_lieu_logo\anh_goc\san_pham_0115\anh_001_804d9cf5.png,dau_hieu_gallery=gallery|image
anh_000415,san_pham_0116,1,anh_001_cacf1dc0.png,data\du_lieu_logo\anh_goc\san_pham_0116\anh_001_cacf1dc0.png,https://hathyo.com/product/2328,https://d134sx875xrex2.cloudfront.net/VRilYAIpQL_X%E1%BB%8Bt%20kho%C3%A1ng%20400ml.png,meta:og:image,1,200,image/png,722284,cacf1dc00aa334d212714107b9a0f61c5623a238e0348bc6bd4247ad6aa70e56,da_tai,0,data\du_lieu_logo\anh_goc\san_pham_0116\anh_001_cacf1dc0.png,dau_hieu_gallery=gallery|image
anh_000416,san_pham_0116,2,,,https://hathyo.com/product/2328,https://d134sx875xrex2.cloudfront.net/2ONsjTm55v_X%E1%BB%8Bt%20kho%C3%A1ng%20400ml.png,meta:og:image,1,200,image/png,722284,cacf1dc00aa334d212714107b9a0f61c5623a238e0348bc6bd4247ad6aa70e56,trung_sha256,1,data\du_lieu_logo\anh_goc\san_pham_0116\anh_001_cacf1dc0.png,dau_hieu_gallery=gallery|image
anh_000417,san_pham_0116,3,anh_003_2257a1c6.jpg,data\du_lieu_logo\anh_goc\san_pham_0116\anh_003_2257a1c6.jpg,https://hathyo.com/product/2328,https://d134sx875xrex2.cloudfront.net/NcUIQrjaFg_X%E1%BB%8Bt%20kho%C3%A1n%20c%E1%BA%A5m%20%E1%BA%A9m%20cho%20m%E1%BB%8Di%20lo%E1%BA%A1i%20da.jpg,meta:og:image,1,200,image/jpeg,195009,2257a1c6137ea90206364e32fb5800276cce493889283adc69e77c7b4104af80,da_tai,0,data\du_lieu_logo\anh_goc\san_pham_0116\anh_003_2257a1c6.jpg,dau_hieu_gallery=gallery|image
anh_000418,san_pham_0116,4,anh_004_c62cd597.jpg,data\du_lieu_logo\anh_goc\san_pham_0116\anh_004_c62cd597.jpg,https://hathyo.com/product/2328,https://d134sx875xrex2.cloudfront.net/6rxsXKJvZ1_X%E1%BB%8Bt%20kho%C3%A1n-UN-1.jpg,meta:og:image,1,200,image/jpeg,170350,c62cd5970e45c3238caa135278cbf8b673a60795ae25b5413fc959380cbf87de,da_tai,0,data\du_lieu_logo\anh_goc\san_pham_0116\anh_004_c62cd597.jpg,dau_hieu_gallery=gallery|image
anh_000419,san_pham_0116,5,anh_005_007a4e20.jpg,data\du_lieu_logo\anh_goc\san_pham_0116\anh_005_007a4e20.jpg,https://hathyo.com/product/2328,https://d134sx875xrex2.cloudfront.net/KLCsABRqvu_X%E1%BB%8Bt%20kho%C3%A1n-DV-1.jpg,meta:og:image,1,200,image/jpeg,197852,007a4e208c73fb0f12e3d5090da8d4750a10237b476de8d9e31aaeb636c6f644,da_tai,0,data\du_lieu_logo\anh_goc\san_pham_0116\anh_005_007a4e20.jpg,dau_hieu_gallery=gallery|image
anh_000420,san_pham_0116,6,anh_006_e7d8a79f.jpg,data\du_lieu_logo\anh_goc\san_pham_0116\anh_006_e7d8a79f.jpg,https://hathyo.com/product/2328,https://d134sx875xrex2.cloudfront.net/w7amKgAJQa_X%E1%BB%8Bt%20kho%C3%A1n-%C4%91%C3%B4i.jpg,meta:og:image,1,200,image/jpeg,278834,e7d8a79f27d84f2a08b036c817e4c495d4b5d1ac047b4f70d05dfb8812cd31f9,da_tai,0,data\du_lieu_logo\anh_goc\san_pham_0116\anh_006_e7d8a79f.jpg,dau_hieu_gallery=gallery|image
anh_000421,san_pham_0117,1,anh_001_37f78849.png,data\du_lieu_logo\anh_goc\san_pham_0117\anh_001_37f78849.png,https://hathyo.com/product/2329,https://d134sx875xrex2.cloudfront.net/3ymhAcvlRW_5.png,meta:og:image,1,200,image/png,58589,37f78849cbfc0e50230111ecc922c8139938c048f25a17b439ac67c486b9d0e1,da_tai,0,data\du_lieu_logo\anh_goc\san_pham_0117\anh_001_37f78849.png,dau_hieu_gallery=gallery|image
anh_000422,san_pham_0118,1,anh_001_8975fdf1.jpg,data\du_lieu_logo\anh_goc\san_pham_0118\anh_001_8975fdf1.jpg,https://hathyo.com/product/233,https://d134sx875xrex2.cloudfront.net/twpnPCswJQ_z7952089761618_f4eefb0aff86d4e3c66af095c623febf.jpg,meta:og:image,1,200,image/jpeg,307009,8975fdf1eecfe82ce0a5fb7af20023b8c112f4241cf02e1e8df63510f22a464b,da_tai,0,data\du_lieu_logo\anh_goc\san_pham_0118\anh_001_8975fdf1.jpg,dau_hieu_gallery=gallery|image
anh_000423,san_pham_0118,2,anh_002_8e6f3f54.jpg,data\du_lieu_logo\anh_goc\san_pham_0118\anh_002_8e6f3f54.jpg,https://hathyo.com/product/233,https://d134sx875xrex2.cloudfront.net/0A4gK3GlKw_z7953322977619_524ffcc3a973dd3e4fd75390258607f0.jpg,meta:og:image,1,200,image/jpeg,141711,8e6f3f545dd7f80cc5bf615c13bd68245e85639e0db133fc79c51ee7d39200a2,da_tai,0,data\du_lieu_logo\anh_goc\san_pham_0118\anh_002_8e6f3f54.jpg,dau_hieu_gallery=gallery|image
anh_000424,san_pham_0118,3,anh_003_458cfef7.jpg,data\du_lieu_logo\anh_goc\san_pham_0118\anh_003_458cfef7.jpg,https://hathyo.com/product/233,https://d134sx875xrex2.cloudfront.net/O8pPkURFNJ_z7941669854500_067000528fe33a530ab0763dcd68ce80.jpg,meta:og:image,1,200,image/jpeg,217408,458cfef7da8f726b73a0323827493309a44e3679ed4a4bafd5bf126dbfa09e01,da_tai,0,data\du_lieu_logo\anh_goc\san_pham_0118\anh_003_458cfef7.jpg,dau_hieu_gallery=gallery|image
anh_000425,san_pham_0119,1,,,https://hathyo.com/product/2330,https://d134sx875xrex2.cloudfront.net/PbsimC1Ahk_5.png,meta:og:image,1,200,image/png,58589,37f78849cbfc0e50230111ecc922c8139938c048f25a17b439ac67c486b9d0e1,trung_sha256,1,data\du_lieu_logo\anh_goc\san_pham_0117\anh_001_37f78849.png,dau_hieu_gallery=gallery|image
anh_000426,san_pham_0120,1,anh_001_0319cee1.png,data\du_lieu_logo\anh_goc\san_pham_0120\anh_001_0319cee1.png,https://hathyo.com/product/2331,https://d134sx875xrex2.cloudfront.net/NjraV9KuhH_6.png,meta:og:image,1,200,image/png,36149,0319cee1550b745632ad5973e5483efce72da5a9ce34727c3bc2accf95d7c308,da_tai,0,data\du_lieu_logo\anh_goc\san_pham_0120\anh_001_0319cee1.png,dau_hieu_gallery=gallery|image
anh_000427,san_pham_0121,1,anh_001_90791661.png,data\du_lieu_logo\anh_goc\san_pham_0121\anh_001_90791661.png,https://hathyo.com/product/2332,https://d134sx875xrex2.cloudfront.net/diJDdEwsMY_7.png,meta:og:image,1,200,image/png,52626,907916611b86863590b437a112f2a434fc1b8a957a5f30c8a8b224816e12ceaf,da_tai,0,data\du_lieu_logo\anh_goc\san_pham_0121\anh_001_90791661.png,dau_hieu_gallery=gallery|image
anh_000428,san_pham_0122,1,anh_001_de85970b.png,data\du_lieu_logo\anh_goc\san_pham_0122\anh_001_de85970b.png,https://hathyo.com/product/2333,https://d134sx875xrex2.cloudfront.net/tfajjaUp6l_8.png,meta:og:image,1,200,image/png,74530,de85970b787ca7dcf797bd37a20f24f7270cc06de3f103c5aca03625a34748bb,da_tai,0,data\du_lieu_logo\anh_goc\san_pham_0122\anh_001_de85970b.png,dau_hieu_gallery=gallery|image
anh_000429,san_pham_0123,1,anh_001_3726581f.png,data\du_lieu_logo\anh_goc\san_pham_0123\anh_001_3726581f.png,https://hathyo.com/product/2334,https://d134sx875xrex2.cloudfront.net/tzm27yJq7U_9.png,meta:og:image,1,200,image/png,57937,3726581fcf0cece518f346c96f2840c8082d5637eef800d0e61d70fc11009f20,da_tai,0,data\du_lieu_logo\anh_goc\san_pham_0123\anh_001_3726581f.png,dau_hieu_gallery=gallery|image
anh_000430,san_pham_0124,1,anh_001_1217241f.png,data\du_lieu_logo\anh_goc\san_pham_0124\anh_001_1217241f.png,https://hathyo.com/product/2335,https://d134sx875xrex2.cloudfront.net/7QQZgMnkE6_%E1%BA%A2nh%20ch%E1%BB%A5p%20m%C3%A0n%20h%C3%ACnh%202026-07-06%20143111.png,meta:og:image,1,200,image/png,346720,1217241f7cc7d4f2f9d8cdd23031c9a9fc5970acc4b38203e512326e65f74bf6,da_tai,0,data\du_lieu_logo\anh_goc\san_pham_0124\anh_001_1217241f.png,dau_hieu_gallery=gallery|image
anh_000431,san_pham_0124,2,anh_002_7d9db5c2.png,data\du_lieu_logo\anh_goc\san_pham_0124\anh_002_7d9db5c2.png,https://hathyo.com/product/2335,https://d134sx875xrex2.cloudfront.net/wbLgINchsq_%E1%BA%A2nh%20ch%E1%BB%A5p%20m%C3%A0n%20h%C3%ACnh%202026-07-06%20143223.png,meta:og:image,1,200,image/png,155807,7d9db5c20b9e207c8bf6cd81f39253210c1b48bfd59cd57413eed41da912c846,da_tai,0,data\du_lieu_logo\anh_goc\san_pham_0124\anh_002_7d9db5c2.png,dau_hieu_gallery=gallery|image
anh_000432,san_pham_0125,1,anh_001_7874b643.png,data\du_lieu_logo\anh_goc\san_pham_0125\anh_001_7874b643.png,https://hathyo.com/product/2336,https://d134sx875xrex2.cloudfront.net/g9eI19wSrr_11.png,meta:og:image,1,200,image/png,156750,7874b643362a7d9451a9f35e78a6a03693cef7474a46bab311f64be5a0b9b6c4,da_tai,0,data\du_lieu_logo\anh_goc\san_pham_0125\anh_001_7874b643.png,dau_hieu_gallery=gallery|image
anh_000433,san_pham_0126,1,anh_001_9410009b.png,data\du_lieu_logo\anh_goc\san_pham_0126\anh_001_9410009b.png,https://hathyo.com/product/2337,https://d134sx875xrex2.cloudfront.net/szto0OfesF_%E1%BA%A2nh%20ch%E1%BB%A5p%20m%C3%A0n%20h%C3%ACnh%202026-07-06%20144059.png,meta:og:image,1,200,image/png,365539,9410009bd6ae1b427f9a67341f403e156ecdd9dc7c60f9bff010cb18b4cb2116,da_tai,0,data\du_lieu_logo\anh_goc\san_pham_0126\anh_001_9410009b.png,dau_hieu_gallery=gallery|image
anh_000434,san_pham_0127,1,anh_001_9fc5884c.png,data\du_lieu_logo\anh_goc\san_pham_0127\anh_001_9fc5884c.png,https://hathyo.com/product/2338,https://d134sx875xrex2.cloudfront.net/quzVgFBKKa_%E1%BA%A2nh%20ch%E1%BB%A5p%20m%C3%A0n%20h%C3%ACnh%202026-07-06%20144210.png,meta:og:image,1,200,image/png,594514,9fc5884cff49498ea0f418e24b8fa1a79117d1dd2e822c6b5efc0f0e319f78fa,da_tai,0,data\du_lieu_logo\anh_goc\san_pham_0127\anh_001_9fc5884c.png,dau_hieu_gallery=gallery|image
anh_000435,san_pham_0128,1,anh_001_2ddda524.png,data\du_lieu_logo\anh_goc\san_pham_0128\anh_001_2ddda524.png,https://hathyo.com/product/2339,https://d134sx875xrex2.cloudfront.net/RDtNvnBB2A_%E1%BA%A2nh%20ch%E1%BB%A5p%20m%C3%A0n%20h%C3%ACnh%202026-07-06%20144354.png,meta:og:image,1,200,image/png,162896,2ddda524d7a4df68e543347a9c5b01f37051b7bec736a6b0af66e462f87c305b,da_tai,0,data\du_lieu_logo\anh_goc\san_pham_0128\anh_001_2ddda524.png,dau_hieu_gallery=gallery|image
anh_000436,san_pham_0129,1,anh_001_cbb86c61.jpg,data\du_lieu_logo\anh_goc\san_pham_0129\anh_001_cbb86c61.jpg,https://hathyo.com/product/234,https://d134sx875xrex2.cloudfront.net/iAqbQbFFGQ_z7952089749741_2ca7cdcf3ca8ff283243a1100bee0692.jpg,meta:og:image,1,200,image/jpeg,230634,cbb86c614a84d20a5f6bab2763b3c07553dee1e6fd194066a3193e5d494340df,da_tai,0,data\du_lieu_logo\anh_goc\san_pham_0129\anh_001_cbb86c61.jpg,dau_hieu_gallery=gallery|image
anh_000437,san_pham_0129,2,anh_002_86762c93.jpg,data\du_lieu_logo\anh_goc\san_pham_0129\anh_002_86762c93.jpg,https://hathyo.com/product/234,https://d134sx875xrex2.cloudfront.net/UtUbE02Nds_z7953326959282_76783d3c4aa4aa23788966c3c8a9c03a.jpg,meta:og:image,1,200,image/jpeg,146976,86762c93a2460fdc8b8fc313bf3108f5f224e0bbe365f4ab12f958f24689e677,da_tai,0,data\du_lieu_logo\anh_goc\san_pham_0129\anh_002_86762c93.jpg,dau_hieu_gallery=gallery|image
anh_000438,san_pham_0129,3,anh_003_1509e720.jpg,data\du_lieu_logo\anh_goc\san_pham_0129\anh_003_1509e720.jpg,https://hathyo.com/product/234,https://d134sx875xrex2.cloudfront.net/zLX4pAfFYr_z7941670110239_f90305732b3898191c0b54293be609b6.jpg,meta:og:image,1,200,image/jpeg,208648,1509e720590e2f826e13c198f3abe31d4321cc3484cd8ba896b1576623012125,da_tai,0,data\du_lieu_logo\anh_goc\san_pham_0129\anh_003_1509e720.jpg,dau_hieu_gallery=gallery|image
anh_000439,san_pham_0130,1,anh_001_9212b349.png,data\du_lieu_logo\anh_goc\san_pham_0130\anh_001_9212b349.png,https://hathyo.com/product/2340,https://d134sx875xrex2.cloudfront.net/70IECQGo0B_15.png,meta:og:image,1,200,image/png,157230,9212b349145f72c17c395ae5869c7eb93f34466c1ad3b456de994d11d3dd45a1,da_tai,0,data\du_lieu_logo\anh_goc\san_pham_0130\anh_001_9212b349.png,dau_hieu_gallery=gallery|image
anh_000440,san_pham_0131,1,,,https://hathyo.com/product/2341,https://d134sx875xrex2.cloudfront.net/2KVBdmQrc2_15.png,meta:og:image,1,200,image/png,157230,9212b349145f72c17c395ae5869c7eb93f34466c1ad3b456de994d11d3dd45a1,trung_sha256,1,data\du_lieu_logo\anh_goc\san_pham_0130\anh_001_9212b349.png,dau_hieu_gallery=gallery|image
anh_000441,san_pham_0132,1,anh_001_81145de4.png,data\du_lieu_logo\anh_goc\san_pham_0132\anh_001_81145de4.png,https://hathyo.com/product/2342,https://d134sx875xrex2.cloudfront.net/Odx3LDzKsP_%E1%BA%A2nh%20ch%E1%BB%A5p%20m%C3%A0n%20h%C3%ACnh%202026-07-06%20144847.png,meta:og:image,1,200,image/png,253020,81145de4067cf1e75666723458311a81158a0dffce9d220ae1c9e76ae897a21c,da_tai,0,data\du_lieu_logo\anh_goc\san_pham_0132\anh_001_81145de4.png,dau_hieu_gallery=gallery|image
anh_000442,san_pham_0133,1,anh_001_ac769a17.png,data\du_lieu_logo\anh_goc\san_pham_0133\anh_001_ac769a17.png,https://hathyo.com/product/2343,https://d134sx875xrex2.cloudfront.net/sUZa1Unf5a_%E1%BA%A2nh%20ch%E1%BB%A5p%20m%C3%A0n%20h%C3%ACnh%202026-07-06%20145405.png,meta:og:image,1,200,image/png,1008788,ac769a177bcbab6f86b45dc8479e8275a22a67e5f01bcc5b18587ba51c7dd58e,da_tai,0,data\du_lieu_logo\anh_goc\san_pham_0133\anh_001_ac769a17.png,dau_hieu_gallery=gallery|image
anh_000443,san_pham_0134,1,anh_001_4e9c8cef.png,data\du_lieu_logo\anh_goc\san_pham_0134\anh_001_4e9c8cef.png,https://hathyo.com/product/2344,https://d134sx875xrex2.cloudfront.net/pp0Z4WHu7q_%E1%BA%A2nh%20ch%E1%BB%A5p%20m%C3%A0n%20h%C3%ACnh%202026-07-06%20145751.png,meta:og:image,1,200,image/png,856649,4e9c8cefdf76e292dca613919db37059e30b6c68e18dbdb3aacce415b7eaea6e,da_tai,0,data\du_lieu_logo\anh_goc\san_pham_0134\anh_001_4e9c8cef.png,dau_hieu_gallery=gallery|image
anh_000444,san_pham_0135,1,anh_001_d983240c.png,data\du_lieu_logo\anh_goc\san_pham_0135\anh_001_d983240c.png,https://hathyo.com/product/2345,https://d134sx875xrex2.cloudfront.net/FSK4VV3E8l_%E1%BA%A2nh%20ch%E1%BB%A5p%20m%C3%A0n%20h%C3%ACnh%202026-07-06%20150059.png,meta:og:image,1,200,image/png,757287,d983240cf03ce1b6e20ab76b82c54d22c74bd289f5872dde9df4a708baab51d8,da_tai,0,data\du_lieu_logo\anh_goc\san_pham_0135\anh_001_d983240c.png,dau_hieu_gallery=gallery|image
anh_000445,san_pham_0136,1,anh_001_6f4d4fbb.png,data\du_lieu_logo\anh_goc\san_pham_0136\anh_001_6f4d4fbb.png,https://hathyo.com/product/2346,https://d134sx875xrex2.cloudfront.net/ePqYS89Xy1_%E1%BA%A2nh%20ch%E1%BB%A5p%20m%C3%A0n%20h%C3%ACnh%202026-07-06%20150517.png,meta:og:image,1,200,image/png,1561875,6f4d4fbbde174c5bfe630b6031676fbbb874d0e92cd458c7a173e022d4b3a40d,da_tai,0,data\du_lieu_logo\anh_goc\san_pham_0136\anh_001_6f4d4fbb.png,dau_hieu_gallery=gallery|image
anh_000446,san_pham_0137,1,anh_001_5736ff76.png,data\du_lieu_logo\anh_goc\san_pham_0137\anh_001_5736ff76.png,https://hathyo.com/product/2347,https://d134sx875xrex2.cloudfront.net/SucQ5sD1Wh_%E1%BA%A2nh%20ch%E1%BB%A5p%20m%C3%A0n%20h%C3%ACnh%202026-07-06%20150938.png,meta:og:image,1,200,image/png,712837,5736ff769b1736a11aa9c4a2d0c96b138041e8ddff5d0a4dddae41ceea44b0e9,da_tai,0,data\du_lieu_logo\anh_goc\san_pham_0137\anh_001_5736ff76.png,dau_hieu_gallery=gallery|image
anh_000447,san_pham_0138,1,anh_001_5c6d6527.png,data\du_lieu_logo\anh_goc\san_pham_0138\anh_001_5c6d6527.png,https://hathyo.com/product/2348,https://d134sx875xrex2.cloudfront.net/qmET01TCsO_22.png,meta:og:image,1,200,image/png,96805,5c6d6527c2ca23a3e80fd614c60f349dbc82d75f332e25ba3b2e003a0ffd770f,da_tai,0,data\du_lieu_logo\anh_goc\san_pham_0138\anh_001_5c6d6527.png,dau_hieu_gallery=gallery|image
anh_000448,san_pham_0139,1,,,https://hathyo.com/product/2349,https://d134sx875xrex2.cloudfront.net/5fZXR2xf93_22.png,meta:og:image,1,200,image/png,96805,5c6d6527c2ca23a3e80fd614c60f349dbc82d75f332e25ba3b2e003a0ffd770f,trung_sha256,1,data\du_lieu_logo\anh_goc\san_pham_0138\anh_001_5c6d6527.png,dau_hieu_gallery=gallery|image
anh_000449,san_pham_0140,1,anh_001_e012d427.jpg,data\du_lieu_logo\anh_goc\san_pham_0140\anh_001_e012d427.jpg,https://hathyo.com/product/235,https://d134sx875xrex2.cloudfront.net/Z6bJ1NXK3E_z7952090307544_8fe56a9c61a89313267752e0259780c5.jpg,meta:og:image,1,200,image/jpeg,290231,e012d42766015d0e8232f9cc2fb6c305e8b974800ad927d9065cb23eda8bdf76,da_tai,0,data\du_lieu_logo\anh_goc\san_pham_0140\anh_001_e012d427.jpg,dau_hieu_gallery=gallery|image
anh_000450,san_pham_0140,2,anh_002_f470faf7.jpg,data\du_lieu_logo\anh_goc\san_pham_0140\anh_002_f470faf7.jpg,https://hathyo.com/product/235,https://d134sx875xrex2.cloudfront.net/sTmfkriUrK_z7953314258207_91aa8dd591d638e26c910f149c3e9c56.jpg,meta:og:image,1,200,image/jpeg,165630,f470faf72d27f545ecc0bba8c9e1c5c3702ce6085ffde20641b9d177e6c41124,da_tai,0,data\du_lieu_logo\anh_goc\san_pham_0140\anh_002_f470faf7.jpg,dau_hieu_gallery=gallery|image
anh_000451,san_pham_0140,3,anh_003_71023944.jpg,data\du_lieu_logo\anh_goc\san_pham_0140\anh_003_71023944.jpg,https://hathyo.com/product/235,https://d134sx875xrex2.cloudfront.net/McJc9vKXxM_z7941670346898_162a1020e8f0a9cefc93c402b93da938.jpg,meta:og:image,1,200,image/jpeg,215298,71023944a615eda0731d1b4955ad71f764288136645bca2e566beef281234cab,da_tai,0,data\du_lieu_logo\anh_goc\san_pham_0140\anh_003_71023944.jpg,dau_hieu_gallery=gallery|image
anh_000452,san_pham_0141,1,anh_001_682a3c8d.png,data\du_lieu_logo\anh_goc\san_pham_0141\anh_001_682a3c8d.png,https://hathyo.com/product/2350,https://d134sx875xrex2.cloudfront.net/xzJs3IgzCC_l1.png,meta:og:image,1,200,image/png,109372,682a3c8d4f89dbbe4acb797d4060f42f1db97ef285b4605c788454eb5c15bd43,da_tai,0,data\du_lieu_logo\anh_goc\san_pham_0141\anh_001_682a3c8d.png,dau_hieu_gallery=gallery|image
anh_000453,san_pham_0142,1,anh_001_c6d7418e.png,data\du_lieu_logo\anh_goc\san_pham_0142\anh_001_c6d7418e.png,https://hathyo.com/product/2351,https://d134sx875xrex2.cloudfront.net/VUWBwtNjbJ_l2.png,meta:og:image,1,200,image/png,101222,c6d7418e46190294f6f2e8ee4ded24ebd509021a6efd22bf37c81617261b1fd0,da_tai,0,data\du_lieu_logo\anh_goc\san_pham_0142\anh_001_c6d7418e.png,dau_hieu_gallery=gallery|image
anh_000454,san_pham_0143,1,anh_001_c5fcd662.png,data\du_lieu_logo\anh_goc\san_pham_0143\anh_001_c5fcd662.png,https://hathyo.com/product/2352,https://d134sx875xrex2.cloudfront.net/vLXXv7azKK_l3.png,meta:og:image,1,200,image/png,92026,c5fcd662f6a206d7a22b4c8299f58ac3e2ef6dfb76db591a59d35b058c3b4389,da_tai,0,data\du_lieu_logo\anh_goc\san_pham_0143\anh_001_c5fcd662.png,dau_hieu_gallery=gallery|image
anh_000455,san_pham_0144,1,anh_001_c8ed2034.png,data\du_lieu_logo\anh_goc\san_pham_0144\anh_001_c8ed2034.png,https://hathyo.com/product/2353,https://d134sx875xrex2.cloudfront.net/aL5uWBo5GW_l4.png,meta:og:image,1,200,image/png,99851,c8ed2034fea7e31f5c23a1ed37bb3e16b36e879cf6b84d8a48928274068cc4d2,da_tai,0,data\du_lieu_logo\anh_goc\san_pham_0144\anh_001_c8ed2034.png,dau_hieu_gallery=gallery|image
anh_000456,san_pham_0145,1,anh_001_408043f5.png,data\du_lieu_logo\anh_goc\san_pham_0145\anh_001_408043f5.png,https://hathyo.com/product/2354,https://d134sx875xrex2.cloudfront.net/GGb8Fvx8NK_l5.png,meta:og:image,1,200,image/png,105658,408043f52080b466eb0221044d473f98f672a7f3da57adec47e7af068e6a7da8,da_tai,0,data\du_lieu_logo\anh_goc\san_pham_0145\anh_001_408043f5.png,dau_hieu_gallery=gallery|image
anh_000457,san_pham_0146,1,anh_001_f36ad1dc.png,data\du_lieu_logo\anh_goc\san_pham_0146\anh_001_f36ad1dc.png,https://hathyo.com/product/2355,https://d134sx875xrex2.cloudfront.net/xTFCgqV9Ey_l6.png,meta:og:image,1,200,image/png,100983,f36ad1dc91075c247c64961435c42f858d67fde7e2e6dd95c5c28d874feb24dd,da_tai,0,data\du_lieu_logo\anh_goc\san_pham_0146\anh_001_f36ad1dc.png,dau_hieu_gallery=gallery|image
anh_000458,san_pham_0147,1,anh_001_d1fff734.png,data\du_lieu_logo\anh_goc\san_pham_0147\anh_001_d1fff734.png,https://hathyo.com/product/2356,https://d134sx875xrex2.cloudfront.net/0uUu6SRDxR_l7.png,meta:og:image,1,200,image/png,97544,d1fff73475feafe92c05e074df3cd1e3c2cc47fd08e57573054e093fa9042df0,da_tai,0,data\du_lieu_logo\anh_goc\san_pham_0147\anh_001_d1fff734.png,dau_hieu_gallery=gallery|image
anh_000459,san_pham_0148,1,anh_001_d1d38bde.png,data\du_lieu_logo\anh_goc\san_pham_0148\anh_001_d1d38bde.png,https://hathyo.com/product/2357,https://d134sx875xrex2.cloudfront.net/ZyAgIbXrMp_l8.png,meta:og:image,1,200,image/png,99725,d1d38bde0214b6dd18ebb96a0acad728a995009eaa6246a09c0a16a241084a9f,da_tai,0,data\du_lieu_logo\anh_goc\san_pham_0148\anh_001_d1d38bde.png,dau_hieu_gallery=gallery|image
anh_000460,san_pham_0149,1,anh_001_23a21b4b.png,data\du_lieu_logo\anh_goc\san_pham_0149\anh_001_23a21b4b.png,https://hathyo.com/product/2358,https://d134sx875xrex2.cloudfront.net/bRhZiPe4J2_l9.png,meta:og:image,1,200,image/png,105363,23a21b4b52ae237165217575ebc258f9147b3cf42623161520812af85533dbe4,da_tai,0,data\du_lieu_logo\anh_goc\san_pham_0149\anh_001_23a21b4b.png,dau_hieu_gallery=gallery|image
anh_000461,san_pham_0150,1,anh_001_c5554037.png,data\du_lieu_logo\anh_goc\san_pham_0150\anh_001_c5554037.png,https://hathyo.com/product/2359,https://d134sx875xrex2.cloudfront.net/WzhMGnLS70_l10.png,meta:og:image,1,200,image/png,96842,c555403767762e840ec7d0da221c09f533d74042d1a9ee0bacfc1fa2c56bbc99,da_tai,0,data\du_lieu_logo\anh_goc\san_pham_0150\anh_001_c5554037.png,dau_hieu_gallery=gallery|image
anh_000462,san_pham_0151,1,anh_001_d2f8a1e4.jpg,data\du_lieu_logo\anh_goc\san_pham_0151\anh_001_d2f8a1e4.jpg,https://hathyo.com/product/236,https://d134sx875xrex2.cloudfront.net/5TJo4BiqIv_z7952089764736_3dac398d5382b5a91d2b0b9287cc6995.jpg,meta:og:image,1,200,image/jpeg,276113,d2f8a1e43fe6ddc3da65c43e6912d7ca5c35d4c12d216d26cda1f099c124f7ad,da_tai,0,data\du_lieu_logo\anh_goc\san_pham_0151\anh_001_d2f8a1e4.jpg,dau_hieu_gallery=gallery|image
anh_000463,san_pham_0151,2,anh_002_db069546.jpg,data\du_lieu_logo\anh_goc\san_pham_0151\anh_002_db069546.jpg,https://hathyo.com/product/236,https://d134sx875xrex2.cloudfront.net/FhQ5d2cWuo_z7953330140456_a815e7bb5bdd8d19bca12f378cf91494.jpg,meta:og:image,1,200,image/jpeg,138484,db0695463c5deb592b17bdee69feb8cefac8be839d60aea7db047580f79f51c0,da_tai,0,data\du_lieu_logo\anh_goc\san_pham_0151\anh_002_db069546.jpg,dau_hieu_gallery=gallery|image
anh_000464,san_pham_0151,3,anh_003_9aab06c2.jpg,data\du_lieu_logo\anh_goc\san_pham_0151\anh_003_9aab06c2.jpg,https://hathyo.com/product/236,https://d134sx875xrex2.cloudfront.net/1sRkBdCFp0_z7941670690989_024e3665316e491c6ef1b37af8bfeb5d.jpg,meta:og:image,1,200,image/jpeg,217970,9aab06c2f2d1f2b553b12149b1702e2bed516930aa2e30d07a9de1f10fdefdb1,da_tai,0,data\du_lieu_logo\anh_goc\san_pham_0151\anh_003_9aab06c2.jpg,dau_hieu_gallery=gallery|image
anh_000465,san_pham_0152,1,anh_001_0e7f69d1.png,data\du_lieu_logo\anh_goc\san_pham_0152\anh_001_0e7f69d1.png,https://hathyo.com/product/2360,https://d134sx875xrex2.cloudfront.net/BC55nY0MMG_l11.png,meta:og:image,1,200,image/png,107818,0e7f69d1a68827b36c4c2dd5d489a871c501d35d9c22180e7d8cde31608d0674,da_tai,0,data\du_lieu_logo\anh_goc\san_pham_0152\anh_001_0e7f69d1.png,dau_hieu_gallery=gallery|image
anh_000466,san_pham_0153,1,anh_001_f3d96203.png,data\du_lieu_logo\anh_goc\san_pham_0153\anh_001_f3d96203.png,https://hathyo.com/product/2361,https://d134sx875xrex2.cloudfront.net/sENcBDKPUE_l12.png,meta:og:image,1,200,image/png,93934,f3d962033fb8ee7ac9ecfc8682d26224bc058cc7a055cbe31a644459c094c2f3,da_tai,0,data\du_lieu_logo\anh_goc\san_pham_0153\anh_001_f3d96203.png,dau_hieu_gallery=gallery|image
anh_000467,san_pham_0154,1,anh_001_0bd937ff.png,data\du_lieu_logo\anh_goc\san_pham_0154\anh_001_0bd937ff.png,https://hathyo.com/product/2362,https://d134sx875xrex2.cloudfront.net/vqUCF9y7lE_l13.png,meta:og:image,1,200,image/png,109552,0bd937ff5f7d7628021193e2d15affcf2f6ff87569c678ad821ccdc66073d7df,da_tai,0,data\du_lieu_logo\anh_goc\san_pham_0154\anh_001_0bd937ff.png,dau_hieu_gallery=gallery|image
anh_000468,san_pham_0155,1,anh_001_be72e25b.png,data\du_lieu_logo\anh_goc\san_pham_0155\anh_001_be72e25b.png,https://hathyo.com/product/2363,https://d134sx875xrex2.cloudfront.net/oQ88gkaDpe_l14.png,meta:og:image,1,200,image/png,100544,be72e25bb26efa227244d3fd1d017e3264e51f08d8fea17a7f7b49dc841dc871,da_tai,0,data\du_lieu_logo\anh_goc\san_pham_0155\anh_001_be72e25b.png,dau_hieu_gallery=gallery|image
anh_000469,san_pham_0156,1,anh_001_51bfd92a.png,data\du_lieu_logo\anh_goc\san_pham_0156\anh_001_51bfd92a.png,https://hathyo.com/product/2364,https://d134sx875xrex2.cloudfront.net/uNT2FF3hts_%C3%A2.png,meta:og:image,1,200,image/png,103758,51bfd92a2a6d81a6febe3403b8883fe06696dabe9aed7a06948cba7db1d02ca4,da_tai,0,data\du_lieu_logo\anh_goc\san_pham_0156\anh_001_51bfd92a.png,dau_hieu_gallery=gallery|image
anh_000470,san_pham_0157,1,anh_001_29c0d140.png,data\du_lieu_logo\anh_goc\san_pham_0157\anh_001_29c0d140.png,https://hathyo.com/product/2365,https://d134sx875xrex2.cloudfront.net/7Oa2UmlqeN_b.png,meta:og:image,1,200,image/png,102723,29c0d140ed8f4753bf8dd665c24f0511bf6e65d1d139730d77c6ea1502a9ef20,da_tai,0,data\du_lieu_logo\anh_goc\san_pham_0157\anh_001_29c0d140.png,dau_hieu_gallery=gallery|image
anh_000471,san_pham_0158,1,anh_001_6bd7ab4e.png,data\du_lieu_logo\anh_goc\san_pham_0158\anh_001_6bd7ab4e.png,https://hathyo.com/product/2366,https://d134sx875xrex2.cloudfront.net/JfYWj9cQH6_23.png,meta:og:image,1,200,image/png,2055081,6bd7ab4e57d7db123a084f9b6669fdef60b22516d30d8ac502eb0747c99765de,da_tai,0,data\du_lieu_logo\anh_goc\san_pham_0158\anh_001_6bd7ab4e.png,dau_hieu_gallery=gallery|image
anh_000472,san_pham_0159,1,anh_001_dc595643.png,data\du_lieu_logo\anh_goc\san_pham_0159\anh_001_dc595643.png,https://hathyo.com/product/2367,https://d134sx875xrex2.cloudfront.net/fTqZrX10Xi_a1.png,meta:og:image,1,200,image/png,98341,dc59564399d5a941f484a151a3be0a08652c5c9c2c0028882eb8014f24a9eeb1,da_tai,0,data\du_lieu_logo\anh_goc\san_pham_0159\anh_001_dc595643.png,dau_hieu_gallery=gallery|image
anh_000473,san_pham_0160,1,anh_001_bb71bddd.png,data\du_lieu_logo\anh_goc\san_pham_0160\anh_001_bb71bddd.png,https://hathyo.com/product/2368,https://d134sx875xrex2.cloudfront.net/ga85Iq6aNP_a2.png,meta:og:image,1,200,image/png,112163,bb71bddd43ac7af5cd3ee568bba3ac5d06467705013eca5e230d1c9c7309215b,da_tai,0,data\du_lieu_logo\anh_goc\san_pham_0160\anh_001_bb71bddd.png,dau_hieu_gallery=gallery|image
anh_000474,san_pham_0161,1,anh_001_b1fdd216.png,data\du_lieu_logo\anh_goc\san_pham_0161\anh_001_b1fdd216.png,https://hathyo.com/product/2369,https://d134sx875xrex2.cloudfront.net/0Z6lFDWgKJ_a22.png,meta:og:image,1,200,image/png,116353,b1fdd2167cf0296fb420d92e9909a08e8d6834a974e8941403e9408546ca73ac,da_tai,0,data\du_lieu_logo\anh_goc\san_pham_0161\anh_001_b1fdd216.png,dau_hieu_gallery=gallery|image
anh_000475,san_pham_0162,1,anh_001_9c75f89f.jpg,data\du_lieu_logo\anh_goc\san_pham_0162\anh_001_9c75f89f.jpg,https://hathyo.com/product/237,https://d134sx875xrex2.cloudfront.net/HBPz7o3xIV_z7941703497490_ad33125a8b04cc7a76428a59baf7e4ed.jpg,meta:og:image,1,200,image/jpeg,476667,9c75f89ffb2e4f55d318010706fb56e74b53d79e70840fe64debdeff03309651,da_tai,0,data\du_lieu_logo\anh_goc\san_pham_0162\anh_001_9c75f89f.jpg,dau_hieu_gallery=gallery|image
anh_000476,san_pham_0163,1,anh_001_a1d2e4b2.png,data\du_lieu_logo\anh_goc\san_pham_0163\anh_001_a1d2e4b2.png,https://hathyo.com/product/2370,https://d134sx875xrex2.cloudfront.net/Vq5bkZcKMt_d.png,meta:og:image,1,200,image/png,97311,a1d2e4b23e3aeb30889a06bec6eb3fd03900b2980507cb15b20f3d25f7fbff7e,da_tai,0,data\du_lieu_logo\anh_goc\san_pham_0163\anh_001_a1d2e4b2.png,dau_hieu_gallery=gallery|image
anh_000477,san_pham_0164,1,anh_001_37b9093f.png,data\du_lieu_logo\anh_goc\san_pham_0164\anh_001_37b9093f.png,https://hathyo.com/product/2371,https://d134sx875xrex2.cloudfront.net/YD8KWzss82_t1.png,meta:og:image,1,200,image/png,111869,37b9093f70638cf1996853bafe85f1ba7fb6ef384c62a9773532c698739fe7cd,da_tai,0,data\du_lieu_logo\anh_goc\san_pham_0164\anh_001_37b9093f.png,dau_hieu_gallery=gallery|image
anh_000478,san_pham_0165,1,anh_001_04fd015d.png,data\du_lieu_logo\anh_goc\san_pham_0165\anh_001_04fd015d.png,https://hathyo.com/product/2372,https://d134sx875xrex2.cloudfront.net/FsDrf4TBNw_t2.png,meta:og:image,1,200,image/png,132492,04fd015dc7e6ebd50279ba37d238e4371f70d3cd827e4330a496abe5b2ff7d88,da_tai,0,data\du_lieu_logo\anh_goc\san_pham_0165\anh_001_04fd015d.png,dau_hieu_gallery=gallery|image
anh_000479,san_pham_0166,1,anh_001_a16f96af.png,data\du_lieu_logo\anh_goc\san_pham_0166\anh_001_a16f96af.png,https://hathyo.com/product/2373,https://d134sx875xrex2.cloudfront.net/n8LP2whCN5_t22.png,meta:og:image,1,200,image/png,102571,a16f96af8348f6beb8a9304c148a6c41c447e0fde4f98055047092e4e40c7f81,da_tai,0,data\du_lieu_logo\anh_goc\san_pham_0166\anh_001_a16f96af.png,dau_hieu_gallery=gallery|image
anh_000480,san_pham_0167,1,anh_001_60eed69d.png,data\du_lieu_logo\anh_goc\san_pham_0167\anh_001_60eed69d.png,https://hathyo.com/product/2374,https://d134sx875xrex2.cloudfront.net/6YGAFtPnFX_aa.png,meta:og:image,1,200,image/png,123082,60eed69dcd464ed784236c8433eb97c538340e2495e0492eef1596779ddf352a,da_tai,0,data\du_lieu_logo\anh_goc\san_pham_0167\anh_001_60eed69d.png,dau_hieu_gallery=gallery|image
anh_000481,san_pham_0168,1,anh_001_0cc6fe66.png,data\du_lieu_logo\anh_goc\san_pham_0168\anh_001_0cc6fe66.png,https://hathyo.com/product/2375,https://d134sx875xrex2.cloudfront.net/3QMumj3aN0_ss.png,meta:og:image,1,200,image/png,153692,0cc6fe666206ef5f441841aadb1b7f50fc02b4a56cd56f3e2820de8f600cb283,da_tai,0,data\du_lieu_logo\anh_goc\san_pham_0168\anh_001_0cc6fe66.png,dau_hieu_gallery=gallery|image
anh_000482,san_pham_0169,1,anh_001_360bc11e.png,data\du_lieu_logo\anh_goc\san_pham_0169\anh_001_360bc11e.png,https://hathyo.com/product/2376,https://d134sx875xrex2.cloudfront.net/6CkIs1DTuO_aaa.png,meta:og:image,1,200,image/png,103863,360bc11e56af114948a1f62e50fb21ece830c02a665bfd53960512905f6fab40,da_tai,0,data\du_lieu_logo\anh_goc\san_pham_0169\anh_001_360bc11e.png,dau_hieu_gallery=gallery|image
anh_000483,san_pham_0170,1,anh_001_aa4a014a.png,data\du_lieu_logo\anh_goc\san_pham_0170\anh_001_aa4a014a.png,https://hathyo.com/product/2377,https://d134sx875xrex2.cloudfront.net/0TguHikUgk_%E1%BA%A2nh%20ch%E1%BB%A5p%20m%C3%A0n%20h%C3%ACnh%202026-07-04%20215704.png,meta:og:image,1,200,image/png,41737,aa4a014a6e6759deabde5da9ce7818c47dd9c99f84d8659697cd97ade83b1f1d,da_tai,0,data\du_lieu_logo\anh_goc\san_pham_0170\anh_001_aa4a014a.png,dau_hieu_gallery=gallery|image
anh_000484,san_pham_0171,1,anh_001_8c69cd2e.png,data\du_lieu_logo\anh_goc\san_pham_0171\anh_001_8c69cd2e.png,https://hathyo.com/product/2378,https://d134sx875xrex2.cloudfront.net/NgYfUkyxjS_bb.png,meta:og:image,1,200,image/png,106032,8c69cd2ef8a50ddf87162d17b42dd0116080e288d24b11f333edb5e5e687e2a2,da_tai,0,data\du_lieu_logo\anh_goc\san_pham_0171\anh_001_8c69cd2e.png,dau_hieu_gallery=gallery|image
anh_000485,san_pham_0172,1,anh_001_600100cb.png,data\du_lieu_logo\anh_goc\san_pham_0172\anh_001_600100cb.png,https://hathyo.com/product/2379,https://d134sx875xrex2.cloudfront.net/vZBpyB7AbL_zz.png,meta:og:image,1,200,image/png,129420,600100cba57aad5f7ef64b406ebb4a1c279b3a786e9ed2af993db982fffb91a9,da_tai,0,data\du_lieu_logo\anh_goc\san_pham_0172\anh_001_600100cb.png,dau_hieu_gallery=gallery|image
anh_000486,san_pham_0173,1,anh_001_2c29782a.jpg,data\du_lieu_logo\anh_goc\san_pham_0173\anh_001_2c29782a.jpg,https://hathyo.com/product/238,https://d134sx875xrex2.cloudfront.net/hBs2fm9Xk0_z7952093373400_9a7b3f0b2d3d19d912a95b66e9590d68.jpg,meta:og:image,1,200,image/jpeg,147835,2c29782a41baa6c3228a0b1ff313578d448a31e59bc710bd0f4999d944cf7943,da_tai,0,data\du_lieu_logo\anh_goc\san_pham_0173\anh_001_2c29782a.jpg,dau_hieu_gallery=gallery|image
anh_000487,san_pham_0174,1,anh_001_72359106.png,data\du_lieu_logo\anh_goc\san_pham_0174\anh_001_72359106.png,https://hathyo.com/product/2380,https://d134sx875xrex2.cloudfront.net/RgglbOLaMj_%E1%BA%A2nh%20ch%E1%BB%A5p%20m%C3%A0n%20h%C3%ACnh%202026-07-04%20224015.png,meta:og:image,1,200,image/png,48988,72359106d641f43d087848d488e9d7e055f0c816c94fbadf344a1c969e187944,da_tai,0,data\du_lieu_logo\anh_goc\san_pham_0174\anh_001_72359106.png,dau_hieu_gallery=gallery|image
anh_000488,san_pham_0175,1,anh_001_73510d0f.png,data\du_lieu_logo\anh_goc\san_pham_0175\anh_001_73510d0f.png,https://hathyo.com/product/2381,https://d134sx875xrex2.cloudfront.net/mG0T6vjTh5_x.png,meta:og:image,1,200,image/png,105765,73510d0f01d589786d984c60a3eba28001658436967dd558cf649d085c8bbe5c,da_tai,0,data\du_lieu_logo\anh_goc\san_pham_0175\anh_001_73510d0f.png,dau_hieu_gallery=gallery|image
anh_000489,san_pham_0176,1,anh_001_7052cb82.png,data\du_lieu_logo\anh_goc\san_pham_0176\anh_001_7052cb82.png,https://hathyo.com/product/2382,https://d134sx875xrex2.cloudfront.net/j8TbQUzB4N_%E1%BA%A2nh%20ch%E1%BB%A5p%20m%C3%A0n%20h%C3%ACnh%202026-07-04%20222600.png,meta:og:image,1,200,image/png,69414,7052cb82ff1e675dfa747c752577d0799bc6fe597ea31c41b0bbcd07366a83c9,da_tai,0,data\du_lieu_logo\anh_goc\san_pham_0176\anh_001_7052cb82.png,dau_hieu_gallery=gallery|image
anh_000490,san_pham_0177,1,anh_001_d3049141.png,data\du_lieu_logo\anh_goc\san_pham_0177\anh_001_d3049141.png,https://hathyo.com/product/2383,https://d134sx875xrex2.cloudfront.net/sqLjMT4Xz4_v.png,meta:og:image,1,200,image/png,132330,d3049141d92542c6434f53cdcf10e05b21a897c67ffea91797ef85209487d50f,da_tai,0,data\du_lieu_logo\anh_goc\san_pham_0177\anh_001_d3049141.png,dau_hieu_gallery=gallery|image
anh_000491,san_pham_0178,1,anh_001_27705c98.png,data\du_lieu_logo\anh_goc\san_pham_0178\anh_001_27705c98.png,https://hathyo.com/product/2384,https://d134sx875xrex2.cloudfront.net/sgqTdxIFoN_cc.png,meta:og:image,1,200,image/png,109519,27705c98a88641336ab0eee4aaa899c11d1ba2f3aa0f9e3ddce27a24fcd7330a,da_tai,0,data\du_lieu_logo\anh_goc\san_pham_0178\anh_001_27705c98.png,dau_hieu_gallery=gallery|image
anh_000492,san_pham_0179,1,anh_001_a0f3637d.png,data\du_lieu_logo\anh_goc\san_pham_0179\anh_001_a0f3637d.png,https://hathyo.com/product/2385,https://d134sx875xrex2.cloudfront.net/WPJTupvsSa_qq.png,meta:og:image,1,200,image/png,107790,a0f3637d7196cbd42f0693ad1e536c9c6fd43b4296ce7d4e42038049391e6186,da_tai,0,data\du_lieu_logo\anh_goc\san_pham_0179\anh_001_a0f3637d.png,dau_hieu_gallery=gallery|image
anh_000493,san_pham_0180,1,anh_001_fa3a7d57.png,data\du_lieu_logo\anh_goc\san_pham_0180\anh_001_fa3a7d57.png,https://hathyo.com/product/2386,https://d134sx875xrex2.cloudfront.net/4tjUN6XPxn_ttt.png,meta:og:image,1,200,image/png,108834,fa3a7d574c39faf5f42ab33efa41ac525ec09e9c1fbb33784137d4ff73bc8f1d,da_tai,0,data\du_lieu_logo\anh_goc\san_pham_0180\anh_001_fa3a7d57.png,dau_hieu_gallery=gallery|image
anh_000494,san_pham_0181,1,,,https://hathyo.com/product/2387,https://d134sx875xrex2.cloudfront.net/Uwj7xF8Dtk_aaa.png,meta:og:image,1,200,image/png,103863,360bc11e56af114948a1f62e50fb21ece830c02a665bfd53960512905f6fab40,trung_sha256,1,data\du_lieu_logo\anh_goc\san_pham_0169\anh_001_360bc11e.png,dau_hieu_gallery=gallery|image
anh_000495,san_pham_0182,1,anh_001_0c785376.png,data\du_lieu_logo\anh_goc\san_pham_0182\anh_001_0c785376.png,https://hathyo.com/product/2388,https://d134sx875xrex2.cloudfront.net/3j6NDrreFN_bbb.png,meta:og:image,1,200,image/png,106390,0c785376a78eb20cafccdffca2e83bf609e807ed19362b7ce79de3a383235036,da_tai,0,data\du_lieu_logo\anh_goc\san_pham_0182\anh_001_0c785376.png,dau_hieu_gallery=gallery|image
anh_000496,san_pham_0183,1,anh_001_93641690.png,data\du_lieu_logo\anh_goc\san_pham_0183\anh_001_93641690.png,https://hathyo.com/product/2389,https://d134sx875xrex2.cloudfront.net/r5rmQCShfb_ccc.png,meta:og:image,1,200,image/png,105334,93641690a856122d3c1e08cedcb40f822e8c4981ef27bb29bbf386be069cba90,da_tai,0,data\du_lieu_logo\anh_goc\san_pham_0183\anh_001_93641690.png,dau_hieu_gallery=gallery|image
anh_000497,san_pham_0184,1,anh_001_e00d67c7.png,data\du_lieu_logo\anh_goc\san_pham_0184\anh_001_e00d67c7.png,https://hathyo.com/product/2390,https://d134sx875xrex2.cloudfront.net/DNczYE9CAh_%E1%BA%A2nh%20ch%E1%BB%A5p%20m%C3%A0n%20h%C3%ACnh%202026-07-04%20225649.png,meta:og:image,1,200,image/png,43301,e00d67c71051925e0b5864bec48764bfa3ebf82386f2e037646108304e888d86,da_tai,0,data\du_lieu_logo\anh_goc\san_pham_0184\anh_001_e00d67c7.png,dau_hieu_gallery=gallery|image
anh_000498,san_pham_0185,1,anh_001_534c8ce1.png,data\du_lieu_logo\anh_goc\san_pham_0185\anh_001_534c8ce1.png,https://hathyo.com/product/2391,https://d134sx875xrex2.cloudfront.net/RC6XJFKq8o_ddd.png,meta:og:image,1,200,image/png,130397,534c8ce11be32a8edccad7f3257005898b857c51abc927aceaddedf8d5815d61,da_tai,0,data\du_lieu_logo\anh_goc\san_pham_0185\anh_001_534c8ce1.png,dau_hieu_gallery=gallery|image
anh_000499,san_pham_0186,1,anh_001_da3fc6c9.png,data\du_lieu_logo\anh_goc\san_pham_0186\anh_001_da3fc6c9.png,https://hathyo.com/product/2392,https://d134sx875xrex2.cloudfront.net/5srNmAiXud_r.png,meta:og:image,1,200,image/png,98685,da3fc6c904180123631f9614539258eabd93c723bed975628e17c6bdef3d3bc7,da_tai,0,data\du_lieu_logo\anh_goc\san_pham_0186\anh_001_da3fc6c9.png,dau_hieu_gallery=gallery|image
anh_000500,san_pham_0187,1,anh_001_c3ddbc08.png,data\du_lieu_logo\anh_goc\san_pham_0187\anh_001_c3ddbc08.png,https://hathyo.com/product/2393,https://d134sx875xrex2.cloudfront.net/WsQ5UNRy1h_aaaaa.png,meta:og:image,1,200,image/png,125920,c3ddbc08c5d5547c463c06f0f1ce92dab67384ff672b4cbcc415f43579ff534f,da_tai,0,data\du_lieu_logo\anh_goc\san_pham_0187\anh_001_c3ddbc08.png,dau_hieu_gallery=gallery|image
anh_000501,san_pham_0188,1,anh_001_a9219913.png,data\du_lieu_logo\anh_goc\san_pham_0188\anh_001_a9219913.png,https://hathyo.com/product/2394,https://d134sx875xrex2.cloudfront.net/z3U9y44ypg_%E1%BA%A2nh%20ch%E1%BB%A5p%20m%C3%A0n%20h%C3%ACnh%202026-07-04%20230558.png,meta:og:image,1,200,image/png,58065,a92199139ce9785e5f5ed87321234ecc66f77657ce7c037b50e085bc4a20c996,da_tai,0,data\du_lieu_logo\anh_goc\san_pham_0188\anh_001_a9219913.png,dau_hieu_gallery=gallery|image
anh_000502,san_pham_0189,1,anh_001_0ee70bda.png,data\du_lieu_logo\anh_goc\san_pham_0189\anh_001_0ee70bda.png,https://hathyo.com/product/2395,https://d134sx875xrex2.cloudfront.net/WBxPAyqdli_%E1%BA%A2nh%20ch%E1%BB%A5p%20m%C3%A0n%20h%C3%ACnh%202026-07-04%20231455.png,meta:og:image,1,200,image/png,69511,0ee70bdab326dd0615deaed38ef2bced4967013d7cdf95d0d60ce013d2c852f2,da_tai,0,data\du_lieu_logo\anh_goc\san_pham_0189\anh_001_0ee70bda.png,dau_hieu_gallery=gallery|image
anh_000503,san_pham_0190,1,anh_001_37c02169.png,data\du_lieu_logo\anh_goc\san_pham_0190\anh_001_37c02169.png,https://hathyo.com/product/2396,https://d134sx875xrex2.cloudfront.net/f80v06CWld_%E1%BA%A2nh%20ch%E1%BB%A5p%20m%C3%A0n%20h%C3%ACnh%202026-07-04%20232601.png,meta:og:image,1,200,image/png,62959,37c021692cac6bc63edb6bf5bec048b786bbebe064d2392ef018e0a1cad07fd4,da_tai,0,data\du_lieu_logo\anh_goc\san_pham_0190\anh_001_37c02169.png,dau_hieu_gallery=gallery|image
anh_000504,san_pham_0191,1,anh_001_6e6dcbea.png,data\du_lieu_logo\anh_goc\san_pham_0191\anh_001_6e6dcbea.png,https://hathyo.com/product/2397,https://d134sx875xrex2.cloudfront.net/RHFGAzQ28W_p.png,meta:og:image,1,200,image/png,184797,6e6dcbea2e65a430ea9258c2195c9fe3427c11a4c47be754fb02daca1a8dae5f,da_tai,0,data\du_lieu_logo\anh_goc\san_pham_0191\anh_001_6e6dcbea.png,dau_hieu_gallery=gallery|image
anh_000505,san_pham_0192,1,anh_001_5ec3ddf8.png,data\du_lieu_logo\anh_goc\san_pham_0192\anh_001_5ec3ddf8.png,https://hathyo.com/product/2398,https://d134sx875xrex2.cloudfront.net/wAscnsVJHc_t4.png,meta:og:image,1,200,image/png,216196,5ec3ddf81350208fabbd02b38a4309ddc5e04e6d755542728b917e3b88e7216f,da_tai,0,data\du_lieu_logo\anh_goc\san_pham_0192\anh_001_5ec3ddf8.png,dau_hieu_gallery=gallery|image
anh_000506,san_pham_0193,1,anh_001_2782ff47.png,data\du_lieu_logo\anh_goc\san_pham_0193\anh_001_2782ff47.png,https://hathyo.com/product/2399,https://d134sx875xrex2.cloudfront.net/S9Kveh0tpK_t3.png,meta:og:image,1,200,image/png,172921,2782ff47b3fcad74c290bdcf6abe51be7aff28b77188a824506e0b662a0258c1,da_tai,0,data\du_lieu_logo\anh_goc\san_pham_0193\anh_001_2782ff47.png,dau_hieu_gallery=gallery|image
anh_000507,san_pham_0194,1,anh_001_1e1b3909.png,data\du_lieu_logo\anh_goc\san_pham_0194\anh_001_1e1b3909.png,https://hathyo.com/product/2400,https://d134sx875xrex2.cloudfront.net/OsdR9J0tBe_t6.png,meta:og:image,1,200,image/png,196545,1e1b39098390f2f6868cd8ba5f8bcabd863c0c4dc8362c9854794327ff9a09bc,da_tai,0,data\du_lieu_logo\anh_goc\san_pham_0194\anh_001_1e1b3909.png,dau_hieu_gallery=gallery|image
anh_000508,san_pham_0195,1,anh_001_b13fe387.png,data\du_lieu_logo\anh_goc\san_pham_0195\anh_001_b13fe387.png,https://hathyo.com/product/2401,https://d134sx875xrex2.cloudfront.net/J9eDYRiWl2_T7.png,meta:og:image,1,200,image/png,174613,b13fe3875f79526befab72f3b1aa4e9b2309d13a48bd19010bed5815b6a36bdb,da_tai,0,data\du_lieu_logo\anh_goc\san_pham_0195\anh_001_b13fe387.png,dau_hieu_gallery=gallery|image
anh_000509,san_pham_0196,1,anh_001_e4f8e151.png,data\du_lieu_logo\anh_goc\san_pham_0196\anh_001_e4f8e151.png,https://hathyo.com/product/2402,https://d134sx875xrex2.cloudfront.net/xgusyqnAub_T8.png,meta:og:image,1,200,image/png,122182,e4f8e151d2171df8c81e6865e85cb52138a5e16d6ef4c6e7ffccde081f777699,da_tai,0,data\du_lieu_logo\anh_goc\san_pham_0196\anh_001_e4f8e151.png,dau_hieu_gallery=gallery|image
anh_000510,san_pham_0197,1,anh_001_043251a6.png,data\du_lieu_logo\anh_goc\san_pham_0197\anh_001_043251a6.png,https://hathyo.com/product/2403,https://d134sx875xrex2.cloudfront.net/D42mWxADVJ_T9.png,meta:og:image,1,200,image/png,114382,043251a671b9debbc3cbd538c08aea2c0c77b314d049743648b6ef04961ce7f2,da_tai,0,data\du_lieu_logo\anh_goc\san_pham_0197\anh_001_043251a6.png,dau_hieu_gallery=gallery|image
anh_000511,san_pham_0198,1,anh_001_dfdcb90a.png,data\du_lieu_logo\anh_goc\san_pham_0198\anh_001_dfdcb90a.png,https://hathyo.com/product/2404,https://d134sx875xrex2.cloudfront.net/4VOy7hy6za_%E1%BA%A2nh%20ch%E1%BB%A5p%20m%C3%A0n%20h%C3%ACnh%202026-07-06%20103718.png,meta:og:image,1,200,image/png,158877,dfdcb90ad714202e3e4b2f2f61b06127695378ad30a930191de9ddc125ee93ec,da_tai,0,data\du_lieu_logo\anh_goc\san_pham_0198\anh_001_dfdcb90a.png,dau_hieu_gallery=gallery|image
anh_000512,san_pham_0198,2,anh_002_6fcf11f3.png,data\du_lieu_logo\anh_goc\san_pham_0198\anh_002_6fcf11f3.png,https://hathyo.com/product/2404,https://d134sx875xrex2.cloudfront.net/1uhJEs3aA2_%E1%BA%A2nh%20ch%E1%BB%A5p%20m%C3%A0n%20h%C3%ACnh%202026-07-06%20103628.png,meta:og:image,1,200,image/png,322386,6fcf11f3d1dbea3f640a0b081f6c0d673f6cc0baa5fbcf06baee23b05aa5a7c7,da_tai,0,data\du_lieu_logo\anh_goc\san_pham_0198\anh_002_6fcf11f3.png,dau_hieu_gallery=gallery|image
anh_000513,san_pham_0199,1,anh_001_aaa772ef.png,data\du_lieu_logo\anh_goc\san_pham_0199\anh_001_aaa772ef.png,https://hathyo.com/product/2405,https://d134sx875xrex2.cloudfront.net/UFe8uWXQpB_%E1%BA%A2nh%20ch%E1%BB%A5p%20m%C3%A0n%20h%C3%ACnh%202026-07-06%20104027.png,meta:og:image,1,200,image/png,277313,aaa772ef245fb876816b6f5819a562b8a63020d65bf5d9037d00682a4606d49e,da_tai,0,data\du_lieu_logo\anh_goc\san_pham_0199\anh_001_aaa772ef.png,dau_hieu_gallery=gallery|image
anh_000514,san_pham_0199,2,anh_002_a058bbc2.png,data\du_lieu_logo\anh_goc\san_pham_0199\anh_002_a058bbc2.png,https://hathyo.com/product/2405,https://d134sx875xrex2.cloudfront.net/4C7H0TTdvj_%E1%BA%A2nh%20ch%E1%BB%A5p%20m%C3%A0n%20h%C3%ACnh%202026-07-06%20104209.png,meta:og:image,1,200,image/png,310085,a058bbc291be618a8699f5365edc0bf948f736e5ec0c3be31af51ed4acd483ee,da_tai,0,data\du_lieu_logo\anh_goc\san_pham_0199\anh_002_a058bbc2.png,dau_hieu_gallery=gallery|image
anh_000515,san_pham_0200,1,anh_001_092d7cc2.png,data\du_lieu_logo\anh_goc\san_pham_0200\anh_001_092d7cc2.png,https://hathyo.com/product/2406,https://d134sx875xrex2.cloudfront.net/BWdglg4azJ_%E1%BA%A2nh%20ch%E1%BB%A5p%20m%C3%A0n%20h%C3%ACnh%202026-07-06%20104653.png,meta:og:image,1,200,image/png,290648,092d7cc224d3831bb068c0ec0239a97398727c86624b308330a54f82482d528b,da_tai,0,data\du_lieu_logo\anh_goc\san_pham_0200\anh_001_092d7cc2.png,dau_hieu_gallery=gallery|image
anh_000516,san_pham_0200,2,anh_002_83d41fa2.png,data\du_lieu_logo\anh_goc\san_pham_0200\anh_002_83d41fa2.png,https://hathyo.com/product/2406,https://d134sx875xrex2.cloudfront.net/leaW12HBOW_%E1%BA%A2nh%20ch%E1%BB%A5p%20m%C3%A0n%20h%C3%ACnh%202026-07-06%20104807.png,meta:og:image,1,200,image/png,341711,83d41fa23d7edb79d854dd62499718030e479818806868fd038fea81029b6ab1,da_tai,0,data\du_lieu_logo\anh_goc\san_pham_0200\anh_002_83d41fa2.png,dau_hieu_gallery=gallery|image
anh_000517,san_pham_0201,1,anh_001_6cb0b116.png,data\du_lieu_logo\anh_goc\san_pham_0201\anh_001_6cb0b116.png,https://hathyo.com/product/2407,https://d134sx875xrex2.cloudfront.net/9DgkpdgiN4_%E1%BA%A2nh%20ch%E1%BB%A5p%20m%C3%A0n%20h%C3%ACnh%202026-07-06%20105049.png,meta:og:image,1,200,image/png,221401,6cb0b11644dc7ec5d7dfa7284310a344f5b57f15215cfb6e3e058e773ded5d4d,da_tai,0,data\du_lieu_logo\anh_goc\san_pham_0201\anh_001_6cb0b116.png,dau_hieu_gallery=gallery|image
anh_000518,san_pham_0201,2,anh_002_9e5451be.png,data\du_lieu_logo\anh_goc\san_pham_0201\anh_002_9e5451be.png,https://hathyo.com/product/2407,https://d134sx875xrex2.cloudfront.net/MusGTDjJsj_%E1%BA%A2nh%20ch%E1%BB%A5p%20m%C3%A0n%20h%C3%ACnh%202026-07-06%20105229.png,meta:og:image,1,200,image/png,366371,9e5451beef6f6df3fdf5474bb58bc227769978437f8f242aa4443f7bd0a34514,da_tai,0,data\du_lieu_logo\anh_goc\san_pham_0201\anh_002_9e5451be.png,dau_hieu_gallery=gallery|image
anh_000519,san_pham_0202,1,anh_001_80276288.jpg,data\du_lieu_logo\anh_goc\san_pham_0202\anh_001_80276288.jpg,https://hathyo.com/product/2408,https://d134sx875xrex2.cloudfront.net/49gozvGDM9_9094ed0a8d0740c6bd5ddc9256b82c5a.jpg,meta:og:image,1,200,image/jpeg,78906,80276288aff4794865f8b871f3e71379d32fb78a9359a8cecd22030e6a7211a5,da_tai,0,data\du_lieu_logo\anh_goc\san_pham_0202\anh_001_80276288.jpg,dau_hieu_gallery=gallery|image
anh_000520,san_pham_0202,2,anh_002_d1a3253f.jpg,data\du_lieu_logo\anh_goc\san_pham_0202\anh_002_d1a3253f.jpg,https://hathyo.com/product/2408,https://d134sx875xrex2.cloudfront.net/r6XYWDuscA_sg-11134201-7qve6-lgdjxx0i7jh223.jpg,meta:og:image,1,200,image/jpeg,46856,d1a3253fb9ec756f2ecad2e08ef00a56d60b6ad3222cb86a9e05cb0aec696018,da_tai,0,data\du_lieu_logo\anh_goc\san_pham_0202\anh_002_d1a3253f.jpg,dau_hieu_gallery=gallery|image
anh_000521,san_pham_0203,1,anh_001_16efe0b6.png,data\du_lieu_logo\anh_goc\san_pham_0203\anh_001_16efe0b6.png,https://hathyo.com/product/2409,https://d134sx875xrex2.cloudfront.net/XhGToMfYW0_%E1%BA%A2nh%20ch%E1%BB%A5p%20m%C3%A0n%20h%C3%ACnh%202026-07-06%20105452.png,meta:og:image,1,200,image/png,38297,16efe0b6d9a6372f46dfb3f8f4bb35bb8254a5e9d2e37e1490ffc5fa400a7c99,da_tai,0,data\du_lieu_logo\anh_goc\san_pham_0203\anh_001_16efe0b6.png,dau_hieu_gallery=gallery|image
anh_000522,san_pham_0203,2,anh_002_d6b5e571.png,data\du_lieu_logo\anh_goc\san_pham_0203\anh_002_d6b5e571.png,https://hathyo.com/product/2409,https://d134sx875xrex2.cloudfront.net/I3FOxFxbID_%E1%BA%A2nh%20ch%E1%BB%A5p%20m%C3%A0n%20h%C3%ACnh%202026-07-06%20105648.png,meta:og:image,1,200,image/png,185249,d6b5e571fb9db1efecfaaf770993150b4be361a7f6f1523e418ac067cfde2896,da_tai,0,data\du_lieu_logo\anh_goc\san_pham_0203\anh_002_d6b5e571.png,dau_hieu_gallery=gallery|image
anh_000523,san_pham_0204,1,anh_001_0f99de11.jpg,data\du_lieu_logo\anh_goc\san_pham_0204\anh_001_0f99de11.jpg,https://hathyo.com/product/241,https://d134sx875xrex2.cloudfront.net/cJ7yn6itIA_fd73fabb48054437924ac39006c06ba8~tplv-aphluv4xwc-origin-jpeg.jpeg,meta:og:image,1,200,image/jpeg,113150,0f99de11e3a2f275e0a74401369847a4562b7aec226ff7c4422a55a406d6f87b,da_tai,0,data\du_lieu_logo\anh_goc\san_pham_0204\anh_001_0f99de11.jpg,dau_hieu_gallery=gallery|image
anh_000524,san_pham_0204,2,anh_002_4a1b9bde.jpg,data\du_lieu_logo\anh_goc\san_pham_0204\anh_002_4a1b9bde.jpg,https://hathyo.com/product/241,https://d134sx875xrex2.cloudfront.net/I2jgPnFa8c_74646140afd9406d907672ee537df6ac~tplv-aphluv4xwc-origin-jpeg.jpeg,meta:og:image,1,200,image/jpeg,87169,4a1b9bdeec2d9f675e360499870b8d3c54fc088b1d1025a22b8c4024639f81ad,da_tai,0,data\du_lieu_logo\anh_goc\san_pham_0204\anh_002_4a1b9bde.jpg,dau_hieu_gallery=gallery|image
anh_000525,san_pham_0204,3,anh_003_c1134042.jpg,data\du_lieu_logo\anh_goc\san_pham_0204\anh_003_c1134042.jpg,https://hathyo.com/product/241,https://d134sx875xrex2.cloudfront.net/bUXmWCikbO_ac87afee0ba34777b6ba57ca3c98a978~tplv-aphluv4xwc-origin-jpeg.jpeg,meta:og:image,1,200,image/jpeg,81303,c113404290d2b440c0d8263fdfe0add58dcc1d9d423b6fab4ec5ed43db07b34c,da_tai,0,data\du_lieu_logo\anh_goc\san_pham_0204\anh_003_c1134042.jpg,dau_hieu_gallery=gallery|image
anh_000526,san_pham_0204,4,anh_004_0f9ee02c.jpg,data\du_lieu_logo\anh_goc\san_pham_0204\anh_004_0f9ee02c.jpg,https://hathyo.com/product/241,https://d134sx875xrex2.cloudfront.net/qkzJsq627K_5013d1ca30de486e815b4226ba16d86e~tplv-aphluv4xwc-origin-jpeg.jpeg,meta:og:image,1,200,image/jpeg,111394,0f9ee02cfd991451aaad458b82d0039b6ac724782f2a2244718f676e1749c1ad,da_tai,0,data\du_lieu_logo\anh_goc\san_pham_0204\anh_004_0f9ee02c.jpg,dau_hieu_gallery=gallery|image
anh_000527,san_pham_0204,5,anh_005_f1961d61.jpg,data\du_lieu_logo\anh_goc\san_pham_0204\anh_005_f1961d61.jpg,https://hathyo.com/product/241,https://d134sx875xrex2.cloudfront.net/siTRY7jAgO_251a86f1ac134416859c6bb5f1b45088~tplv-aphluv4xwc-origin-jpeg.jpeg,meta:og:image,1,200,image/jpeg,85829,f1961d612fc1f38fe6396e3cf836cc08e2b6c78bbf97c404bb09859548666c1d,da_tai,0,data\du_lieu_logo\anh_goc\san_pham_0204\anh_005_f1961d61.jpg,dau_hieu_gallery=gallery|image
anh_000528,san_pham_0204,6,anh_006_76f97072.jpg,data\du_lieu_logo\anh_goc\san_pham_0204\anh_006_76f97072.jpg,https://hathyo.com/product/241,https://d134sx875xrex2.cloudfront.net/2gT1zpS1D8_167d106ba7624c1581101170e42bfe15~tplv-aphluv4xwc-origin-jpeg.jpeg,meta:og:image,1,200,image/jpeg,84325,76f970729cecebdbdbb4b92367e22623f29d9e7eeb8c6a6e281a74f8f82b3bb3,da_tai,0,data\du_lieu_logo\anh_goc\san_pham_0204\anh_006_76f97072.jpg,dau_hieu_gallery=gallery|image
anh_000529,san_pham_0204,7,anh_007_8b664a9a.jpg,data\du_lieu_logo\anh_goc\san_pham_0204\anh_007_8b664a9a.jpg,https://hathyo.com/product/241,https://d134sx875xrex2.cloudfront.net/rTnO2rtTU9_02e47912e46b4925935defce98b3624d~tplv-aphluv4xwc-origin-jpeg.jpeg,meta:og:image,1,200,image/jpeg,79001,8b664a9ae1186102766a952e93b9aeab30af7d15ff7e91e312c419dba908fa28,da_tai,0,data\du_lieu_logo\anh_goc\san_pham_0204\anh_007_8b664a9a.jpg,dau_hieu_gallery=gallery|image
anh_000530,san_pham_0205,1,anh_001_7c216453.png,data\du_lieu_logo\anh_goc\san_pham_0205\anh_001_7c216453.png,https://hathyo.com/product/2410,https://d134sx875xrex2.cloudfront.net/0mcjcpjOqp_%E1%BA%A2nh%20ch%E1%BB%A5p%20m%C3%A0n%20h%C3%ACnh%202026-07-06%20110001.png,meta:og:image,1,200,image/png,164560,7c216453366291f333ba19c768f5750e4084b1461d86c7ac00790774b9fee49f,da_tai,0,data\du_lieu_logo\anh_goc\san_pham_0205\anh_001_7c216453.png,dau_hieu_gallery=gallery|image
anh_000531,san_pham_0205,2,anh_002_bf5bc5a0.png,data\du_lieu_logo\anh_goc\san_pham_0205\anh_002_bf5bc5a0.png,https://hathyo.com/product/2410,https://d134sx875xrex2.cloudfront.net/vfAShgWZh5_%E1%BA%A2nh%20ch%E1%BB%A5p%20m%C3%A0n%20h%C3%ACnh%202026-07-06%20110137.png,meta:og:image,1,200,image/png,213942,bf5bc5a01ac3b271353d6a0ed5bf15b674600fb3821e72d4a4fe0c86fa56ff3e,da_tai,0,data\du_lieu_logo\anh_goc\san_pham_0205\anh_002_bf5bc5a0.png,dau_hieu_gallery=gallery|image
anh_000532,san_pham_0206,1,anh_001_cf22fc2c.png,data\du_lieu_logo\anh_goc\san_pham_0206\anh_001_cf22fc2c.png,https://hathyo.com/product/2411,https://d134sx875xrex2.cloudfront.net/ksfAHcR9ko_%E1%BA%A2nh%20ch%E1%BB%A5p%20m%C3%A0n%20h%C3%ACnh%202026-07-06%20110918.png,meta:og:image,1,200,image/png,278268,cf22fc2c311395223ced92ebafed9ca69cc841e5899239ff992efbe9596ea89b,da_tai,0,data\du_lieu_logo\anh_goc\san_pham_0206\anh_001_cf22fc2c.png,dau_hieu_gallery=gallery|image
anh_000533,san_pham_0206,2,anh_002_587a9d0e.png,data\du_lieu_logo\anh_goc\san_pham_0206\anh_002_587a9d0e.png,https://hathyo.com/product/2411,https://d134sx875xrex2.cloudfront.net/hz12kRlWIf_%E1%BA%A2nh%20ch%E1%BB%A5p%20m%C3%A0n%20h%C3%ACnh%202026-07-06%20110751.png,meta:og:image,1,200,image/png,42481,587a9d0ea2d4295bc325d56adcb826050dfd9e93dbe252fa42bd8506fdd05821,da_tai,0,data\du_lieu_logo\anh_goc\san_pham_0206\anh_002_587a9d0e.png,dau_hieu_gallery=gallery|image
anh_000534,san_pham_0207,1,anh_001_e66247e2.png,data\du_lieu_logo\anh_goc\san_pham_0207\anh_001_e66247e2.png,https://hathyo.com/product/2412,https://d134sx875xrex2.cloudfront.net/KVG09qyMxY_%E1%BA%A2nh%20ch%E1%BB%A5p%20m%C3%A0n%20h%C3%ACnh%202026-07-06%20111631.png,meta:og:image,1,200,image/png,598626,e66247e2c3fcd883a76be0f1155721c42c16b8e8b19cf9c8bd87d835b7a99d3b,da_tai,0,data\du_lieu_logo\anh_goc\san_pham_0207\anh_001_e66247e2.png,dau_hieu_gallery=gallery|image
anh_000535,san_pham_0207,2,anh_002_7c161a11.png,data\du_lieu_logo\anh_goc\san_pham_0207\anh_002_7c161a11.png,https://hathyo.com/product/2412,https://d134sx875xrex2.cloudfront.net/nEkRAUQhvW_%E1%BA%A2nh%20ch%E1%BB%A5p%20m%C3%A0n%20h%C3%ACnh%202026-07-06%20111512.png,meta:og:image,1,200,image/png,237747,7c161a1142bcb7622d117ac7bc8d49a8bc10cf3d05f15c467389ba4f27a90786,da_tai,0,data\du_lieu_logo\anh_goc\san_pham_0207\anh_002_7c161a11.png,dau_hieu_gallery=gallery|image
anh_000536,san_pham_0208,1,anh_001_d48ad577.png,data\du_lieu_logo\anh_goc\san_pham_0208\anh_001_d48ad577.png,https://hathyo.com/product/2413,https://d134sx875xrex2.cloudfront.net/6Qxw4orT3y_%E1%BA%A2nh%20ch%E1%BB%A5p%20m%C3%A0n%20h%C3%ACnh%202026-07-06%20112148.png,meta:og:image,1,200,image/png,812735,d48ad57738e732f41c148b711046cf5e05918a6af92195e2b471c023f290c2de,da_tai,0,data\du_lieu_logo\anh_goc\san_pham_0208\anh_001_d48ad577.png,dau_hieu_gallery=gallery|image
anh_000537,san_pham_0208,2,anh_002_80f0bfcc.png,data\du_lieu_logo\anh_goc\san_pham_0208\anh_002_80f0bfcc.png,https://hathyo.com/product/2413,https://d134sx875xrex2.cloudfront.net/KsBMHPfO4j_%E1%BA%A2nh%20ch%E1%BB%A5p%20m%C3%A0n%20h%C3%ACnh%202026-07-06%20111920.png,meta:og:image,1,200,image/png,818131,80f0bfcc8ef966a142d5309286547a2bed133bb3ae24929b6d42153b31b5b4ca,da_tai,0,data\du_lieu_logo\anh_goc\san_pham_0208\anh_002_80f0bfcc.png,dau_hieu_gallery=gallery|image
anh_000538,san_pham_0209,1,anh_001_4f6bfc03.jpg,data\du_lieu_logo\anh_goc\san_pham_0209\anh_001_4f6bfc03.jpg,https://hathyo.com/product/2414,https://d134sx875xrex2.cloudfront.net/ezGFEN9tXz_vn-11134207-820l4-mfrr25j0e2h5aa.jpg,meta:og:image,1,200,image/jpeg,942033,4f6bfc03ab365e6f255c843e46e99bf3ff8317ec0d5817ee5e9bff981fb7a1f1,da_tai,0,data\du_lieu_logo\anh_goc\san_pham_0209\anh_001_4f6bfc03.jpg,dau_hieu_gallery=gallery|image
anh_000539,san_pham_0210,1,anh_001_5da70718.png,data\du_lieu_logo\anh_goc\san_pham_0210\anh_001_5da70718.png,https://hathyo.com/product/2415,https://d134sx875xrex2.cloudfront.net/Yb0KrCFSPP_%E1%BA%A2nh%20ch%E1%BB%A5p%20m%C3%A0n%20h%C3%ACnh%202026-07-06%20112658.png,meta:og:image,1,200,image/png,273584,5da70718fa3977445cee603298e6897cf290ebf6d215c79ed80d46b611bfa252,da_tai,0,data\du_lieu_logo\anh_goc\san_pham_0210\anh_001_5da70718.png,dau_hieu_gallery=gallery|image
anh_000540,san_pham_0210,2,anh_002_85080623.png,data\du_lieu_logo\anh_goc\san_pham_0210\anh_002_85080623.png,https://hathyo.com/product/2415,https://d134sx875xrex2.cloudfront.net/z9mCVwqx5m_%E1%BA%A2nh%20ch%E1%BB%A5p%20m%C3%A0n%20h%C3%ACnh%202026-07-06%20112556.png,meta:og:image,1,200,image/png,820702,85080623ca855882f88f0db2ca68addfc87921fb89e985acd66e2fb1a1efc815,da_tai,0,data\du_lieu_logo\anh_goc\san_pham_0210\anh_002_85080623.png,dau_hieu_gallery=gallery|image
anh_000541,san_pham_0211,1,anh_001_979e401d.jpg,data\du_lieu_logo\anh_goc\san_pham_0211\anh_001_979e401d.jpg,https://hathyo.com/product/2416,https://d134sx875xrex2.cloudfront.net/V28eo2FXAl_vn-11134207-7ras8-mdpxp5qqiwud9a.jpg,meta:og:image,1,200,image/jpeg,902563,979e401d12f051b14801b98a3f44187100dd16fe2f1f0a2701c68416edd23d55,da_tai,0,data\du_lieu_logo\anh_goc\san_pham_0211\anh_001_979e401d.jpg,dau_hieu_gallery=gallery|image
anh_000542,san_pham_0211,2,anh_002_021ef79a.png,data\du_lieu_logo\anh_goc\san_pham_0211\anh_002_021ef79a.png,https://hathyo.com/product/2416,https://d134sx875xrex2.cloudfront.net/nDNZoEAPvR_%E1%BA%A2nh%20ch%E1%BB%A5p%20m%C3%A0n%20h%C3%ACnh%202026-07-06%20115805.png,meta:og:image,1,200,image/png,43420,021ef79a97bb1dc0bbb785bf9671f352b6b2a13c5bbd877edbc735cbdc22a253,da_tai,0,data\du_lieu_logo\anh_goc\san_pham_0211\anh_002_021ef79a.png,dau_hieu_gallery=gallery|image
anh_000543,san_pham_0211,3,anh_003_7efc6528.png,data\du_lieu_logo\anh_goc\san_pham_0211\anh_003_7efc6528.png,https://hathyo.com/product/2416,https://d134sx875xrex2.cloudfront.net/OrG612xYBq_%E1%BA%A2nh%20ch%E1%BB%A5p%20m%C3%A0n%20h%C3%ACnh%202026-07-06%20115911.png,meta:og:image,1,200,image/png,40021,7efc6528655afbe27675614b2a59aac98ad9807251d05c02ada8b84873029989,da_tai,0,data\du_lieu_logo\anh_goc\san_pham_0211\anh_003_7efc6528.png,dau_hieu_gallery=gallery|image
anh_000544,san_pham_0212,1,anh_001_ff49dbef.png,data\du_lieu_logo\anh_goc\san_pham_0212\anh_001_ff49dbef.png,https://hathyo.com/product/2417,https://d134sx875xrex2.cloudfront.net/sQxS5prU9j_%E1%BA%A2nh%20ch%E1%BB%A5p%20m%C3%A0n%20h%C3%ACnh%202026-07-05%20125237.png,meta:og:image,1,200,image/png,47067,ff49dbef085a55ebc83fe0c9aab63bee73960682684b3c6421ba924e69f5ce01,da_tai,0,data\du_lieu_logo\anh_goc\san_pham_0212\anh_001_ff49dbef.png,dau_hieu_gallery=gallery|image
anh_000545,san_pham_0213,1,anh_001_97453675.png,data\du_lieu_logo\anh_goc\san_pham_0213\anh_001_97453675.png,https://hathyo.com/product/2418,https://d134sx875xrex2.cloudfront.net/qPiHG19E0S_%E1%BA%A2nh%20ch%E1%BB%A5p%20m%C3%A0n%20h%C3%ACnh%202026-07-06%20120405.png,meta:og:image,1,200,image/png,290609,97453675957c32d1d1187e3c3aafa3edd9f6da378c179686de850f693b8b64f4,da_tai,0,data\du_lieu_logo\anh_goc\san_pham_0213\anh_001_97453675.png,dau_hieu_gallery=gallery|image
anh_000546,san_pham_0213,2,anh_002_72058b0a.png,data\du_lieu_logo\anh_goc\san_pham_0213\anh_002_72058b0a.png,https://hathyo.com/product/2418,https://d134sx875xrex2.cloudfront.net/ZhcIic4kKh_%E1%BA%A2nh%20ch%E1%BB%A5p%20m%C3%A0n%20h%C3%ACnh%202026-07-06%20120309.png,meta:og:image,1,200,image/png,797827,72058b0a82c0421f7bd1c91cd035518f5a02995f02c97638dfc64ed000e956ce,da_tai,0,data\du_lieu_logo\anh_goc\san_pham_0213\anh_002_72058b0a.png,dau_hieu_gallery=gallery|image
anh_000547,san_pham_0214,1,anh_001_6683a537.png,data\du_lieu_logo\anh_goc\san_pham_0214\anh_001_6683a537.png,https://hathyo.com/product/2419,https://d134sx875xrex2.cloudfront.net/z6Q9v8HoJV_%E1%BA%A2nh%20ch%E1%BB%A5p%20m%C3%A0n%20h%C3%ACnh%202026-07-06%20120733.png,meta:og:image,1,200,image/png,1047885,6683a5374676093951252e9ce46e2f25e7ff10f00a16eacf3ec813149ef64558,da_tai,0,data\du_lieu_logo\anh_goc\san_pham_0214\anh_001_6683a537.png,dau_hieu_gallery=gallery|image
anh_000548,san_pham_0214,2,anh_002_1c48c158.png,data\du_lieu_logo\anh_goc\san_pham_0214\anh_002_1c48c158.png,https://hathyo.com/product/2419,https://d134sx875xrex2.cloudfront.net/8ii8oTZVqo_%E1%BA%A2nh%20ch%E1%BB%A5p%20m%C3%A0n%20h%C3%ACnh%202026-07-06%20120639.png,meta:og:image,1,200,image/png,221162,1c48c1588d5403d6ad243d305c0cb293a911ead4c8aa1929a8f3ce91e7a4952a,da_tai,0,data\du_lieu_logo\anh_goc\san_pham_0214\anh_002_1c48c158.png,dau_hieu_gallery=gallery|image
anh_000549,san_pham_0215,1,anh_001_b8dbdd08.jpg,data\du_lieu_logo\anh_goc\san_pham_0215\anh_001_b8dbdd08.jpg,https://hathyo.com/product/242,https://d134sx875xrex2.cloudfront.net/2iF20if132_z7962683263866_fd39adddf43c4a8e270387f493bf8b9d.jpg,meta:og:image,1,200,image/jpeg,416747,b8dbdd0853106047e0f139f90aa942ce10932af19e191a272b31edb5797f6dcd,da_tai,0,data\du_lieu_logo\anh_goc\san_pham_0215\anh_001_b8dbdd08.jpg,dau_hieu_gallery=gallery|image
anh_000550,san_pham_0215,2,anh_002_832e7d2d.jpg,data\du_lieu_logo\anh_goc\san_pham_0215\anh_002_832e7d2d.jpg,https://hathyo.com/product/242,https://d134sx875xrex2.cloudfront.net/EE5kkvH9Bp_z7973519922997_36d8dbebff072cd5e5d92922e94a0eef.jpg,meta:og:image,1,200,image/jpeg,237869,832e7d2da2396579af3e7bf6584148a18a6b1d1634ad1e68531ad75984af42ee,da_tai,0,data\du_lieu_logo\anh_goc\san_pham_0215\anh_002_832e7d2d.jpg,dau_hieu_gallery=gallery|image
anh_000551,san_pham_0216,1,anh_001_c1572176.png,data\du_lieu_logo\anh_goc\san_pham_0216\anh_001_c1572176.png,https://hathyo.com/product/2420,https://d134sx875xrex2.cloudfront.net/mpJwGsjCxg_vn-11134208-7ra0g-m9qv5pt9gu9wb6%20(1).png,meta:og:image,1,200,image/png,1576326,c1572176271f6f1ab60e35d8b2a3786262133c4319b8958b74b2aef6e42f4dbc,da_tai,0,data\du_lieu_logo\anh_goc\san_pham_0216\anh_001_c1572176.png,dau_hieu_gallery=gallery|image
anh_000552,san_pham_0216,2,anh_002_f68c80b3.jpg,data\du_lieu_logo\anh_goc\san_pham_0216\anh_002_f68c80b3.jpg,https://hathyo.com/product/2420,https://d134sx875xrex2.cloudfront.net/tWVLImBILv_sg-11134201-82587-mfwsfnjzj6rw8a.jpg,meta:og:image,1,200,image/jpeg,148903,f68c80b3c2a995c5f72d54db00e5de8e31b11989bfeaa9078ff209553099f3b1,da_tai,0,data\du_lieu_logo\anh_goc\san_pham_0216\anh_002_f68c80b3.jpg,dau_hieu_gallery=gallery|image
anh_000553,san_pham_0217,1,anh_001_c393bc7f.png,data\du_lieu_logo\anh_goc\san_pham_0217\anh_001_c393bc7f.png,https://hathyo.com/product/2421,https://d134sx875xrex2.cloudfront.net/xYSDiWwNzL_%E1%BA%A2nh%20ch%E1%BB%A5p%20m%C3%A0n%20h%C3%ACnh%202026-07-06%20121142.png,meta:og:image,1,200,image/png,60552,c393bc7fcbdea5c5afc84e68b5d06af44cf0a52ed3314d6d65ca2c3cac5a1e62,da_tai,0,data\du_lieu_logo\anh_goc\san_pham_0217\anh_001_c393bc7f.png,dau_hieu_gallery=gallery|image
anh_000554,san_pham_0217,2,anh_002_52cebd74.png,data\du_lieu_logo\anh_goc\san_pham_0217\anh_002_52cebd74.png,https://hathyo.com/product/2421,https://d134sx875xrex2.cloudfront.net/REToWcOokE_%E1%BA%A2nh%20ch%E1%BB%A5p%20m%C3%A0n%20h%C3%ACnh%202026-07-06%20121229.png,meta:og:image,1,200,image/png,293095,52cebd743d81ea0d6b00c7a4d6a69fb4c13ddb92df76d7aaf0191243f58c5a82,da_tai,0,data\du_lieu_logo\anh_goc\san_pham_0217\anh_002_52cebd74.png,dau_hieu_gallery=gallery|image
anh_000555,san_pham_0218,1,anh_001_c14c49f5.png,data\du_lieu_logo\anh_goc\san_pham_0218\anh_001_c14c49f5.png,https://hathyo.com/product/2422,https://d134sx875xrex2.cloudfront.net/ovVMNBLz6v_%E1%BA%A2nh%20ch%E1%BB%A5p%20m%C3%A0n%20h%C3%ACnh%202026-07-06%20121535.png,meta:og:image,1,200,image/png,127177,c14c49f524a76094d6e56a2d3b305ea0d68d87eb08bfefb5b35067c5430d581a,da_tai,0,data\du_lieu_logo\anh_goc\san_pham_0218\anh_001_c14c49f5.png,dau_hieu_gallery=gallery|image
anh_000556,san_pham_0218,2,anh_002_0d49f8a6.png,data\du_lieu_logo\anh_goc\san_pham_0218\anh_002_0d49f8a6.png,https://hathyo.com/product/2422,https://d134sx875xrex2.cloudfront.net/eZhI2JDi7G_%E1%BA%A2nh%20ch%E1%BB%A5p%20m%C3%A0n%20h%C3%ACnh%202026-07-06%20122320.png,meta:og:image,1,200,image/png,505551,0d49f8a61cd4a33a43bcd3fa7b1fb7200f11903643d0d06a885cf242e1617d05,da_tai,0,data\du_lieu_logo\anh_goc\san_pham_0218\anh_002_0d49f8a6.png,dau_hieu_gallery=gallery|image
anh_000557,san_pham_0219,1,anh_001_728024a1.png,data\du_lieu_logo\anh_goc\san_pham_0219\anh_001_728024a1.png,https://hathyo.com/product/2423,https://d134sx875xrex2.cloudfront.net/5AKG87hibH_%E1%BA%A2nh%20ch%E1%BB%A5p%20m%C3%A0n%20h%C3%ACnh%202026-07-06%20123010.png,meta:og:image,1,200,image/png,483423,728024a18ec9f3e1c7ac9bc0a400e8fc2752a430cb952af3d106f24774bf46c5,da_tai,0,data\du_lieu_logo\anh_goc\san_pham_0219\anh_001_728024a1.png,dau_hieu_gallery=gallery|image
anh_000558,san_pham_0219,2,anh_002_cb78efda.png,data\du_lieu_logo\anh_goc\san_pham_0219\anh_002_cb78efda.png,https://hathyo.com/product/2423,https://d134sx875xrex2.cloudfront.net/Pzza1AlZrk_%E1%BA%A2nh%20ch%E1%BB%A5p%20m%C3%A0n%20h%C3%ACnh%202026-07-06%20123515.png,meta:og:image,1,200,image/png,80692,cb78efdaff762db01342d42056161e746b569cb0bc26ac1f32f6756f0420af54,da_tai,0,data\du_lieu_logo\anh_goc\san_pham_0219\anh_002_cb78efda.png,dau_hieu_gallery=gallery|image
anh_000559,san_pham_0220,1,anh_001_5b48108d.png,data\du_lieu_logo\anh_goc\san_pham_0220\anh_001_5b48108d.png,https://hathyo.com/product/2424,https://d134sx875xrex2.cloudfront.net/okfFGass1r_%E1%BA%A2nh%20ch%E1%BB%A5p%20m%C3%A0n%20h%C3%ACnh%202026-07-06%20123821.png,meta:og:image,1,200,image/png,243437,5b48108d8e9e60ce004f20484fb9e1a077fc06ef2d816dc849e2619d1ac02a16,da_tai,0,data\du_lieu_logo\anh_goc\san_pham_0220\anh_001_5b48108d.png,dau_hieu_gallery=gallery|image
anh_000560,san_pham_0220,2,anh_002_d5d4fd14.png,data\du_lieu_logo\anh_goc\san_pham_0220\anh_002_d5d4fd14.png,https://hathyo.com/product/2424,https://d134sx875xrex2.cloudfront.net/CeJKWedDS1_%E1%BA%A2nh%20ch%E1%BB%A5p%20m%C3%A0n%20h%C3%ACnh%202026-07-06%20123931.png,meta:og:image,1,200,image/png,287200,d5d4fd14c14e53eead82df0afea65cd9e16d88f8540e68249befb44f6ba6908a,da_tai,0,data\du_lieu_logo\anh_goc\san_pham_0220\anh_002_d5d4fd14.png,dau_hieu_gallery=gallery|image
anh_000561,san_pham_0221,1,anh_001_3e45201b.png,data\du_lieu_logo\anh_goc\san_pham_0221\anh_001_3e45201b.png,https://hathyo.com/product/2425,https://d134sx875xrex2.cloudfront.net/n1MGzjIp2J_%E1%BA%A2nh%20ch%E1%BB%A5p%20m%C3%A0n%20h%C3%ACnh%202026-07-05%20134334.png,meta:og:image,1,200,image/png,53856,3e45201b165eaa500c19720812f06fe75e361f2600fcfd0d0ff4d3733c5a26c1,da_tai,0,data\du_lieu_logo\anh_goc\san_pham_0221\anh_001_3e45201b.png,dau_hieu_gallery=gallery|image
anh_000562,san_pham_0222,1,anh_001_4c9f501d.png,data\du_lieu_logo\anh_goc\san_pham_0222\anh_001_4c9f501d.png,https://hathyo.com/product/2426,https://d134sx875xrex2.cloudfront.net/PJYDaQcqoS_%E1%BA%A2nh%20ch%E1%BB%A5p%20m%C3%A0n%20h%C3%ACnh%202026-07-05%20135258.png,meta:og:image,1,200,image/png,53953,4c9f501d3b23e287ab89ac411ed57fecd08416ded627d7b7e1254969b63d502b,da_tai,0,data\du_lieu_logo\anh_goc\san_pham_0222\anh_001_4c9f501d.png,dau_hieu_gallery=gallery|image
anh_000563,san_pham_0223,1,anh_001_4a33c8d7.png,data\du_lieu_logo\anh_goc\san_pham_0223\anh_001_4a33c8d7.png,https://hathyo.com/product/2427,https://d134sx875xrex2.cloudfront.net/LjEbc7rmhC_%E1%BA%A2nh%20ch%E1%BB%A5p%20m%C3%A0n%20h%C3%ACnh%202026-07-06%20124118.png,meta:og:image,1,200,image/png,339738,4a33c8d7ba80f08e5ac121522faaa0bea1f90a95cb486a7a29850101303f5878,da_tai,0,data\du_lieu_logo\anh_goc\san_pham_0223\anh_001_4a33c8d7.png,dau_hieu_gallery=gallery|image
anh_000564,san_pham_0223,2,anh_002_2e56b7e5.png,data\du_lieu_logo\anh_goc\san_pham_0223\anh_002_2e56b7e5.png,https://hathyo.com/product/2427,https://d134sx875xrex2.cloudfront.net/qIPxRzh1Ba_%E1%BA%A2nh%20ch%E1%BB%A5p%20m%C3%A0n%20h%C3%ACnh%202026-07-06%20124428.png,meta:og:image,1,200,image/png,473862,2e56b7e5ea18a389c93c368cd1b71f4219b3f41b44e8a71fa97b68a42ee70016,da_tai,0,data\du_lieu_logo\anh_goc\san_pham_0223\anh_002_2e56b7e5.png,dau_hieu_gallery=gallery|image
anh_000565,san_pham_0224,1,anh_001_be0b79bd.jpg,data\du_lieu_logo\anh_goc\san_pham_0224\anh_001_be0b79bd.jpg,https://hathyo.com/product/2428,https://d134sx875xrex2.cloudfront.net/CbszVYz5YU_vn-11134207-7ras8-mckb0drlaun085.jpg,meta:og:image,1,200,image/jpeg,127325,be0b79bdfd72b0b153329ba8478485f8ceedaaf676a76099a44d6d5febcdc4e9,da_tai,0,data\du_lieu_logo\anh_goc\san_pham_0224\anh_001_be0b79bd.jpg,dau_hieu_gallery=gallery|image
anh_000566,san_pham_0225,1,anh_001_04594cbe.jpg,data\du_lieu_logo\anh_goc\san_pham_0225\anh_001_04594cbe.jpg,https://hathyo.com/product/2429,https://d134sx875xrex2.cloudfront.net/KD1ZfmuEDh_R.jpg,meta:og:image,1,200,image/jpeg,20077,04594cbe8fcc867e24173a28b1fcad3c5b73acfe8f87606d64fba0f1dd35404e,da_tai,0,data\du_lieu_logo\anh_goc\san_pham_0225\anh_001_04594cbe.jpg,dau_hieu_gallery=gallery|image
anh_000567,san_pham_0226,1,anh_001_ca970531.jpg,data\du_lieu_logo\anh_goc\san_pham_0226\anh_001_ca970531.jpg,https://hathyo.com/product/243,https://d134sx875xrex2.cloudfront.net/VJoeNThbIG_z7962627182323_f20e4904085b425fe4c5881cea79eded.jpg,meta:og:image,1,200,image/jpeg,110058,ca970531b53052ae8d636c994913ebda56381f2034c01bd1897d432da0ea5000,da_tai,0,data\du_lieu_logo\anh_goc\san_pham_0226\anh_001_ca970531.jpg,dau_hieu_gallery=gallery|image
anh_000568,san_pham_0226,2,anh_002_df38660c.jpg,data\du_lieu_logo\anh_goc\san_pham_0226\anh_002_df38660c.jpg,https://hathyo.com/product/243,https://d134sx875xrex2.cloudfront.net/lAVJApkqwW_z7962627217737_b8a566650363de93d3d78613d4299f12.jpg,meta:og:image,1,200,image/jpeg,120467,df38660c61184f60adadc750e0558086215a0acac49262fdc2a18aff7df8499e,da_tai,0,data\du_lieu_logo\anh_goc\san_pham_0226\anh_002_df38660c.jpg,dau_hieu_gallery=gallery|image
anh_000569,san_pham_0226,3,anh_003_8a8aefff.jpg,data\du_lieu_logo\anh_goc\san_pham_0226\anh_003_8a8aefff.jpg,https://hathyo.com/product/243,https://d134sx875xrex2.cloudfront.net/h9GUReMrCP_z7962627268372_8da130329c552c538fd143c0361c231d.jpg,meta:og:image,1,200,image/jpeg,120695,8a8aefff1ab834346445f8cf1d4636565a698d0c6218adfafc9c77f1f17c16ac,da_tai,0,data\du_lieu_logo\anh_goc\san_pham_0226\anh_003_8a8aefff.jpg,dau_hieu_gallery=gallery|image
anh_000570,san_pham_0226,4,anh_004_8e4f6c96.jpg,data\du_lieu_logo\anh_goc\san_pham_0226\anh_004_8e4f6c96.jpg,https://hathyo.com/product/243,https://d134sx875xrex2.cloudfront.net/fJ5abbV2gM_z7962627304676_2a800a82efe3995be03a72310ddadab8.jpg,meta:og:image,1,200,image/jpeg,141036,8e4f6c960d38f99fec3a1517494bd3e5f8c5f45e41c275505a02036f6392bbe1,da_tai,0,data\du_lieu_logo\anh_goc\san_pham_0226\anh_004_8e4f6c96.jpg,dau_hieu_gallery=gallery|image
anh_000571,san_pham_0226,5,anh_005_2453d7e3.jpg,data\du_lieu_logo\anh_goc\san_pham_0226\anh_005_2453d7e3.jpg,https://hathyo.com/product/243,https://d134sx875xrex2.cloudfront.net/qn6KcRqCOq_z7973573368878_b813e17e80e5536606bd42e3b399f409.jpg,meta:og:image,1,200,image/jpeg,316819,2453d7e38cdb1066015735cae25a09b5dd5323954e30d361e2e4b617f99f8663,da_tai,0,data\du_lieu_logo\anh_goc\san_pham_0226\anh_005_2453d7e3.jpg,dau_hieu_gallery=gallery|image
anh_000572,san_pham_0227,1,anh_001_631a8f6d.png,data\du_lieu_logo\anh_goc\san_pham_0227\anh_001_631a8f6d.png,https://hathyo.com/product/2430,https://d134sx875xrex2.cloudfront.net/Al2Se3UWzH_%E1%BA%A2nh%20ch%E1%BB%A5p%20m%C3%A0n%20h%C3%ACnh%202026-07-06%20125649.png,meta:og:image,1,200,image/png,183840,631a8f6db4aa3961e6d94e4783bced3a27e4c13e897dd8dc8727f19e12298d3d,da_tai,0,data\du_lieu_logo\anh_goc\san_pham_0227\anh_001_631a8f6d.png,dau_hieu_gallery=gallery|image
anh_000573,san_pham_0228,1,anh_001_59454fd6.png,data\du_lieu_logo\anh_goc\san_pham_0228\anh_001_59454fd6.png,https://hathyo.com/product/2431,https://d134sx875xrex2.cloudfront.net/OcrYxaeG6E_%E1%BA%A2nh%20ch%E1%BB%A5p%20m%C3%A0n%20h%C3%ACnh%202026-07-06%20130120.png,meta:og:image,1,200,image/png,68769,59454fd6eb84d49c847c67bebd37b8efcea6517758bfffc722f52cf62ff14d06,da_tai,0,data\du_lieu_logo\anh_goc\san_pham_0228\anh_001_59454fd6.png,dau_hieu_gallery=gallery|image
anh_000574,san_pham_0228,2,anh_002_86e187c0.png,data\du_lieu_logo\anh_goc\san_pham_0228\anh_002_86e187c0.png,https://hathyo.com/product/2431,https://d134sx875xrex2.cloudfront.net/wenN2llFGr_%E1%BA%A2nh%20ch%E1%BB%A5p%20m%C3%A0n%20h%C3%ACnh%202026-07-06%20130500.png,meta:og:image,1,200,image/png,616056,86e187c0b45d9ef82c747f7c70f31ff23d284461a7ab1c43fe31e46dc5ab5896,da_tai,0,data\du_lieu_logo\anh_goc\san_pham_0228\anh_002_86e187c0.png,dau_hieu_gallery=gallery|image
anh_000575,san_pham_0229,1,anh_001_520e032f.png,data\du_lieu_logo\anh_goc\san_pham_0229\anh_001_520e032f.png,https://hathyo.com/product/2432,https://d134sx875xrex2.cloudfront.net/bR5egKbDvj_%E1%BA%A2nh%20ch%E1%BB%A5p%20m%C3%A0n%20h%C3%ACnh%202026-07-06%20130729.png,meta:og:image,1,200,image/png,104342,520e032f54b285eda99519600f7e5ef3b9cab3aa75b7703bd74f671844211d8e,da_tai,0,data\du_lieu_logo\anh_goc\san_pham_0229\anh_001_520e032f.png,dau_hieu_gallery=gallery|image
anh_000576,san_pham_0229,2,anh_002_861b8375.png,data\du_lieu_logo\anh_goc\san_pham_0229\anh_002_861b8375.png,https://hathyo.com/product/2432,https://d134sx875xrex2.cloudfront.net/G6eWHASL9L_%E1%BA%A2nh%20ch%E1%BB%A5p%20m%C3%A0n%20h%C3%ACnh%202026-07-06%20130844.png,meta:og:image,1,200,image/png,317953,861b8375a4aba10373210e27f73c13a2a76bbb44fdd17c3a770dd5e7f223410e,da_tai,0,data\du_lieu_logo\anh_goc\san_pham_0229\anh_002_861b8375.png,dau_hieu_gallery=gallery|image
anh_000577,san_pham_0230,1,anh_001_e05321b6.jpg,data\du_lieu_logo\anh_goc\san_pham_0230\anh_001_e05321b6.jpg,https://hathyo.com/product/2433,https://d134sx875xrex2.cloudfront.net/v6C05e5Kze_id-11134207-8224x-mfz6knwi9gy586.jpg,meta:og:image,1,200,image/jpeg,160649,e05321b6f0927c1aac84e593fb7836482c692e29637826e413610e4dd2753e68,da_tai,0,data\du_lieu_logo\anh_goc\san_pham_0230\anh_001_e05321b6.jpg,dau_hieu_gallery=gallery|image
anh_000578,san_pham_0230,2,anh_002_0d964b1f.jpg,data\du_lieu_logo\anh_goc\san_pham_0230\anh_002_0d964b1f.jpg,https://hathyo.com/product/2433,https://d134sx875xrex2.cloudfront.net/eHNXTTVrVP_id-11134207-81zti-mf7npxtxr8cr0c.jpg,meta:og:image,1,200,image/jpeg,172613,0d964b1f1bd70f22142e595c37e28ea4a35704c37627d23e6b38643b3b6a106a,da_tai,0,data\du_lieu_logo\anh_goc\san_pham_0230\anh_002_0d964b1f.jpg,dau_hieu_gallery=gallery|image
anh_000579,san_pham_0231,1,anh_001_c6a44b61.png,data\du_lieu_logo\anh_goc\san_pham_0231\anh_001_c6a44b61.png,https://hathyo.com/product/2435,https://d134sx875xrex2.cloudfront.net/nZa51e4Q2P_%E1%BA%A2nh%20ch%E1%BB%A5p%20m%C3%A0n%20h%C3%ACnh%202026-07-05%20143757.png,meta:og:image,1,200,image/png,67683,c6a44b61a6e6e3fb567c449beed8f9bd90c6e9b2cb579b9d5d5c68c407f54a9b,da_tai,0,data\du_lieu_logo\anh_goc\san_pham_0231\anh_001_c6a44b61.png,dau_hieu_gallery=gallery|image
anh_000580,san_pham_0232,1,anh_001_40a7a4e9.png,data\du_lieu_logo\anh_goc\san_pham_0232\anh_001_40a7a4e9.png,https://hathyo.com/product/2436,https://d134sx875xrex2.cloudfront.net/PnznufKN20_%E1%BA%A2nh%20ch%E1%BB%A5p%20m%C3%A0n%20h%C3%ACnh%202026-07-05%20145529.png,meta:og:image,1,200,image/png,64902,40a7a4e94bd5ce466a662c19f9815363ca644a04b4e817fc4296a1bbca0b2d88,da_tai,0,data\du_lieu_logo\anh_goc\san_pham_0232\anh_001_40a7a4e9.png,dau_hieu_gallery=gallery|image
anh_000581,san_pham_0233,1,anh_001_81b7878d.png,data\du_lieu_logo\anh_goc\san_pham_0233\anh_001_81b7878d.png,https://hathyo.com/product/2437,https://d134sx875xrex2.cloudfront.net/jbmawpFE0e_%E1%BA%A2nh%20ch%E1%BB%A5p%20m%C3%A0n%20h%C3%ACnh%202026-07-05%20150515.png,meta:og:image,1,200,image/png,133037,81b7878dbec4f33877760b390e1f0cf801f0338b14d9ddf014cffaa2db11d564,da_tai,0,data\du_lieu_logo\anh_goc\san_pham_0233\anh_001_81b7878d.png,dau_hieu_gallery=gallery|image
anh_000582,san_pham_0234,1,anh_001_a3ce6be3.png,data\du_lieu_logo\anh_goc\san_pham_0234\anh_001_a3ce6be3.png,https://hathyo.com/product/2438,https://d134sx875xrex2.cloudfront.net/CJ4FqxaUb0_%E1%BA%A2nh%20ch%E1%BB%A5p%20m%C3%A0n%20h%C3%ACnh%202026-07-05%20151356.png,meta:og:image,1,200,image/png,101188,a3ce6be3a6f1aa51be14e7100fca6e9cab0bf4081c407482e643d46b492bf6cc,da_tai,0,data\du_lieu_logo\anh_goc\san_pham_0234\anh_001_a3ce6be3.png,dau_hieu_gallery=gallery|image
anh_000583,san_pham_0235,1,anh_001_6fb95820.png,data\du_lieu_logo\anh_goc\san_pham_0235\anh_001_6fb95820.png,https://hathyo.com/product/2439,https://d134sx875xrex2.cloudfront.net/XEY0wGTKFe_%E1%BA%A2nh%20ch%E1%BB%A5p%20m%C3%A0n%20h%C3%ACnh%202026-07-05%20152106.png,meta:og:image,1,200,image/png,65619,6fb95820ed51c6f65f5ac8f5d46456843054fd2d282794e981bb8ee42334b725,da_tai,0,data\du_lieu_logo\anh_goc\san_pham_0235\anh_001_6fb95820.png,dau_hieu_gallery=gallery|image
anh_000584,san_pham_0236,1,anh_001_21883cb1.jpg,data\du_lieu_logo\anh_goc\san_pham_0236\anh_001_21883cb1.jpg,https://hathyo.com/product/244,https://d134sx875xrex2.cloudfront.net/7G8Hzgu3KK_z7962630089692_d7a5ab1aedf258d9a91ba51c2f8079bb.jpg,meta:og:image,1,200,image/jpeg,244245,21883cb18a45d2b27091fbfe69b1d0a5cc97516373cc8e2fe720501d7d44411a,da_tai,0,data\du_lieu_logo\anh_goc\san_pham_0236\anh_001_21883cb1.jpg,dau_hieu_gallery=gallery|image
anh_000585,san_pham_0236,2,anh_002_37ea4e22.jpg,data\du_lieu_logo\anh_goc\san_pham_0236\anh_002_37ea4e22.jpg,https://hathyo.com/product/244,https://d134sx875xrex2.cloudfront.net/NuZ8LiCjMi_z7962630082004_60ef67e101951d4dd8b11d875f765e59.jpg,meta:og:image,1,200,image/jpeg,609044,37ea4e22f8823d2043ab6be7f868a3b9e39f33700dbb4588ca679367f5df4431,da_tai,0,data\du_lieu_logo\anh_goc\san_pham_0236\anh_002_37ea4e22.jpg,dau_hieu_gallery=gallery|image
anh_000586,san_pham_0236,3,anh_003_ad6fb857.jpg,data\du_lieu_logo\anh_goc\san_pham_0236\anh_003_ad6fb857.jpg,https://hathyo.com/product/244,https://d134sx875xrex2.cloudfront.net/Wz9bYkItaq_z7962630095270_12f43054612d8305b69669009ae7d25b.jpg,meta:og:image,1,200,image/jpeg,192123,ad6fb857340b9898b5e9aa319eb9f5c72923240df4dd6b9b6d9671711fa2e4d3,da_tai,0,data\du_lieu_logo\anh_goc\san_pham_0236\anh_003_ad6fb857.jpg,dau_hieu_gallery=gallery|image
anh_000587,san_pham_0236,4,anh_004_b8e594e6.jpg,data\du_lieu_logo\anh_goc\san_pham_0236\anh_004_b8e594e6.jpg,https://hathyo.com/product/244,https://d134sx875xrex2.cloudfront.net/LZRbf1xtnh_z7962630099491_f90c3ca87c2f961c9b462f0c0f706b34.jpg,meta:og:image,1,200,image/jpeg,239100,b8e594e6971efc6d98562bafac6bcd63a4dffb859d1af28a0c2c71983f75f247,da_tai,0,data\du_lieu_logo\anh_goc\san_pham_0236\anh_004_b8e594e6.jpg,dau_hieu_gallery=gallery|image
anh_000588,san_pham_0237,1,anh_001_7808e3bc.png,data\du_lieu_logo\anh_goc\san_pham_0237\anh_001_7808e3bc.png,https://hathyo.com/product/2440,https://d134sx875xrex2.cloudfront.net/5ov3rduRFt_%E1%BA%A2nh%20ch%E1%BB%A5p%20m%C3%A0n%20h%C3%ACnh%202026-07-05%20152853.png,meta:og:image,1,200,image/png,108583,7808e3bcbb740daa61ad06432c06030af7353f31a4674b174f09dcff21002f17,da_tai,0,data\du_lieu_logo\anh_goc\san_pham_0237\anh_001_7808e3bc.png,dau_hieu_gallery=gallery|image
anh_000589,san_pham_0238,1,anh_001_4251ed4f.png,data\du_lieu_logo\anh_goc\san_pham_0238\anh_001_4251ed4f.png,https://hathyo.com/product/2441,https://d134sx875xrex2.cloudfront.net/fQECM4xBqx_%E1%BA%A2nh%20ch%E1%BB%A5p%20m%C3%A0n%20h%C3%ACnh%202026-07-05%20153617.png,meta:og:image,1,200,image/png,98787,4251ed4f1ce3e5bf9f9d39be9849e6587fae61a72dcfabc3b4aca6ac7ff37ca2,da_tai,0,data\du_lieu_logo\anh_goc\san_pham_0238\anh_001_4251ed4f.png,dau_hieu_gallery=gallery|image
anh_000590,san_pham_0239,1,anh_001_d37c22e3.png,data\du_lieu_logo\anh_goc\san_pham_0239\anh_001_d37c22e3.png,https://hathyo.com/product/2442,https://d134sx875xrex2.cloudfront.net/Gn7nh1fvXX_%E1%BA%A2nh%20ch%E1%BB%A5p%20m%C3%A0n%20h%C3%ACnh%202026-07-05%20155930.png,meta:og:image,1,200,image/png,75868,d37c22e3db6339104aa70af9837407936eda6972d600fe367c92c81211eabc11,da_tai,0,data\du_lieu_logo\anh_goc\san_pham_0239\anh_001_d37c22e3.png,dau_hieu_gallery=gallery|image
anh_000591,san_pham_0240,1,anh_001_2c380021.png,data\du_lieu_logo\anh_goc\san_pham_0240\anh_001_2c380021.png,https://hathyo.com/product/2443,https://d134sx875xrex2.cloudfront.net/liipwn1n7d_%E1%BA%A2nh%20ch%E1%BB%A5p%20m%C3%A0n%20h%C3%ACnh%202026-07-05%20160428.png,meta:og:image,1,200,image/png,153326,2c38002121553972f43ed697e9d161f7604b8d152900b818ce96be73a6ff40db,da_tai,0,data\du_lieu_logo\anh_goc\san_pham_0240\anh_001_2c380021.png,dau_hieu_gallery=gallery|image
anh_000592,san_pham_0241,1,anh_001_ffc3ac50.png,data\du_lieu_logo\anh_goc\san_pham_0241\anh_001_ffc3ac50.png,https://hathyo.com/product/2444,https://d134sx875xrex2.cloudfront.net/FWZp3gMhki_%E1%BA%A2nh%20ch%E1%BB%A5p%20m%C3%A0n%20h%C3%ACnh%202026-07-05%20162047.png,meta:og:image,1,200,image/png,27202,ffc3ac50d32f13f712cb84413ad98980b56aef8bb5ee23362d07c5165a76b099,da_tai,0,data\du_lieu_logo\anh_goc\san_pham_0241\anh_001_ffc3ac50.png,dau_hieu_gallery=gallery|image
anh_000593,san_pham_0242,1,anh_001_555a7838.jpg,data\du_lieu_logo\anh_goc\san_pham_0242\anh_001_555a7838.jpg,https://hathyo.com/product/2445,https://d134sx875xrex2.cloudfront.net/nBWa73No8i_HH%C4%90%20Metabo.jpg,meta:og:image,1,200,image/jpeg,811982,555a7838d126d7f1e3bd1c4a6745d8f47b22a373f25bc7794750267803b7f739,da_tai,0,data\du_lieu_logo\anh_goc\san_pham_0242\anh_001_555a7838.jpg,dau_hieu_gallery=gallery|image
anh_000594,san_pham_0242,2,anh_002_5bdbbe49.jpg,data\du_lieu_logo\anh_goc\san_pham_0242\anh_002_5bdbbe49.jpg,https://hathyo.com/product/2445,https://d134sx875xrex2.cloudfront.net/2rYX1Vf5Yv_%E1%BA%A2nh%20m%E1%BA%ABu%201.jpg,meta:og:image,1,200,image/jpeg,107047,5bdbbe49b7b17c9d7a172ebf91ebe7c35243a3db31e80846e11b9d909775cfbf,da_tai,0,data\du_lieu_logo\anh_goc\san_pham_0242\anh_002_5bdbbe49.jpg,dau_hieu_gallery=gallery|image
anh_000595,san_pham_0242,3,anh_003_5a36a7af.jpg,data\du_lieu_logo\anh_goc\san_pham_0242\anh_003_5a36a7af.jpg,https://hathyo.com/product/2445,https://d134sx875xrex2.cloudfront.net/bRPs3V0V5Z_1783240191101_3133435260542866362_3133435260542866362_67ce4285cac9896e908089fe0e050ff2.jpg,meta:og:image,1,200,image/jpeg,188274,5a36a7aff52b5ae7b5f8c3d8976bc72e0e9751f1c1133819100afce70a72c36c,da_tai,0,data\du_lieu_logo\anh_goc\san_pham_0242\anh_003_5a36a7af.jpg,dau_hieu_gallery=gallery|image
anh_000596,san_pham_0242,4,anh_004_38b9fbce.jpg,data\du_lieu_logo\anh_goc\san_pham_0242\anh_004_38b9fbce.jpg,https://hathyo.com/product/2445,https://d134sx875xrex2.cloudfront.net/Q5RPxsfefU_1783240191054_3133435260542866362_3133435260542866362_4fa57849ee625974b5a7c8ede1272aeb.jpg,meta:og:image,1,200,image/jpeg,289162,38b9fbce9ad0bfa1a547d1c0b0acc8936830a3efc5f08ed7b49baafb1efafcec,da_tai,0,data\du_lieu_logo\anh_goc\san_pham_0242\anh_004_38b9fbce.jpg,dau_hieu_gallery=gallery|image
anh_000597,san_pham_0243,1,anh_001_fdd39ab0.jpg,data\du_lieu_logo\anh_goc\san_pham_0243\anh_001_fdd39ab0.jpg,https://hathyo.com/product/2446,https://d134sx875xrex2.cloudfront.net/2t9pK8JsII_1783244356560_5921542848464370000_5921542848464370000_8dfbb3a007ae1dbf31eff7b640952725.jpg,meta:og:image,1,200,image/jpeg,235359,fdd39ab0f5c6ad5d70ed121210b955b15cfc06953c8b71674a4f4701a86270e6,da_tai,0,data\du_lieu_logo\anh_goc\san_pham_0243\anh_001_fdd39ab0.jpg,dau_hieu_gallery=gallery|image
anh_000598,san_pham_0243,2,anh_002_4b458668.jpg,data\du_lieu_logo\anh_goc\san_pham_0243\anh_002_4b458668.jpg,https://hathyo.com/product/2446,https://d134sx875xrex2.cloudfront.net/c5oYw5ZC3I_1783244356585_5921542848464370000_5921542848464370000_b584a3cd0e8c864aca9b3542b0c823ce.jpg,meta:og:image,1,200,image/jpeg,223620,4b458668e49cc9d399feaa90f1ca6748cf684a7776f8e3ff05fb62f6cb175ca3,da_tai,0,data\du_lieu_logo\anh_goc\san_pham_0243\anh_002_4b458668.jpg,dau_hieu_gallery=gallery|image
anh_000599,san_pham_0244,1,,,https://hathyo.com/product/2447,https://d134sx875xrex2.cloudfront.net/9LlxNABtxQ_1783244356560_5921542848464370000_5921542848464370000_8dfbb3a007ae1dbf31eff7b640952725.jpg,meta:og:image,1,200,image/jpeg,235359,fdd39ab0f5c6ad5d70ed121210b955b15cfc06953c8b71674a4f4701a86270e6,trung_sha256,1,data\du_lieu_logo\anh_goc\san_pham_0243\anh_001_fdd39ab0.jpg,dau_hieu_gallery=gallery|image
anh_000600,san_pham_0244,2,anh_002_6d8a86e9.jpg,data\du_lieu_logo\anh_goc\san_pham_0244\anh_002_6d8a86e9.jpg,https://hathyo.com/product/2447,https://d134sx875xrex2.cloudfront.net/m89EJHRl9C_1783244356609_5921542848464370000_5921542848464370000_bf81575ff7d4040b8755125d1cfd8a3b.jpg,meta:og:image,1,200,image/jpeg,254117,6d8a86e9f53e4440a47f39e782a47f90adaa298a56cb091546601623ca2a4674,da_tai,0,data\du_lieu_logo\anh_goc\san_pham_0244\anh_002_6d8a86e9.jpg,dau_hieu_gallery=gallery|image
anh_000601,san_pham_0245,1,anh_001_ff7eb9b9.jpg,data\du_lieu_logo\anh_goc\san_pham_0245\anh_001_ff7eb9b9.jpg,https://hathyo.com/product/2448,https://d134sx875xrex2.cloudfront.net/ff9YXZgIZW_%E1%BA%A2nh%20Cover%20Thay.jpg,meta:og:image,1,200,image/jpeg,1611531,ff7eb9b9f021133ad3a2599e3305fd0762cc541aaad20e89fef3cfdb8929bd58,da_tai,0,data\du_lieu_logo\anh_goc\san_pham_0245\anh_001_ff7eb9b9.jpg,dau_hieu_gallery=gallery|image
anh_000602,san_pham_0245,2,anh_002_c0534e7b.jpg,data\du_lieu_logo\anh_goc\san_pham_0245\anh_002_c0534e7b.jpg,https://hathyo.com/product/2448,https://d134sx875xrex2.cloudfront.net/LI8a1r6gPT_UY%C3%8AN%20NHI%20TI%E1%BA%BEP%20KH%C3%81CH%20TR%C3%80%20M%C3%93C%20C%C3%82U.jpg,meta:og:image,1,200,image/jpeg,105499,c0534e7bede893f0b1ff669a104230d9cb84d7354d4d1d352440e887f6f4e7dd,da_tai,0,data\du_lieu_logo\anh_goc\san_pham_0245\anh_002_c0534e7b.jpg,dau_hieu_gallery=gallery|image
anh_000603,san_pham_0245,3,anh_003_1c04212f.jpg,data\du_lieu_logo\anh_goc\san_pham_0245\anh_003_1c04212f.jpg,https://hathyo.com/product/2448,https://d134sx875xrex2.cloudfront.net/w4TiPXhUeG_UYEN%20NHI%20h%C3%A1i%20tr%C3%A0%20t%E1%BA%A1i%20Th%C3%A1i%20Nguy%C3%AAn.jpg,meta:og:image,1,200,image/jpeg,201024,1c04212ff8c56d683bd7139fd0b1a92ccd000e99b825865fd4db32f65982408b,da_tai,0,data\du_lieu_logo\anh_goc\san_pham_0245\anh_003_1c04212f.jpg,dau_hieu_gallery=gallery|image
anh_000604,san_pham_0246,1,anh_001_75f2b55f.jpg,data\du_lieu_logo\anh_goc\san_pham_0246\anh_001_75f2b55f.jpg,https://hathyo.com/product/2449,https://d134sx875xrex2.cloudfront.net/3HkDjE24Y6_Gel%20t%E1%BA%AFm%20hoa%20s%E1%BB%A9%20tr%E1%BA%AFng%20-Evoluderm-Ph%C3%A1p.jpg,meta:og:image,1,200,image/jpeg,878503,75f2b55f470f7079e0272c8f8a638c05a6c2546e3fa5fff163b3b89a398202b8,da_tai,0,data\du_lieu_logo\anh_goc\san_pham_0246\anh_001_75f2b55f.jpg,dau_hieu_gallery=gallery|image
anh_000605,san_pham_0246,2,anh_002_2d5e2238.png,data\du_lieu_logo\anh_goc\san_pham_0246\anh_002_2d5e2238.png,https://hathyo.com/product/2449,https://d134sx875xrex2.cloudfront.net/pcQBUMqD8P_1.png,meta:og:image,1,200,image/png,960265,2d5e2238ef9f1ef11a16c61f277f2e84905b7d9843a3f805a735999158052db0,da_tai,0,data\du_lieu_logo\anh_goc\san_pham_0246\anh_002_2d5e2238.png,dau_hieu_gallery=gallery|image
anh_000606,san_pham_0246,3,anh_003_0776b614.png,data\du_lieu_logo\anh_goc\san_pham_0246\anh_003_0776b614.png,https://hathyo.com/product/2449,https://d134sx875xrex2.cloudfront.net/8hjn5WBQkU_2.png,meta:og:image,1,200,image/png,1696950,0776b6141c5946e515388c304eabda9b0e708d369a5c230e448afa010db573c8,da_tai,0,data\du_lieu_logo\anh_goc\san_pham_0246\anh_003_0776b614.png,dau_hieu_gallery=gallery|image
anh_000607,san_pham_0246,4,anh_004_d65c2428.png,data\du_lieu_logo\anh_goc\san_pham_0246\anh_004_d65c2428.png,https://hathyo.com/product/2449,https://d134sx875xrex2.cloudfront.net/83RpyUkSow_3.png,meta:og:image,1,200,image/png,891099,d65c2428ff5057e94ac965b1ab5804aac4068a8896ca36ea5492e94fa79fd543,da_tai,0,data\du_lieu_logo\anh_goc\san_pham_0246\anh_004_d65c2428.png,dau_hieu_gallery=gallery|image
anh_000608,san_pham_0246,5,anh_005_2a920c7b.png,data\du_lieu_logo\anh_goc\san_pham_0246\anh_005_2a920c7b.png,https://hathyo.com/product/2449,https://d134sx875xrex2.cloudfront.net/cRhCllbtYw_4.png,meta:og:image,1,200,image/png,1610221,2a920c7ba253a8344b992560633d2c4b5a52098174bdcfdea1ccdcfe8bfe3ef8,da_tai,0,data\du_lieu_logo\anh_goc\san_pham_0246\anh_005_2a920c7b.png,dau_hieu_gallery=gallery|image
anh_000609,san_pham_0246,6,anh_006_77501654.png,data\du_lieu_logo\anh_goc\san_pham_0246\anh_006_77501654.png,https://hathyo.com/product/2449,https://d134sx875xrex2.cloudfront.net/3V0OWrHoWg_5.png,meta:og:image,1,200,image/png,794363,77501654e4c9a725d00e762f3ac3481871f85ac2bc57229634fc4e9019a8c800,da_tai,0,data\du_lieu_logo\anh_goc\san_pham_0246\anh_006_77501654.png,dau_hieu_gallery=gallery|image
anh_000610,san_pham_0246,7,anh_007_6dd89a90.png,data\du_lieu_logo\anh_goc\san_pham_0246\anh_007_6dd89a90.png,https://hathyo.com/product/2449,https://d134sx875xrex2.cloudfront.net/LV2BNtyagM_8.png,meta:og:image,1,200,image/png,599948,6dd89a9064259f2ed47b625a0065da56b621fc40b18ff405f39666381c8a6518,da_tai,0,data\du_lieu_logo\anh_goc\san_pham_0246\anh_007_6dd89a90.png,dau_hieu_gallery=gallery|image
anh_000611,san_pham_0247,1,,,https://hathyo.com/product/245,https://d134sx875xrex2.cloudfront.net/OLocsxt40V_z7962630095270_12f43054612d8305b69669009ae7d25b.jpg,meta:og:image,1,200,image/jpeg,192123,ad6fb857340b9898b5e9aa319eb9f5c72923240df4dd6b9b6d9671711fa2e4d3,trung_sha256,1,data\du_lieu_logo\anh_goc\san_pham_0236\anh_003_ad6fb857.jpg,dau_hieu_gallery=gallery|image
anh_000612,san_pham_0247,2,,,https://hathyo.com/product/245,https://d134sx875xrex2.cloudfront.net/m1AtGp5Pk3_z7962630082004_60ef67e101951d4dd8b11d875f765e59.jpg,meta:og:image,1,200,image/jpeg,609044,37ea4e22f8823d2043ab6be7f868a3b9e39f33700dbb4588ca679367f5df4431,trung_sha256,1,data\du_lieu_logo\anh_goc\san_pham_0236\anh_002_37ea4e22.jpg,dau_hieu_gallery=gallery|image
anh_000613,san_pham_0247,3,,,https://hathyo.com/product/245,https://d134sx875xrex2.cloudfront.net/QFTlR6uJlO_z7962630089692_d7a5ab1aedf258d9a91ba51c2f8079bb.jpg,meta:og:image,1,200,image/jpeg,244245,21883cb18a45d2b27091fbfe69b1d0a5cc97516373cc8e2fe720501d7d44411a,trung_sha256,1,data\du_lieu_logo\anh_goc\san_pham_0236\anh_001_21883cb1.jpg,dau_hieu_gallery=gallery|image
anh_000614,san_pham_0247,4,,,https://hathyo.com/product/245,https://d134sx875xrex2.cloudfront.net/BO26BmtOAi_z7962630099491_f90c3ca87c2f961c9b462f0c0f706b34.jpg,meta:og:image,1,200,image/jpeg,239100,b8e594e6971efc6d98562bafac6bcd63a4dffb859d1af28a0c2c71983f75f247,trung_sha256,1,data\du_lieu_logo\anh_goc\san_pham_0236\anh_004_b8e594e6.jpg,dau_hieu_gallery=gallery|image
anh_000615,san_pham_0248,1,anh_001_2e76d252.jpg,data\du_lieu_logo\anh_goc\san_pham_0248\anh_001_2e76d252.jpg,https://hathyo.com/product/2450,https://d134sx875xrex2.cloudfront.net/tTTeHLthq4_Gel%20t%E1%BA%AFm%20tinh%20ch%E1%BA%A5t%20b%C6%A1%20h%E1%BA%A1t%20m%E1%BB%A1%20-Evoluderm-Ph%C3%A1p.jpg,meta:og:image,1,200,image/jpeg,830844,2e76d252d4329b3a63ea6716924fd1a62787b7c430495f196a68fe52faa19a47,da_tai,0,data\du_lieu_logo\anh_goc\san_pham_0248\anh_001_2e76d252.jpg,dau_hieu_gallery=gallery|image
anh_000616,san_pham_0248,2,anh_002_3f1a4b2e.jpg,data\du_lieu_logo\anh_goc\san_pham_0248\anh_002_3f1a4b2e.jpg,https://hathyo.com/product/2450,https://d134sx875xrex2.cloudfront.net/GzEiwIaSDD_h%C3%ACnh%20%C4%91ai%20di%E1%BB%87n-03.jpg,meta:og:image,1,200,image/jpeg,1971589,3f1a4b2ed5e4ac7e5b8d77cca28e8f7c88decc8c3c2443b4100d758d6a2adde1,da_tai,0,data\du_lieu_logo\anh_goc\san_pham_0248\anh_002_3f1a4b2e.jpg,dau_hieu_gallery=gallery|image
anh_000617,san_pham_0248,3,anh_003_c6f39866.jpg,data\du_lieu_logo\anh_goc\san_pham_0248\anh_003_c6f39866.jpg,https://hathyo.com/product/2450,https://d134sx875xrex2.cloudfront.net/XxlI7MCDG4_%E1%BA%A2nh%20Ovan.jpg,meta:og:image,1,200,image/jpeg,336313,c6f39866e58529324b49800ffe16115b34381f8b169f786946cd42b9b5d26847,da_tai,0,data\du_lieu_logo\anh_goc\san_pham_0248\anh_003_c6f39866.jpg,dau_hieu_gallery=gallery|image
anh_000618,san_pham_0248,4,anh_004_18a3f25a.jpg,data\du_lieu_logo\anh_goc\san_pham_0248\anh_004_18a3f25a.jpg,https://hathyo.com/product/2450,https://d134sx875xrex2.cloudfront.net/PLypCpHHz1_%E1%BA%A2nh%20Ovan%20(1).jpg,meta:og:image,1,200,image/jpeg,427199,18a3f25a7710835e5d388cc73c14a619fde69f021bd1d19915a551068ce03f9e,da_tai,0,data\du_lieu_logo\anh_goc\san_pham_0248\anh_004_18a3f25a.jpg,dau_hieu_gallery=gallery|image
anh_000619,san_pham_0248,5,anh_005_1237399c.jpg,data\du_lieu_logo\anh_goc\san_pham_0248\anh_005_1237399c.jpg,https://hathyo.com/product/2450,https://d134sx875xrex2.cloudfront.net/xKjvcC51Hq_%E1%BA%A2nh%20Ovan%20(2).jpg,meta:og:image,1,200,image/jpeg,227463,1237399c21b4b021d018430de907c34ac5122edaf1774e21efc71027ae1bf8d0,da_tai,0,data\du_lieu_logo\anh_goc\san_pham_0248\anh_005_1237399c.jpg,dau_hieu_gallery=gallery|image
anh_000620,san_pham_0248,6,anh_006_f8fbbfc7.jpg,data\du_lieu_logo\anh_goc\san_pham_0248\anh_006_f8fbbfc7.jpg,https://hathyo.com/product/2450,https://d134sx875xrex2.cloudfront.net/VOCYPlWpsh_%E1%BA%A2nh%20Ovan%20(3).jpg,meta:og:image,1,200,image/jpeg,331014,f8fbbfc72a1c4053dc5794f212ad35f8af405df493e265aaec6afd6378ceaac6,da_tai,0,data\du_lieu_logo\anh_goc\san_pham_0248\anh_006_f8fbbfc7.jpg,dau_hieu_gallery=gallery|image
anh_000621,san_pham_0248,7,anh_007_c96e2912.jpg,data\du_lieu_logo\anh_goc\san_pham_0248\anh_007_c96e2912.jpg,https://hathyo.com/product/2450,https://d134sx875xrex2.cloudfront.net/os7zd2xEel_%E1%BA%A2nh%20Ovan%20(4).jpg,meta:og:image,1,200,image/jpeg,507783,c96e2912c31bf36f18842cc8871c3aea634a5efd08523c623536f5be0c487d1a,da_tai,0,data\du_lieu_logo\anh_goc\san_pham_0248\anh_007_c96e2912.jpg,dau_hieu_gallery=gallery|image
anh_000622,san_pham_0248,8,anh_008_bf3b852a.jpg,data\du_lieu_logo\anh_goc\san_pham_0248\anh_008_bf3b852a.jpg,https://hathyo.com/product/2450,https://d134sx875xrex2.cloudfront.net/pUoNb9UNVD_%E1%BA%A2nh%20Ovan%20(5).jpg,meta:og:image,1,200,image/jpeg,343995,bf3b852a1fd07eeb61efd1d600e1516b132c3522fad2a8469004f97ac028f367,da_tai,0,data\du_lieu_logo\anh_goc\san_pham_0248\anh_008_bf3b852a.jpg,dau_hieu_gallery=gallery|image
anh_000623,san_pham_0249,1,anh_001_b9474452.jpg,data\du_lieu_logo\anh_goc\san_pham_0249\anh_001_b9474452.jpg,https://hathyo.com/product/2451,https://d134sx875xrex2.cloudfront.net/iNKa0L2VXd_Gel%20t%E1%BA%AFm%20Vitamin%20C%20thi%C3%AAn%20nhi%C3%AAn%20thu%E1%BA%A7n%20chay%20-Evoluderm-Ph%C3%A1p.jpg,meta:og:image,1,200,image/jpeg,938317,b94744524b9cb3aa3ac96f49b11b9aa894a3b9b4f5ef2bae03a1c942e44ead4f,da_tai,0,data\du_lieu_logo\anh_goc\san_pham_0249\anh_001_b9474452.jpg,dau_hieu_gallery=gallery|image
anh_000624,san_pham_0249,2,anh_002_6df95eb7.jpg,data\du_lieu_logo\anh_goc\san_pham_0249\anh_002_6df95eb7.jpg,https://hathyo.com/product/2451,https://d134sx875xrex2.cloudfront.net/kzCFvfqA8i_SRM%20Vitamin%20C%20500ML.jpg,meta:og:image,1,200,image/jpeg,1998817,6df95eb7009c3a29d510de218a8a418df059de5db5013bd53b00aa11e498d800,da_tai,0,data\du_lieu_logo\anh_goc\san_pham_0249\anh_002_6df95eb7.jpg,dau_hieu_gallery=gallery|image
anh_000625,san_pham_0249,3,anh_003_a48aef10.png,data\du_lieu_logo\anh_goc\san_pham_0249\anh_003_a48aef10.png,https://hathyo.com/product/2451,https://d134sx875xrex2.cloudfront.net/p7EEjlk7ZV_1.png,meta:og:image,1,200,image/png,1321543,a48aef1011478d698455f364d8c6f8cdb2a522e9529fb8caa2279fc891fb725c,da_tai,0,data\du_lieu_logo\anh_goc\san_pham_0249\anh_003_a48aef10.png,dau_hieu_gallery=gallery|image
anh_000626,san_pham_0249,4,anh_004_547d60ea.jpg,data\du_lieu_logo\anh_goc\san_pham_0249\anh_004_547d60ea.jpg,https://hathyo.com/product/2451,https://d134sx875xrex2.cloudfront.net/PLlX2G9xkl_Gel-Vitamin%20C%20-%20Evoluderm.jpg,meta:og:image,1,200,image/jpeg,145839,547d60ea528d5b7958baab7a8c0727a3fdadcaf5c705effc4d81b43daca440ea,da_tai,0,data\du_lieu_logo\anh_goc\san_pham_0249\anh_004_547d60ea.jpg,dau_hieu_gallery=gallery|image
anh_000627,san_pham_0250,1,anh_001_3a0a6ba5.png,data\du_lieu_logo\anh_goc\san_pham_0250\anh_001_3a0a6ba5.png,https://hathyo.com/product/2456,https://d134sx875xrex2.cloudfront.net/L7D7XLlZ0W_%E1%BA%A2nh%20ch%E1%BB%A5p%20m%C3%A0n%20h%C3%ACnh%202026-07-07%20121313.png,meta:og:image,1,200,image/png,750359,3a0a6ba53be5d8f5bb4d9d78001456aebb21d306124aac12385d0c36e02ec482,da_tai,0,data\du_lieu_logo\anh_goc\san_pham_0250\anh_001_3a0a6ba5.png,dau_hieu_gallery=gallery|image
anh_000628,san_pham_0250,2,anh_002_b91bc101.png,data\du_lieu_logo\anh_goc\san_pham_0250\anh_002_b91bc101.png,https://hathyo.com/product/2456,https://d134sx875xrex2.cloudfront.net/0p1ZoqWmny_%E1%BA%A2nh%20ch%E1%BB%A5p%20m%C3%A0n%20h%C3%ACnh%202026-07-07%20121405.png,meta:og:image,1,200,image/png,1399278,b91bc101bd4501f8ceb772a25e84bd2cca066fa9f7d916c76929a5a80d4ec7bc,da_tai,0,data\du_lieu_logo\anh_goc\san_pham_0250\anh_002_b91bc101.png,dau_hieu_gallery=gallery|image
anh_000629,san_pham_0251,1,anh_001_a8659e5b.png,data\du_lieu_logo\anh_goc\san_pham_0251\anh_001_a8659e5b.png,https://hathyo.com/product/2457,https://d134sx875xrex2.cloudfront.net/o1nZK2IN7a_%E1%BA%A2nh%20ch%E1%BB%A5p%20m%C3%A0n%20h%C3%ACnh%202026-07-07%20123413.png,meta:og:image,1,200,image/png,325483,a8659e5b3d95f1387dc7003b191be248ae8cf68099e3a874635d8c85448dd082,da_tai,0,data\du_lieu_logo\anh_goc\san_pham_0251\anh_001_a8659e5b.png,dau_hieu_gallery=gallery|image
anh_000630,san_pham_0252,1,anh_001_e6114847.png,data\du_lieu_logo\anh_goc\san_pham_0252\anh_001_e6114847.png,https://hathyo.com/product/2458,https://d134sx875xrex2.cloudfront.net/8TzmCe1AS2_%E1%BA%A2nh%20ch%E1%BB%A5p%20m%C3%A0n%20h%C3%ACnh%202026-07-07%20124426.png,meta:og:image,1,200,image/png,910331,e6114847adb8d7a562592f3998652c4b4a8ba951967d3ec71bb78b50d3b24588,da_tai,0,data\du_lieu_logo\anh_goc\san_pham_0252\anh_001_e6114847.png,dau_hieu_gallery=gallery|image
anh_000631,san_pham_0253,1,anh_001_e30f7111.png,data\du_lieu_logo\anh_goc\san_pham_0253\anh_001_e30f7111.png,https://hathyo.com/product/2459,https://d134sx875xrex2.cloudfront.net/HDWsyGoBYE_%E1%BA%A2nh%20ch%E1%BB%A5p%20m%C3%A0n%20h%C3%ACnh%202026-07-07%20125805.png,meta:og:image,1,200,image/png,577273,e30f7111962e5adc80ed849141403f11a92cbdcfb9b57919ed184a4041c6ca0b,da_tai,0,data\du_lieu_logo\anh_goc\san_pham_0253\anh_001_e30f7111.png,dau_hieu_gallery=gallery|image
anh_000632,san_pham_0254,1,anh_001_93b63ad7.jpg,data\du_lieu_logo\anh_goc\san_pham_0254\anh_001_93b63ad7.jpg,https://hathyo.com/product/246,https://d134sx875xrex2.cloudfront.net/n52wBjJDaG_z7962643954926_9c096cf252a955797088e6e82e044f93.jpg,meta:og:image,1,200,image/jpeg,70145,93b63ad7b78af0e7939a38eea82bfc17deb3cd36721d1e266ab8f5bcf12c45d8,da_tai,0,data\du_lieu_logo\anh_goc\san_pham_0254\anh_001_93b63ad7.jpg,dau_hieu_gallery=gallery|image
anh_000633,san_pham_0254,2,,,https://hathyo.com/product/246,https://d134sx875xrex2.cloudfront.net/YwVf6Z8UXg_z7962643902857_adfc6e7bc881dfc093e79c827c53ac04.jpg,meta:og:image,1,200,image/jpeg,70145,93b63ad7b78af0e7939a38eea82bfc17deb3cd36721d1e266ab8f5bcf12c45d8,trung_sha256,1,data\du_lieu_logo\anh_goc\san_pham_0254\anh_001_93b63ad7.jpg,dau_hieu_gallery=gallery|image
anh_000634,san_pham_0254,3,anh_003_4a9fc488.jpg,data\du_lieu_logo\anh_goc\san_pham_0254\anh_003_4a9fc488.jpg,https://hathyo.com/product/246,https://d134sx875xrex2.cloudfront.net/FFPkKpvQKj_z7973524889048_8d59707574a7a1da764bb943f025b961.jpg,meta:og:image,1,200,image/jpeg,324774,4a9fc488f17679de27d0cde6dd39dfba83dfa8759a6fd527f157ccad3dea8a9c,da_tai,0,data\du_lieu_logo\anh_goc\san_pham_0254\anh_003_4a9fc488.jpg,dau_hieu_gallery=gallery|image
anh_000635,san_pham_0255,1,anh_001_d89b9cc6.jpg,data\du_lieu_logo\anh_goc\san_pham_0255\anh_001_d89b9cc6.jpg,https://hathyo.com/product/2460,https://d134sx875xrex2.cloudfront.net/pjENcxAP5z_Gel%20tinh%20ch%E1%BA%A5t%20h%E1%BA%A1nh%20nh%C3%A2n%20thi%C3%AAn%20nhi%C3%AAn%20thu%E1%BA%A7n%20chay%20-Evoluderm-Ph%C3%A1p.jpg,meta:og:image,1,200,image/jpeg,967465,d89b9cc6b98894a70fda4582fbe29ca4c1c8622323ead931d5912cfa458e30d5,da_tai,0,data\du_lieu_logo\anh_goc\san_pham_0255\anh_001_d89b9cc6.jpg,dau_hieu_gallery=gallery|image
anh_000636,san_pham_0255,2,anh_002_b2384873.jpg,data\du_lieu_logo\anh_goc\san_pham_0255\anh_002_b2384873.jpg,https://hathyo.com/product/2460,https://d134sx875xrex2.cloudfront.net/shWlrKr80p_10.jpg,meta:og:image,1,200,image/jpeg,365568,b238487335646c92023903c1ab3c4c22afcde418b8e97558d9f7fb3bd381934f,da_tai,0,data\du_lieu_logo\anh_goc\san_pham_0255\anh_002_b2384873.jpg,dau_hieu_gallery=gallery|image
anh_000637,san_pham_0255,3,anh_003_4c923556.jpg,data\du_lieu_logo\anh_goc\san_pham_0255\anh_003_4c923556.jpg,https://hathyo.com/product/2460,https://d134sx875xrex2.cloudfront.net/Z5N6PUE89n_11.jpg,meta:og:image,1,200,image/jpeg,492903,4c923556046937c14b6f58fe3a35bcf895ebf4bce345c5d8366e00dfc0656826,da_tai,0,data\du_lieu_logo\anh_goc\san_pham_0255\anh_003_4c923556.jpg,dau_hieu_gallery=gallery|image
anh_000638,san_pham_0255,4,anh_004_c5148a42.jpg,data\du_lieu_logo\anh_goc\san_pham_0255\anh_004_c5148a42.jpg,https://hathyo.com/product/2460,https://d134sx875xrex2.cloudfront.net/mJ55jpoL7D_12.jpg,meta:og:image,1,200,image/jpeg,379108,c5148a42f64cbfd98d3fa4d2282d51d5cf366cb410f410ed9425d974e1bee119,da_tai,0,data\du_lieu_logo\anh_goc\san_pham_0255\anh_004_c5148a42.jpg,dau_hieu_gallery=gallery|image
anh_000639,san_pham_0255,5,anh_005_1f6c32d3.jpg,data\du_lieu_logo\anh_goc\san_pham_0255\anh_005_1f6c32d3.jpg,https://hathyo.com/product/2460,https://d134sx875xrex2.cloudfront.net/yGYCkcMWsh_13.jpg,meta:og:image,1,200,image/jpeg,482673,1f6c32d3b5785ce523837788c57763d59a93e4c08bbc3b97ff48ebcc0a8c6c8d,da_tai,0,data\du_lieu_logo\anh_goc\san_pham_0255\anh_005_1f6c32d3.jpg,dau_hieu_gallery=gallery|image
anh_000640,san_pham_0255,6,anh_006_48aa42bd.jpg,data\du_lieu_logo\anh_goc\san_pham_0255\anh_006_48aa42bd.jpg,https://hathyo.com/product/2460,https://d134sx875xrex2.cloudfront.net/aR2Iqsdh2t_14.jpg,meta:og:image,1,200,image/jpeg,340487,48aa42bd26990ff95600f536f602bdc798cec953466af8c08852dc741b49442b,da_tai,0,data\du_lieu_logo\anh_goc\san_pham_0255\anh_006_48aa42bd.jpg,dau_hieu_gallery=gallery|image
anh_000641,san_pham_0256,1,anh_001_22185174.jpg,data\du_lieu_logo\anh_goc\san_pham_0256\anh_001_22185174.jpg,https://hathyo.com/product/2461,https://d134sx875xrex2.cloudfront.net/gxWMKhR6MF_Gel%20tinh%20ch%E1%BA%A5t%20ARGAN%20thi%C3%AAn%20nhi%C3%AAn%20thu%E1%BA%A7n%20chay%20-Evoluderm-Ph%C3%A1p.jpg,meta:og:image,1,200,image/jpeg,918139,221851741eeb297f10f066ba96c5f32ec7b1dfd43fb3fdaf0de5fe6f60bc7f08,da_tai,0,data\du_lieu_logo\anh_goc\san_pham_0256\anh_001_22185174.jpg,dau_hieu_gallery=gallery|image
anh_000642,san_pham_0256,2,anh_002_d091b85b.png,data\du_lieu_logo\anh_goc\san_pham_0256\anh_002_d091b85b.png,https://hathyo.com/product/2461,https://d134sx875xrex2.cloudfront.net/nWyI6c45Hf_1.png,meta:og:image,1,200,image/png,845837,d091b85b50ba8b093751b8bf8a423392c297d046ea5be06a841ad7f5488b04ab,da_tai,0,data\du_lieu_logo\anh_goc\san_pham_0256\anh_002_d091b85b.png,dau_hieu_gallery=gallery|image
anh_000643,san_pham_0256,3,anh_003_9549d3c1.png,data\du_lieu_logo\anh_goc\san_pham_0256\anh_003_9549d3c1.png,https://hathyo.com/product/2461,https://d134sx875xrex2.cloudfront.net/BtTobNsWD1_2.png,meta:og:image,1,200,image/png,1463884,9549d3c124337d063f62d9337b53457c9efd2e78a0fe85626baf5081ebf019fd,da_tai,0,data\du_lieu_logo\anh_goc\san_pham_0256\anh_003_9549d3c1.png,dau_hieu_gallery=gallery|image
anh_000644,san_pham_0256,4,anh_004_3b966110.jpg,data\du_lieu_logo\anh_goc\san_pham_0256\anh_004_3b966110.jpg,https://hathyo.com/product/2461,https://d134sx875xrex2.cloudfront.net/Nix6pjrvSp_2aOboQdtgRyIFDJWbhKURn4jnYJmUXVsRttg57Gi.jpg,meta:og:image,1,200,image/jpeg,338374,3b9661100fc6ea502c19151697e10216d32f000273b0049a43a6c50601591b96,da_tai,0,data\du_lieu_logo\anh_goc\san_pham_0256\anh_004_3b966110.jpg,dau_hieu_gallery=gallery|image
anh_000645,san_pham_0256,5,anh_005_be63d674.jpg,data\du_lieu_logo\anh_goc\san_pham_0256\anh_005_be63d674.jpg,https://hathyo.com/product/2461,https://d134sx875xrex2.cloudfront.net/p6VwCcu4Zv_2aOboQdtgS4Ub25Q8VQfp2uMrzsDNwd7AJRyig6a.jpg,meta:og:image,1,200,image/jpeg,310926,be63d674f0902adb1a78571ee7cb6a07185f16c41a3c15d8fde35573cf1e423d,da_tai,0,data\du_lieu_logo\anh_goc\san_pham_0256\anh_005_be63d674.jpg,dau_hieu_gallery=gallery|image
anh_000646,san_pham_0256,6,anh_006_653b51eb.jpg,data\du_lieu_logo\anh_goc\san_pham_0256\anh_006_653b51eb.jpg,https://hathyo.com/product/2461,https://d134sx875xrex2.cloudfront.net/MFtrz8fF04_2aOboQdtgS9TXNfZ3sQw1r0H9qIp2aR7xonVNJRI.jpg,meta:og:image,1,200,image/jpeg,337347,653b51eb948385f1998975528684d84bdaa7fb1da43ef0de99e1020a39b3e0b9,da_tai,0,data\du_lieu_logo\anh_goc\san_pham_0256\anh_006_653b51eb.jpg,dau_hieu_gallery=gallery|image
anh_000647,san_pham_0256,7,anh_007_c01d4e36.jpg,data\du_lieu_logo\anh_goc\san_pham_0256\anh_007_c01d4e36.jpg,https://hathyo.com/product/2461,https://d134sx875xrex2.cloudfront.net/lyXuDdkl0z_2aOboQdtgSkEtFwlhRPvzgLwfy2huqspkpRUWjOy.jpg,meta:og:image,1,200,image/jpeg,383737,c01d4e36fbec887b68b27c0f12ff1bfec6d379e43c4d89bedac6c99d82e4e5ac,da_tai,0,data\du_lieu_logo\anh_goc\san_pham_0256\anh_007_c01d4e36.jpg,dau_hieu_gallery=gallery|image
anh_000648,san_pham_0256,8,anh_008_9a11ddf1.png,data\du_lieu_logo\anh_goc\san_pham_0256\anh_008_9a11ddf1.png,https://hathyo.com/product/2461,https://d134sx875xrex2.cloudfront.net/4KHb3Bp28K_3.png,meta:og:image,1,200,image/png,1009056,9a11ddf12871db7784aa0ab1233e2335028b8695dc7abddf4d65379484c031c6,da_tai,0,data\du_lieu_logo\anh_goc\san_pham_0256\anh_008_9a11ddf1.png,dau_hieu_gallery=gallery|image
anh_000649,san_pham_0256,9,anh_009_b9bf1b99.png,data\du_lieu_logo\anh_goc\san_pham_0256\anh_009_b9bf1b99.png,https://hathyo.com/product/2461,https://d134sx875xrex2.cloudfront.net/OlVFAwGwDc_4.png,meta:og:image,1,200,image/png,765573,b9bf1b999461ba43d2891acabfb442a28a6087e40a21cceeb1b87d4fdb8b7fe4,da_tai,0,data\du_lieu_logo\anh_goc\san_pham_0256\anh_009_b9bf1b99.png,dau_hieu_gallery=gallery|image
anh_000650,san_pham_0257,1,anh_001_b5990b1d.jpg,data\du_lieu_logo\anh_goc\san_pham_0257\anh_001_b5990b1d.jpg,https://hathyo.com/product/2462,"https://d134sx875xrex2.cloudfront.net/erfFdIiRxp_Gel%20tinh%20ch%E1%BA%A5t%20d%E1%BB%ABa,%20tr%C3%A0%20xanh%20thi%C3%AAn%20nhi%C3%AAn%20thu%E1%BA%A7n%20chay%20-Evoluderm-Ph%C3%A1p.jpg",meta:og:image,1,200,image/jpeg,940272,b5990b1d994f400324422e43efe9f94e8cc0971eef6901763d6037a5c6921a6b,da_tai,0,data\du_lieu_logo\anh_goc\san_pham_0257\anh_001_b5990b1d.jpg,dau_hieu_gallery=gallery|image
anh_000651,san_pham_0257,2,anh_002_565470a5.jpg,data\du_lieu_logo\anh_goc\san_pham_0257\anh_002_565470a5.jpg,https://hathyo.com/product/2462,https://d134sx875xrex2.cloudfront.net/qCKj9exAJO_h%C3%ACnh%20%C4%91ai%20di%E1%BB%87n-01.jpg,meta:og:image,1,200,image/jpeg,1647160,565470a583916ff4aa1f649de13cc4c824a7ba8ad4711ccbcc5d3cf192c1981d,da_tai,0,data\du_lieu_logo\anh_goc\san_pham_0257\anh_002_565470a5.jpg,dau_hieu_gallery=gallery|image
anh_000652,san_pham_0257,3,anh_003_77eeb9e5.jpg,data\du_lieu_logo\anh_goc\san_pham_0257\anh_003_77eeb9e5.jpg,https://hathyo.com/product/2462,https://d134sx875xrex2.cloudfront.net/PUy6Sl7me7_17.jpg,meta:og:image,1,200,image/jpeg,573716,77eeb9e57bd134bb5758da2df1e3a70078619fba3c8d5c333a6bffc4781ff56c,da_tai,0,data\du_lieu_logo\anh_goc\san_pham_0257\anh_003_77eeb9e5.jpg,dau_hieu_gallery=gallery|image
anh_000653,san_pham_0257,4,anh_004_d33434f8.jpg,data\du_lieu_logo\anh_goc\san_pham_0257\anh_004_d33434f8.jpg,https://hathyo.com/product/2462,https://d134sx875xrex2.cloudfront.net/To4IkeYeiT_18.jpg,meta:og:image,1,200,image/jpeg,340749,d33434f81d4117bb37196b304473d2d0e8e426d3334e10dbcaaed105c88fd8a0,da_tai,0,data\du_lieu_logo\anh_goc\san_pham_0257\anh_004_d33434f8.jpg,dau_hieu_gallery=gallery|image
anh_000654,san_pham_0257,5,anh_005_94af6206.jpg,data\du_lieu_logo\anh_goc\san_pham_0257\anh_005_94af6206.jpg,https://hathyo.com/product/2462,https://d134sx875xrex2.cloudfront.net/AMgVmjArCI_19.jpg,meta:og:image,1,200,image/jpeg,452323,94af620691e33284657154fa47a56f8c0177be8a16c78a0ab82e06b35809ea04,da_tai,0,data\du_lieu_logo\anh_goc\san_pham_0257\anh_005_94af6206.jpg,dau_hieu_gallery=gallery|image
anh_000655,san_pham_0257,6,anh_006_bf7cab57.jpg,data\du_lieu_logo\anh_goc\san_pham_0257\anh_006_bf7cab57.jpg,https://hathyo.com/product/2462,https://d134sx875xrex2.cloudfront.net/h8nrbQaAWV_20.jpg,meta:og:image,1,200,image/jpeg,387096,bf7cab579ddf530ecc71d0f596349e5422f81ff24acaca5ac0a745c1488e73ce,da_tai,0,data\du_lieu_logo\anh_goc\san_pham_0257\anh_006_bf7cab57.jpg,dau_hieu_gallery=gallery|image
anh_000656,san_pham_0257,7,anh_007_3e50dd27.jpg,data\du_lieu_logo\anh_goc\san_pham_0257\anh_007_3e50dd27.jpg,https://hathyo.com/product/2462,https://d134sx875xrex2.cloudfront.net/VE0d6RKusj_21.jpg,meta:og:image,1,200,image/jpeg,329175,3e50dd27f2c1adb005a008d970ba4cfda2775399cca13958747ea401ae5570e2,da_tai,0,data\du_lieu_logo\anh_goc\san_pham_0257\anh_007_3e50dd27.jpg,dau_hieu_gallery=gallery|image
anh_000657,san_pham_0257,8,anh_008_3a675c6c.jpg,data\du_lieu_logo\anh_goc\san_pham_0257\anh_008_3a675c6c.jpg,https://hathyo.com/product/2462,https://d134sx875xrex2.cloudfront.net/qB8SH3wUWB_22.jpg,meta:og:image,1,200,image/jpeg,369150,3a675c6cb6e1e1acae9d2ae3f62886d282c0251c19e35fd6a49513e06f6bfee4,da_tai,0,data\du_lieu_logo\anh_goc\san_pham_0257\anh_008_3a675c6c.jpg,dau_hieu_gallery=gallery|image
anh_000658,san_pham_0257,9,anh_009_e8e1b34f.jpg,data\du_lieu_logo\anh_goc\san_pham_0257\anh_009_e8e1b34f.jpg,https://hathyo.com/product/2462,https://d134sx875xrex2.cloudfront.net/VZNKoQQkSN_23.jpg,meta:og:image,1,200,image/jpeg,281624,e8e1b34f3609d508e3bb19fdd4d9e3b9acda65cd4fba55c3f67e377d8f984b05,da_tai,0,data\du_lieu_logo\anh_goc\san_pham_0257\anh_009_e8e1b34f.jpg,dau_hieu_gallery=gallery|image
anh_000659,san_pham_0258,1,anh_001_49e7911c.jpg,data\du_lieu_logo\anh_goc\san_pham_0258\anh_001_49e7911c.jpg,https://hathyo.com/product/2463,https://d134sx875xrex2.cloudfront.net/dRkPtlO74g_Gel%20tinh%20ch%E1%BA%A5t%20nha%20%C4%91am%20thi%C3%AAn%20nhi%C3%AAn%20thu%E1%BA%A7n%20chay%20-Evoluderm-Ph%C3%A1p.jpg,meta:og:image,1,200,image/jpeg,934405,49e7911c12ca5f78ac0dec39a3980bbb85f7740c5b0a7512ecd899bc7ddd304f,da_tai,0,data\du_lieu_logo\anh_goc\san_pham_0258\anh_001_49e7911c.jpg,dau_hieu_gallery=gallery|image
anh_000660,san_pham_0258,2,anh_002_2da12449.jpg,data\du_lieu_logo\anh_goc\san_pham_0258\anh_002_2da12449.jpg,https://hathyo.com/product/2463,https://d134sx875xrex2.cloudfront.net/22LU2rG4Aj_25.jpg,meta:og:image,1,200,image/jpeg,318414,2da124497b96dcc9f677ed6da6bde77c4b73c13f05cf7941f8ffde6efd21cbe8,da_tai,0,data\du_lieu_logo\anh_goc\san_pham_0258\anh_002_2da12449.jpg,dau_hieu_gallery=gallery|image
anh_000661,san_pham_0258,3,anh_003_64e55582.jpg,data\du_lieu_logo\anh_goc\san_pham_0258\anh_003_64e55582.jpg,https://hathyo.com/product/2463,https://d134sx875xrex2.cloudfront.net/04yGr4GtuK_26.jpg,meta:og:image,1,200,image/jpeg,439877,64e555828376b9d39edcc766eca2dfc9ddfdb675f667a37f7bf798461399c82a,da_tai,0,data\du_lieu_logo\anh_goc\san_pham_0258\anh_003_64e55582.jpg,dau_hieu_gallery=gallery|image
anh_000662,san_pham_0258,4,anh_004_b5e6ef09.jpg,data\du_lieu_logo\anh_goc\san_pham_0258\anh_004_b5e6ef09.jpg,https://hathyo.com/product/2463,https://d134sx875xrex2.cloudfront.net/KtlM5i4ZpZ_27.jpg,meta:og:image,1,200,image/jpeg,308205,b5e6ef09ab3b6a0f21136f1854193330418a3d1ceb669b2dbd34542e9e5c91d1,da_tai,0,data\du_lieu_logo\anh_goc\san_pham_0258\anh_004_b5e6ef09.jpg,dau_hieu_gallery=gallery|image
anh_000663,san_pham_0258,5,anh_005_1f64e581.jpg,data\du_lieu_logo\anh_goc\san_pham_0258\anh_005_1f64e581.jpg,https://hathyo.com/product/2463,https://d134sx875xrex2.cloudfront.net/9oeBU9jrSt_28.jpg,meta:og:image,1,200,image/jpeg,441296,1f64e581ce1dca2681010dffae8410aee4897498d2a37e9f3d142cfa3de2d0bc,da_tai,0,data\du_lieu_logo\anh_goc\san_pham_0258\anh_005_1f64e581.jpg,dau_hieu_gallery=gallery|image
anh_000664,san_pham_0258,6,anh_006_3f0fb23b.jpg,data\du_lieu_logo\anh_goc\san_pham_0258\anh_006_3f0fb23b.jpg,https://hathyo.com/product/2463,https://d134sx875xrex2.cloudfront.net/1IUP0BLPzx_29.jpg,meta:og:image,1,200,image/jpeg,331990,3f0fb23b58bdce7aafbd8d92b1e5fba48c29a18fe13f3bb904d967c861c144aa,da_tai,0,data\du_lieu_logo\anh_goc\san_pham_0258\anh_006_3f0fb23b.jpg,dau_hieu_gallery=gallery|image
anh_000665,san_pham_0258,7,anh_007_7b09b27e.jpg,data\du_lieu_logo\anh_goc\san_pham_0258\anh_007_7b09b27e.jpg,https://hathyo.com/product/2463,https://d134sx875xrex2.cloudfront.net/5dNTxHQrvw_30.jpg,meta:og:image,1,200,image/jpeg,365549,7b09b27e6eed21f0432cad9d2bd9057fa84281d9762e0da939025059070760bf,da_tai,0,data\du_lieu_logo\anh_goc\san_pham_0258\anh_007_7b09b27e.jpg,dau_hieu_gallery=gallery|image
anh_000666,san_pham_0258,8,anh_008_87bfe451.jpg,data\du_lieu_logo\anh_goc\san_pham_0258\anh_008_87bfe451.jpg,https://hathyo.com/product/2463,https://d134sx875xrex2.cloudfront.net/YcqlYvdY8y_31.jpg,meta:og:image,1,200,image/jpeg,362215,87bfe45134c8cf787a361985e2203c32a301bfbe795c1e0087ef209fcd263f2a,da_tai,0,data\du_lieu_logo\anh_goc\san_pham_0258\anh_008_87bfe451.jpg,dau_hieu_gallery=gallery|image
anh_000667,san_pham_0258,9,anh_009_ceda00dc.jpg,data\du_lieu_logo\anh_goc\san_pham_0258\anh_009_ceda00dc.jpg,https://hathyo.com/product/2463,https://d134sx875xrex2.cloudfront.net/8kKhGQEk1g_32.jpg,meta:og:image,1,200,image/jpeg,275571,ceda00dcd4d5955bebc4f0853149bab69c522540216710f180aa176cf8dd6353,da_tai,0,data\du_lieu_logo\anh_goc\san_pham_0258\anh_009_ceda00dc.jpg,dau_hieu_gallery=gallery|image
anh_000668,san_pham_0259,1,anh_001_697d19c9.jpg,data\du_lieu_logo\anh_goc\san_pham_0259\anh_001_697d19c9.jpg,https://hathyo.com/product/2464,https://d134sx875xrex2.cloudfront.net/9rU3xsnUX7_Gel%20tinh%20ch%E1%BA%A5t%20hoa%20cam%20blossom%20thi%C3%AAn%20nhi%C3%AAn%20thu%E1%BA%A7n%20chay%20-Evoluderm-Ph%C3%A1p.jpg,meta:og:image,1,200,image/jpeg,1018219,697d19c9de01bbbeb8864aba4fbe858e53c184823e837bca3fdfe28726a912a5,da_tai,0,data\du_lieu_logo\anh_goc\san_pham_0259\anh_001_697d19c9.jpg,dau_hieu_gallery=gallery|image
anh_000669,san_pham_0259,2,anh_002_5a4bdc12.jpg,data\du_lieu_logo\anh_goc\san_pham_0259\anh_002_5a4bdc12.jpg,https://hathyo.com/product/2464,https://d134sx875xrex2.cloudfront.net/SXEajT8bYS_h%C3%ACnh%20%C4%91ai%20di%E1%BB%87n-01.jpg,meta:og:image,1,200,image/jpeg,752458,5a4bdc12129a4797d8a1837527514bf78b3bf35eee2806bd18be953259fb68df,da_tai,0,data\du_lieu_logo\anh_goc\san_pham_0259\anh_002_5a4bdc12.jpg,dau_hieu_gallery=gallery|image
anh_000670,san_pham_0259,3,anh_003_e899804b.jpg,data\du_lieu_logo\anh_goc\san_pham_0259\anh_003_e899804b.jpg,https://hathyo.com/product/2464,https://d134sx875xrex2.cloudfront.net/pMm0erGJck_h%C3%ACnh%20%C4%91ai%20di%E1%BB%87n-02.jpg,meta:og:image,1,200,image/jpeg,1046792,e899804bb614705d7e3dd24f9a083fa8a3600be689fa1d10e040c5e2587169c4,da_tai,0,data\du_lieu_logo\anh_goc\san_pham_0259\anh_003_e899804b.jpg,dau_hieu_gallery=gallery|image
anh_000671,san_pham_0259,4,anh_004_ae31a3ad.jpg,data\du_lieu_logo\anh_goc\san_pham_0259\anh_004_ae31a3ad.jpg,https://hathyo.com/product/2464,https://d134sx875xrex2.cloudfront.net/Z8Uyse5D1C_h%C3%ACnh%20%C4%91ai%20di%E1%BB%87n-03.jpg,meta:og:image,1,200,image/jpeg,725747,ae31a3ad6d6e072fac8bfe6df2ed80d127ebb4fa1afbd729f44df003728bfb18,da_tai,0,data\du_lieu_logo\anh_goc\san_pham_0259\anh_004_ae31a3ad.jpg,dau_hieu_gallery=gallery|image
anh_000672,san_pham_0259,5,anh_005_133a8b1a.jpg,data\du_lieu_logo\anh_goc\san_pham_0259\anh_005_133a8b1a.jpg,https://hathyo.com/product/2464,https://d134sx875xrex2.cloudfront.net/cqdc6tPHWU_h%C3%ACnh%20%C4%91ai%20di%E1%BB%87n-04.jpg,meta:og:image,1,200,image/jpeg,935561,133a8b1a723e0929a6d5e09bad1c0228f05f92e32705938c77c7f250dceb3bf3,da_tai,0,data\du_lieu_logo\anh_goc\san_pham_0259\anh_005_133a8b1a.jpg,dau_hieu_gallery=gallery|image
anh_000673,san_pham_0259,6,anh_006_7fb764ba.jpg,data\du_lieu_logo\anh_goc\san_pham_0259\anh_006_7fb764ba.jpg,https://hathyo.com/product/2464,https://d134sx875xrex2.cloudfront.net/uMUtvDBRn6_h%C3%ACnh%20m%C3%B4%20t%E1%BA%A3-01.jpg,meta:og:image,1,200,image/jpeg,1092757,7fb764baadc8880f7798a9854d47d41a3b2ec427ba82f3bb5cd846cfb9bbce3c,da_tai,0,data\du_lieu_logo\anh_goc\san_pham_0259\anh_006_7fb764ba.jpg,dau_hieu_gallery=gallery|image
anh_000674,san_pham_0259,7,anh_007_f5498bf4.jpg,data\du_lieu_logo\anh_goc\san_pham_0259\anh_007_f5498bf4.jpg,https://hathyo.com/product/2464,https://d134sx875xrex2.cloudfront.net/rowaCo5T6s_h%C3%ACnh%20m%C3%B4%20t%E1%BA%A3-02.jpg,meta:og:image,1,200,image/jpeg,1135178,f5498bf416d8385e19ac3be172865a398a4bd8057ca333de5984a1eadd33d923,da_tai,0,data\du_lieu_logo\anh_goc\san_pham_0259\anh_007_f5498bf4.jpg,dau_hieu_gallery=gallery|image
anh_000675,san_pham_0259,8,anh_008_cf5608a5.jpg,data\du_lieu_logo\anh_goc\san_pham_0259\anh_008_cf5608a5.jpg,https://hathyo.com/product/2464,https://d134sx875xrex2.cloudfront.net/fYsNVmtFcS_h%C3%ACnh%20m%C3%B4%20t%E1%BA%A3-03.jpg,meta:og:image,1,200,image/jpeg,918209,cf5608a50e53ffe9d1bfd2b07eccbc502d0dd80828fec94446a1c392ee1225a6,da_tai,0,data\du_lieu_logo\anh_goc\san_pham_0259\anh_008_cf5608a5.jpg,dau_hieu_gallery=gallery|image
anh_000676,san_pham_0259,9,anh_009_3deab5b6.jpg,data\du_lieu_logo\anh_goc\san_pham_0259\anh_009_3deab5b6.jpg,https://hathyo.com/product/2464,https://d134sx875xrex2.cloudfront.net/tmojLvNzeR_h%C3%ACnh%20m%C3%B4%20t%E1%BA%A3-04.jpg,meta:og:image,1,200,image/jpeg,1174711,3deab5b6c36ccf622970e15c83c3519cd94018797ef3fecedff1813bbcdcba11,da_tai,0,data\du_lieu_logo\anh_goc\san_pham_0259\anh_009_3deab5b6.jpg,dau_hieu_gallery=gallery|image
anh_000677,san_pham_0260,1,anh_001_185bb048.jpg,data\du_lieu_logo\anh_goc\san_pham_0260\anh_001_185bb048.jpg,https://hathyo.com/product/2465,https://d134sx875xrex2.cloudfront.net/ucSc4hbhwP_Gel%20tinh%20ch%E1%BA%A5t%20Lavender%20thi%C3%AAn%20nhi%C3%AAn%20thu%E1%BA%A7n%20chay%20-Evoluderm-Ph%C3%A1p.jpg,meta:og:image,1,200,image/jpeg,971402,185bb0481625142120a4867fc89c47601f0cdf921cf0b6cb8785c5882fddf059,da_tai,0,data\du_lieu_logo\anh_goc\san_pham_0260\anh_001_185bb048.jpg,dau_hieu_gallery=gallery|image
anh_000678,san_pham_0260,2,anh_002_85b7b905.jpg,data\du_lieu_logo\anh_goc\san_pham_0260\anh_002_85b7b905.jpg,https://hathyo.com/product/2465,https://d134sx875xrex2.cloudfront.net/Fug51WNR2x_h%C3%ACnh%20%C4%91ai%20di%E1%BB%87n-01.jpg,meta:og:image,1,200,image/jpeg,667503,85b7b905ab9688cdcbad0bd01abdc0f9476757fc0333badfd43c110a5e2739bc,da_tai,0,data\du_lieu_logo\anh_goc\san_pham_0260\anh_002_85b7b905.jpg,dau_hieu_gallery=gallery|image
anh_000679,san_pham_0260,3,anh_003_3583bc3d.jpg,data\du_lieu_logo\anh_goc\san_pham_0260\anh_003_3583bc3d.jpg,https://hathyo.com/product/2465,https://d134sx875xrex2.cloudfront.net/UBme0FAQEI_h%C3%ACnh%20%C4%91ai%20di%E1%BB%87n-02.jpg,meta:og:image,1,200,image/jpeg,1058641,3583bc3d2a45b98b8eb0e101354dfa22436be150826b5c9d7400f297f28b99f9,da_tai,0,data\du_lieu_logo\anh_goc\san_pham_0260\anh_003_3583bc3d.jpg,dau_hieu_gallery=gallery|image
anh_000680,san_pham_0260,4,anh_004_77ca532d.jpg,data\du_lieu_logo\anh_goc\san_pham_0260\anh_004_77ca532d.jpg,https://hathyo.com/product/2465,https://d134sx875xrex2.cloudfront.net/whSX2t9wBl_h%C3%ACnh%20%C4%91ai%20di%E1%BB%87n-03.jpg,meta:og:image,1,200,image/jpeg,672460,77ca532d114b1ffab9bbdb70d280f0c45a0a140b7b264d1744d6ec62786c4eb0,da_tai,0,data\du_lieu_logo\anh_goc\san_pham_0260\anh_004_77ca532d.jpg,dau_hieu_gallery=gallery|image
anh_000681,san_pham_0260,5,anh_005_a7d10dfc.jpg,data\du_lieu_logo\anh_goc\san_pham_0260\anh_005_a7d10dfc.jpg,https://hathyo.com/product/2465,https://d134sx875xrex2.cloudfront.net/w4CIRY1OEp_h%C3%ACnh%20%C4%91ai%20di%E1%BB%87n-04.jpg,meta:og:image,1,200,image/jpeg,947323,a7d10dfc87884baacf05be41f132be94f31584dcb5aaeb04b63d9674124873f9,da_tai,0,data\du_lieu_logo\anh_goc\san_pham_0260\anh_005_a7d10dfc.jpg,dau_hieu_gallery=gallery|image
anh_000682,san_pham_0260,6,anh_006_ed7f264d.jpg,data\du_lieu_logo\anh_goc\san_pham_0260\anh_006_ed7f264d.jpg,https://hathyo.com/product/2465,https://d134sx875xrex2.cloudfront.net/moYvEub9sO_h%C3%ACnh%20m%C3%B4%20t%E1%BA%A3-01.jpg,meta:og:image,1,200,image/jpeg,1036824,ed7f264de2f9dd21b4ed1005597c1bbfe1b78a499c73f389bf804d7339442192,da_tai,0,data\du_lieu_logo\anh_goc\san_pham_0260\anh_006_ed7f264d.jpg,dau_hieu_gallery=gallery|image
anh_000683,san_pham_0260,7,anh_007_1bf011bd.jpg,data\du_lieu_logo\anh_goc\san_pham_0260\anh_007_1bf011bd.jpg,https://hathyo.com/product/2465,https://d134sx875xrex2.cloudfront.net/h2Qtrk5iNK_h%C3%ACnh%20m%C3%B4%20t%E1%BA%A3-02.jpg,meta:og:image,1,200,image/jpeg,1341902,1bf011bde0a9771bd59f6cb067c313156c7b3c5df1dd7cf41b5348feff945607,da_tai,0,data\du_lieu_logo\anh_goc\san_pham_0260\anh_007_1bf011bd.jpg,dau_hieu_gallery=gallery|image
anh_000684,san_pham_0260,8,anh_008_98da789c.jpg,data\du_lieu_logo\anh_goc\san_pham_0260\anh_008_98da789c.jpg,https://hathyo.com/product/2465,https://d134sx875xrex2.cloudfront.net/rQOZPUOOOO_h%C3%ACnh%20m%C3%B4%20t%E1%BA%A3-03.jpg,meta:og:image,1,200,image/jpeg,1373193,98da789c42c9a7ef75eb7c9a3edf3459cc362517ff423af65184b3b265c7d53e,da_tai,0,data\du_lieu_logo\anh_goc\san_pham_0260\anh_008_98da789c.jpg,dau_hieu_gallery=gallery|image
anh_000685,san_pham_0260,9,anh_009_ee48d209.jpg,data\du_lieu_logo\anh_goc\san_pham_0260\anh_009_ee48d209.jpg,https://hathyo.com/product/2465,https://d134sx875xrex2.cloudfront.net/65rISQ1FWi_h%C3%ACnh%20m%C3%B4%20t%E1%BA%A3-04.jpg,meta:og:image,1,200,image/jpeg,1203853,ee48d20946faf5fc0ad0f69b59f663bfb56f1756295f7176a7a0e92f6301fbfd,da_tai,0,data\du_lieu_logo\anh_goc\san_pham_0260\anh_009_ee48d209.jpg,dau_hieu_gallery=gallery|image
anh_000686,san_pham_0261,1,anh_001_df891cce.jpg,data\du_lieu_logo\anh_goc\san_pham_0261\anh_001_df891cce.jpg,https://hathyo.com/product/2466,https://d134sx875xrex2.cloudfront.net/Rh1FmMMr5o_GelD%C6%B0%E1%BB%A1ng%20da%20d%E1%BB%8Bu%20nh%E1%BA%B9%20cho%20b%C3%A9%20y%C3%AAu%20thi%C3%AAn%20nhi%C3%AAn%20thu%E1%BA%A7n%20chay%20-Evoluderm-Ph%C3%A1p.jpg,meta:og:image,1,200,image/jpeg,806609,df891cce2823fcc13ea844f5c69d0581ae5aa78b4007b39f93ff00c6ee9f1426,da_tai,0,data\du_lieu_logo\anh_goc\san_pham_0261\anh_001_df891cce.jpg,dau_hieu_gallery=gallery|image
anh_000687,san_pham_0261,2,anh_002_f746a677.png,data\du_lieu_logo\anh_goc\san_pham_0261\anh_002_f746a677.png,https://hathyo.com/product/2466,https://d134sx875xrex2.cloudfront.net/QKi3EKa4TR_h%C3%ACnh%20%C4%91ai%20di%E1%BB%87n-01.png,meta:og:image,1,200,image/png,578934,f746a67707a0f7d900b39979bc9fde09e2b7626c298fc2d43ca10cf7f3097785,da_tai,0,data\du_lieu_logo\anh_goc\san_pham_0261\anh_002_f746a677.png,dau_hieu_gallery=gallery|image
anh_000688,san_pham_0261,3,anh_003_81cba866.png,data\du_lieu_logo\anh_goc\san_pham_0261\anh_003_81cba866.png,https://hathyo.com/product/2466,https://d134sx875xrex2.cloudfront.net/7y6wG37UK0_h%C3%ACnh%20%C4%91ai%20di%E1%BB%87n-02.png,meta:og:image,1,200,image/png,918249,81cba86659117f6433a4eb652e5e46d080dcd7f27dc1a3aa16aec84b6e2b84b7,da_tai,0,data\du_lieu_logo\anh_goc\san_pham_0261\anh_003_81cba866.png,dau_hieu_gallery=gallery|image
anh_000689,san_pham_0261,4,anh_004_51e29461.png,data\du_lieu_logo\anh_goc\san_pham_0261\anh_004_51e29461.png,https://hathyo.com/product/2466,https://d134sx875xrex2.cloudfront.net/jb4v5bRb1f_h%C3%ACnh%20%C4%91ai%20di%E1%BB%87n-03.png,meta:og:image,1,200,image/png,783319,51e29461393eb8a80c29d79fa3764fc533dd081e0c064bef6f9ad1b529d97883,da_tai,0,data\du_lieu_logo\anh_goc\san_pham_0261\anh_004_51e29461.png,dau_hieu_gallery=gallery|image
anh_000690,san_pham_0261,5,anh_005_cbe572cf.png,data\du_lieu_logo\anh_goc\san_pham_0261\anh_005_cbe572cf.png,https://hathyo.com/product/2466,https://d134sx875xrex2.cloudfront.net/RAnTIEdFzl_h%C3%ACnh%20%C4%91ai%20di%E1%BB%87n-04.png,meta:og:image,1,200,image/png,752966,cbe572cf9827cbd3ed56fe68a82d4b30f6f801386c2bd70685ec6f8a712590a1,da_tai,0,data\du_lieu_logo\anh_goc\san_pham_0261\anh_005_cbe572cf.png,dau_hieu_gallery=gallery|image
anh_000691,san_pham_0261,6,anh_006_75157a0f.jpg,data\du_lieu_logo\anh_goc\san_pham_0261\anh_006_75157a0f.jpg,https://hathyo.com/product/2466,https://d134sx875xrex2.cloudfront.net/39qRxKTtZL_H%C3%ACnh%20m%C3%B4%20t%E1%BA%A3%2001.jpg,meta:og:image,1,200,image/jpeg,1754052,75157a0f8c42a7431c64823c24019275d22781a2edb2f5a3ea6f935686a6b7a9,da_tai,0,data\du_lieu_logo\anh_goc\san_pham_0261\anh_006_75157a0f.jpg,dau_hieu_gallery=gallery|image
anh_000692,san_pham_0261,7,anh_007_40827afb.jpg,data\du_lieu_logo\anh_goc\san_pham_0261\anh_007_40827afb.jpg,https://hathyo.com/product/2466,https://d134sx875xrex2.cloudfront.net/aENjbyFcvH_H%C3%ACnh%20m%C3%B4%20t%E1%BA%A3%203.jpg,meta:og:image,1,200,image/jpeg,849706,40827afb6ce3146f40f4e090b2d80bb1f559c1197a08939a0f3081ea195c568b,da_tai,0,data\du_lieu_logo\anh_goc\san_pham_0261\anh_007_40827afb.jpg,dau_hieu_gallery=gallery|image
anh_000693,san_pham_0262,1,,,https://hathyo.com/product/2467,https://d134sx875xrex2.cloudfront.net/ypUkidkQwV_HT%20Gold%20Nuti%20+%20(1).jpg,meta:og:image,1,403,,,,khong_the_tai_cong_khai,0,,cloudfront_tra_403_sau_khi_da_thu_lai;khong_co_file_vat_ly
anh_000694,san_pham_0262,2,anh_002_3b7857cd.jpg,data\du_lieu_logo\anh_goc\san_pham_0262\anh_002_3b7857cd.jpg,https://hathyo.com/product/2467,https://d134sx875xrex2.cloudfront.net/j58Erp9QCy_1783323089721_3133435260542866362_3133435260542866362_118495b922e6d8750108fbf88de1a3ba.jpg,meta:og:image,1,200,image/jpeg,180074,3b7857cd0a5590e55caf02e0f92f875586312640867ae5756527b821ed064cb6,da_tai,0,data\du_lieu_logo\anh_goc\san_pham_0262\anh_002_3b7857cd.jpg,dau_hieu_gallery=gallery|image
anh_000695,san_pham_0262,3,anh_003_cff52fb0.jpg,data\du_lieu_logo\anh_goc\san_pham_0262\anh_003_cff52fb0.jpg,https://hathyo.com/product/2467,https://d134sx875xrex2.cloudfront.net/a9F3PzngR9_1783323089698_3133435260542866362_3133435260542866362_e5075cc88d871a0353095bd3ab3821f0.jpg,meta:og:image,1,200,image/jpeg,87250,cff52fb036d2d62b2a807745c2242f76f7e488d7857f7fe69d67928c696ec819,da_tai,0,data\du_lieu_logo\anh_goc\san_pham_0262\anh_003_cff52fb0.jpg,dau_hieu_gallery=gallery|image
anh_000696,san_pham_0262,4,,,https://hathyo.com/product/2467,https://d134sx875xrex2.cloudfront.net/PLNPsCO22x_HT%20Nuti+.jpg,meta:og:image,1,403,,,,khong_the_tai_cong_khai,0,,cloudfront_tra_403_sau_khi_da_thu_lai;khong_co_file_vat_ly
anh_000697,san_pham_0262,5,anh_005_2170de32.jpg,data\du_lieu_logo\anh_goc\san_pham_0262\anh_005_2170de32.jpg,https://hathyo.com/product/2467,https://d134sx875xrex2.cloudfront.net/RJZyX3Tpqr_1783323089687_3133435260542866362_3133435260542866362_44204f2068e56826f29702f9adada986.jpg,meta:og:image,1,200,image/jpeg,141547,2170de32610c06561e8cc9cd52c8b3f29002acd1eba5cf5ef877c78905c15d5b,da_tai,0,data\du_lieu_logo\anh_goc\san_pham_0262\anh_005_2170de32.jpg,dau_hieu_gallery=gallery|image
anh_000698,san_pham_0263,1,anh_001_de21b481.jpg,data\du_lieu_logo\anh_goc\san_pham_0263\anh_001_de21b481.jpg,https://hathyo.com/product/2468,https://d134sx875xrex2.cloudfront.net/EeGCMYJ0qP_Gel%20r%E1%BB%ADa%20m%E1%BA%B7t%20tinh%20ch%E1%BA%A5t%20b%C6%B0%E1%BB%9Fi%20h%E1%BB%93ng%20thi%C3%AAn%20nhi%C3%AAn%20thu%E1%BA%A7n%20chay%20-Evoluderm-Ph%C3%A1p.jpg,meta:og:image,1,200,image/jpeg,723698,de21b481afd6b334019114a2af6819861e27be7b66418b1d45b97ad2d4720361,da_tai,0,data\du_lieu_logo\anh_goc\san_pham_0263\anh_001_de21b481.jpg,dau_hieu_gallery=gallery|image
anh_000699,san_pham_0263,2,anh_002_a367e558.png,data\du_lieu_logo\anh_goc\san_pham_0263\anh_002_a367e558.png,https://hathyo.com/product/2468,https://d134sx875xrex2.cloudfront.net/G5nJ4ztw33_H%C3%ACnh%20%C4%91%E1%BA%A1i%20di%E1%BB%87n-01.png,meta:og:image,1,200,image/png,210185,a367e5589cec32c953913f8f0791e93245bb3da996af03577b0a46e58c9a67c6,da_tai,0,data\du_lieu_logo\anh_goc\san_pham_0263\anh_002_a367e558.png,dau_hieu_gallery=gallery|image
anh_000700,san_pham_0263,3,anh_003_36754096.png,data\du_lieu_logo\anh_goc\san_pham_0263\anh_003_36754096.png,https://hathyo.com/product/2468,https://d134sx875xrex2.cloudfront.net/OSYiGeZBBl_H%C3%ACnh%20%C4%91%E1%BA%A1i%20di%E1%BB%87n-02.png,meta:og:image,1,200,image/png,313391,367540969133f07c813b40ceb8ddb9aad9b3f3c53820c49f94afee71394d07f4,da_tai,0,data\du_lieu_logo\anh_goc\san_pham_0263\anh_003_36754096.png,dau_hieu_gallery=gallery|image
anh_000701,san_pham_0263,4,anh_004_d1a1fb04.png,data\du_lieu_logo\anh_goc\san_pham_0263\anh_004_d1a1fb04.png,https://hathyo.com/product/2468,https://d134sx875xrex2.cloudfront.net/Ci9LakVBvo_H%C3%ACnh%20%C4%91%E1%BA%A1i%20di%E1%BB%87n-03.png,meta:og:image,1,200,image/png,346978,d1a1fb046c2a5e4a8291702dace89d8f76e942fefda7baaccd4bb445c5128479,da_tai,0,data\du_lieu_logo\anh_goc\san_pham_0263\anh_004_d1a1fb04.png,dau_hieu_gallery=gallery|image
anh_000702,san_pham_0263,5,anh_005_d357809f.png,data\du_lieu_logo\anh_goc\san_pham_0263\anh_005_d357809f.png,https://hathyo.com/product/2468,https://d134sx875xrex2.cloudfront.net/TLGa5O6uVF_H%C3%ACnh%20%C4%91%E1%BA%A1i%20di%E1%BB%87n-04.png,meta:og:image,1,200,image/png,640170,d357809f1312edce1c8aa97b23477edc3faa269ac98c7f1a6c4ce8190039ed1c,da_tai,0,data\du_lieu_logo\anh_goc\san_pham_0263\anh_005_d357809f.png,dau_hieu_gallery=gallery|image
anh_000703,san_pham_0263,6,anh_006_086fda23.png,data\du_lieu_logo\anh_goc\san_pham_0263\anh_006_086fda23.png,https://hathyo.com/product/2468,https://d134sx875xrex2.cloudfront.net/BlG7HKfg4N_h%C3%ACnh%20m%C3%B4%20t%E1%BA%A3-01.png,meta:og:image,1,200,image/png,769330,086fda233925236d2fc51ec974e7b31e7ce30b71277ad5a197a5f667425bcd82,da_tai,0,data\du_lieu_logo\anh_goc\san_pham_0263\anh_006_086fda23.png,dau_hieu_gallery=gallery|image
anh_000704,san_pham_0263,7,anh_007_88ea0017.png,data\du_lieu_logo\anh_goc\san_pham_0263\anh_007_88ea0017.png,https://hathyo.com/product/2468,https://d134sx875xrex2.cloudfront.net/39gUKUFzP7_h%C3%ACnh%20m%C3%B4%20t%E1%BA%A3-02.png,meta:og:image,1,200,image/png,511025,88ea00175611bd3e3f160e5fefdf71893402b785561f2789a215cf87cd118971,da_tai,0,data\du_lieu_logo\anh_goc\san_pham_0263\anh_007_88ea0017.png,dau_hieu_gallery=gallery|image
anh_000705,san_pham_0263,8,anh_008_7af05969.png,data\du_lieu_logo\anh_goc\san_pham_0263\anh_008_7af05969.png,https://hathyo.com/product/2468,https://d134sx875xrex2.cloudfront.net/AbwSov2WMF_h%C3%ACnh%20m%C3%B4%20t%E1%BA%A3-03.png,meta:og:image,1,200,image/png,275493,7af05969622ea4f27dae246ea9ea97652cffadacb94d56cdb3f1524cf50c7abd,da_tai,0,data\du_lieu_logo\anh_goc\san_pham_0263\anh_008_7af05969.png,dau_hieu_gallery=gallery|image
anh_000706,san_pham_0263,9,anh_009_cc206a19.png,data\du_lieu_logo\anh_goc\san_pham_0263\anh_009_cc206a19.png,https://hathyo.com/product/2468,https://d134sx875xrex2.cloudfront.net/8KJTOLThBV_h%C3%ACnh%20m%C3%B4%20t%E1%BA%A3-04.png,meta:og:image,1,200,image/png,143803,cc206a19532d54bfe736eeaefbd0471e2b84370bc6555124da4025784e7da92b,da_tai,0,data\du_lieu_logo\anh_goc\san_pham_0263\anh_009_cc206a19.png,dau_hieu_gallery=gallery|image
anh_000707,san_pham_0264,1,anh_001_2cf1c1e9.jpg,data\du_lieu_logo\anh_goc\san_pham_0264\anh_001_2cf1c1e9.jpg,https://hathyo.com/product/2469,https://d134sx875xrex2.cloudfront.net/uMbr6GdcN6_Gel%20r%E1%BB%ADa%20m%E1%BA%B7t%20tinh%20ch%E1%BA%A5t%20thi%C3%AAn%20nhi%C3%AAn%202%20in%201%20thu%E1%BA%A7n%20chay%20-Evoluderm-Ph%C3%A1p.jpg,meta:og:image,1,200,image/jpeg,804409,2cf1c1e9065a4ab0f6e943dcc7290c4ad3f3bd7fb23c1f084484708f30416e60,da_tai,0,data\du_lieu_logo\anh_goc\san_pham_0264\anh_001_2cf1c1e9.jpg,dau_hieu_gallery=gallery|image
anh_000708,san_pham_0264,2,anh_002_8c261433.jpg,data\du_lieu_logo\anh_goc\san_pham_0264\anh_002_8c261433.jpg,https://hathyo.com/product/2469,https://d134sx875xrex2.cloudfront.net/BmmNbLBPnF_H%C3%ACnh%20m%C3%B4%20t%E1%BA%A3%2001.jpg,meta:og:image,1,200,image/jpeg,1402981,8c261433e33a16028cf38759e0573488a5a08d54b7cf3d645933d6416acd2b2e,da_tai,0,data\du_lieu_logo\anh_goc\san_pham_0264\anh_002_8c261433.jpg,dau_hieu_gallery=gallery|image
anh_000709,san_pham_0264,3,anh_003_a5f872ba.jpg,data\du_lieu_logo\anh_goc\san_pham_0264\anh_003_a5f872ba.jpg,https://hathyo.com/product/2469,https://d134sx875xrex2.cloudfront.net/dIv5Rank7n_H%C3%ACnh%20m%C3%B4%20t%E1%BA%A3%202.jpg,meta:og:image,1,200,image/jpeg,853093,a5f872ba201ba9ae3123270344bca37ba1650eb38cb370a372ec4b1d07c9b111,da_tai,0,data\du_lieu_logo\anh_goc\san_pham_0264\anh_003_a5f872ba.jpg,dau_hieu_gallery=gallery|image
anh_000710,san_pham_0264,4,anh_004_3908a3ff.jpg,data\du_lieu_logo\anh_goc\san_pham_0264\anh_004_3908a3ff.jpg,https://hathyo.com/product/2469,https://d134sx875xrex2.cloudfront.net/wAG1YznjOf_H%C3%ACnh%20m%C3%B4%20t%E1%BA%A3%2003.jpg,meta:og:image,1,200,image/jpeg,946035,3908a3fff138677d1e3000a8a6383fde6fd5cc02a0f89600da947bbcd539414b,da_tai,0,data\du_lieu_logo\anh_goc\san_pham_0264\anh_004_3908a3ff.jpg,dau_hieu_gallery=gallery|image
anh_000711,san_pham_0264,5,anh_005_46c759de.jpg,data\du_lieu_logo\anh_goc\san_pham_0264\anh_005_46c759de.jpg,https://hathyo.com/product/2469,https://d134sx875xrex2.cloudfront.net/PpWMeYRRAS_H%C3%ACnh%20m%C3%B4%20t%E1%BA%A3%2004.jpg,meta:og:image,1,200,image/jpeg,706489,46c759de7e38bfd17832e25ce0d7b61902ee25aafe87cc10725a38145238b430,da_tai,0,data\du_lieu_logo\anh_goc\san_pham_0264\anh_005_46c759de.jpg,dau_hieu_gallery=gallery|image
anh_000712,san_pham_0264,6,anh_006_d4f2b5f7.png,data\du_lieu_logo\anh_goc\san_pham_0264\anh_006_d4f2b5f7.png,https://hathyo.com/product/2469,https://d134sx875xrex2.cloudfront.net/Puh9blYIOO_h%C3%ACnh%20%C4%91ai%20di%E1%BB%87n-01.png,meta:og:image,1,200,image/png,623921,d4f2b5f749ea185009e4589ae88c584943256143fcbfb911ca0e248caff2659f,da_tai,0,data\du_lieu_logo\anh_goc\san_pham_0264\anh_006_d4f2b5f7.png,dau_hieu_gallery=gallery|image
anh_000713,san_pham_0264,7,anh_007_e2989683.png,data\du_lieu_logo\anh_goc\san_pham_0264\anh_007_e2989683.png,https://hathyo.com/product/2469,https://d134sx875xrex2.cloudfront.net/ec64IS5UrU_h%C3%ACnh%20%C4%91ai%20di%E1%BB%87n-02.png,meta:og:image,1,200,image/png,1081289,e2989683a28497637cfc80404a296e5fe0f9eeaa0935d312b7278296ab19dd21,da_tai,0,data\du_lieu_logo\anh_goc\san_pham_0264\anh_007_e2989683.png,dau_hieu_gallery=gallery|image
anh_000714,san_pham_0264,8,anh_008_5d5d8b94.png,data\du_lieu_logo\anh_goc\san_pham_0264\anh_008_5d5d8b94.png,https://hathyo.com/product/2469,https://d134sx875xrex2.cloudfront.net/DnZZZgybUL_h%C3%ACnh%20%C4%91ai%20di%E1%BB%87n-03.png,meta:og:image,1,200,image/png,1210423,5d5d8b94b82c92206c597f5a818f3d517b87f2ec7d438a5d332e31057e7e3de3,da_tai,0,data\du_lieu_logo\anh_goc\san_pham_0264\anh_008_5d5d8b94.png,dau_hieu_gallery=gallery|image
anh_000715,san_pham_0264,9,anh_009_a0e6a181.png,data\du_lieu_logo\anh_goc\san_pham_0264\anh_009_a0e6a181.png,https://hathyo.com/product/2469,https://d134sx875xrex2.cloudfront.net/5aX2IS7irU_h%C3%ACnh%20%C4%91ai%20di%E1%BB%87n-04.png,meta:og:image,1,200,image/png,610029,a0e6a1818ef5b7da1f9ff9b259cfa6197df12dc963b202f4381540ea9a853f13,da_tai,0,data\du_lieu_logo\anh_goc\san_pham_0264\anh_009_a0e6a181.png,dau_hieu_gallery=gallery|image
anh_000716,san_pham_0265,1,anh_001_d398b0d4.jpg,data\du_lieu_logo\anh_goc\san_pham_0265\anh_001_d398b0d4.jpg,https://hathyo.com/product/247,https://d134sx875xrex2.cloudfront.net/I5D2MtYc6c_z7962647579870_49cdcab324cbaae51f71ee7785658cf5.jpg,meta:og:image,1,200,image/jpeg,156165,d398b0d48b010474cdbd0c36a4b6d09e9f2bf53f697b3d39e0806376d3c15b83,da_tai,0,data\du_lieu_logo\anh_goc\san_pham_0265\anh_001_d398b0d4.jpg,dau_hieu_gallery=gallery|image
anh_000717,san_pham_0265,2,anh_002_b16dc58c.jpg,data\du_lieu_logo\anh_goc\san_pham_0265\anh_002_b16dc58c.jpg,https://hathyo.com/product/247,https://d134sx875xrex2.cloudfront.net/LkWAgQ7yLl_z7962647402790_522d741670f935348558fa331cef0089.jpg,meta:og:image,1,200,image/jpeg,301170,b16dc58cd182ffc740376cf325cb99ad3087f61ec28392a5b225431ac557a064,da_tai,0,data\du_lieu_logo\anh_goc\san_pham_0265\anh_002_b16dc58c.jpg,dau_hieu_gallery=gallery|image
anh_000718,san_pham_0265,3,anh_003_9043eddc.jpg,data\du_lieu_logo\anh_goc\san_pham_0265\anh_003_9043eddc.jpg,https://hathyo.com/product/247,https://d134sx875xrex2.cloudfront.net/1wQj0NEQIV_z7962647474079_86fc1b26c4482ff630683154d74675ee.jpg,meta:og:image,1,200,image/jpeg,201525,9043eddc46593b54a4253ec93fe6abcf7c5b17aa9ed6cc46c68abc1d0492c99c,da_tai,0,data\du_lieu_logo\anh_goc\san_pham_0265\anh_003_9043eddc.jpg,dau_hieu_gallery=gallery|image
anh_000719,san_pham_0265,4,anh_004_38bae16c.jpg,data\du_lieu_logo\anh_goc\san_pham_0265\anh_004_38bae16c.jpg,https://hathyo.com/product/247,https://d134sx875xrex2.cloudfront.net/FYlgUPknZL_z7962647523069_bc8011dff69fd38ed5050b0cfc2bbd32.jpg,meta:og:image,1,200,image/jpeg,109917,38bae16c5ec26fe9760882262a397018bb35bfadc5bc3294ee4cdc1bab92280e,da_tai,0,data\du_lieu_logo\anh_goc\san_pham_0265\anh_004_38bae16c.jpg,dau_hieu_gallery=gallery|image
anh_000720,san_pham_0265,5,anh_005_93d0ba9e.jpg,data\du_lieu_logo\anh_goc\san_pham_0265\anh_005_93d0ba9e.jpg,https://hathyo.com/product/247,https://d134sx875xrex2.cloudfront.net/OHT23ZUT7i_z7973446574662_82fae6d6a5b404a426f9930ea2e5a563.jpg,meta:og:image,1,200,image/jpeg,324894,93d0ba9e804dcd1c93afe99db5ce6313557bb16e5a38203868888b32c0dacf11,da_tai,0,data\du_lieu_logo\anh_goc\san_pham_0265\anh_005_93d0ba9e.jpg,dau_hieu_gallery=gallery|image
anh_000721,san_pham_0266,1,anh_001_bb6d621b.jpg,data\du_lieu_logo\anh_goc\san_pham_0266\anh_001_bb6d621b.jpg,https://hathyo.com/product/2470,https://d134sx875xrex2.cloudfront.net/YC0kWRPEc3_N%C6%B0%E1%BB%9Bc%20hoa%20MISS%20KAY%20-BOHO-VIBES-%C3%9D.jpg,meta:og:image,1,200,image/jpeg,2189238,bb6d621baec3783454866a1db0d4e932d71e7104ada97bb3e6247f3e59bfc783,da_tai,0,data\du_lieu_logo\anh_goc\san_pham_0266\anh_001_bb6d621b.jpg,dau_hieu_gallery=gallery|image
anh_000722,san_pham_0267,1,anh_001_331310e9.jpg,data\du_lieu_logo\anh_goc\san_pham_0267\anh_001_331310e9.jpg,https://hathyo.com/product/2471,https://d134sx875xrex2.cloudfront.net/IJ4IO3UC4o_N%C6%B0%E1%BB%9Bc%20hoa%20MISS%20KAY%20-URBAN%20LOVE-%C3%9D.jpg,meta:og:image,1,200,image/jpeg,1681082,331310e91a4f0736e5ab62f1e38a9ae4a4dd7364fb9737f4134857d833834322,da_tai,0,data\du_lieu_logo\anh_goc\san_pham_0267\anh_001_331310e9.jpg,dau_hieu_gallery=gallery|image
anh_000723,san_pham_0268,1,anh_001_c1967e89.jpg,data\du_lieu_logo\anh_goc\san_pham_0268\anh_001_c1967e89.jpg,https://hathyo.com/product/2472,https://d134sx875xrex2.cloudfront.net/CINome2mYf_N%C6%B0%E1%BB%9Bc%20hoa%20MISS%20KAY%20-POOL%20PARTY-%C3%9D.jpg,meta:og:image,1,200,image/jpeg,1731766,c1967e89c588ee2ae0e59abb6c29fc692969c189b7fe9a55bba8d811566ab5f6,da_tai,0,data\du_lieu_logo\anh_goc\san_pham_0268\anh_001_c1967e89.jpg,dau_hieu_gallery=gallery|image
anh_000724,san_pham_0269,1,anh_001_570f6b59.jpg,data\du_lieu_logo\anh_goc\san_pham_0269\anh_001_570f6b59.jpg,https://hathyo.com/product/2473,https://d134sx875xrex2.cloudfront.net/hYMKL6DHeu_N%C6%B0%E1%BB%9Bc%20hoa%20MISS%20KAY%20-FIRST%20LOVE-%C3%9D.jpg,meta:og:image,1,200,image/jpeg,1506136,570f6b5989b998add87c3ec65067858520ea2df2b53b190a0a5b0377ea7decf7,da_tai,0,data\du_lieu_logo\anh_goc\san_pham_0269\anh_001_570f6b59.jpg,dau_hieu_gallery=gallery|image
anh_000725,san_pham_0270,1,anh_001_f79c9b66.jpg,data\du_lieu_logo\anh_goc\san_pham_0270\anh_001_f79c9b66.jpg,https://hathyo.com/product/2474,https://d134sx875xrex2.cloudfront.net/bhvp51YFov_N%C6%B0%E1%BB%9Bc%20hoa%20MISS%20KAY%20-SOFT%20CUDDLE-%C3%9D.jpg,meta:og:image,1,200,image/jpeg,1170702,f79c9b6645f40e8af1b341dfec8b736fbcb8a0fd260ba0171fe8ef12ecd4160b,da_tai,0,data\du_lieu_logo\anh_goc\san_pham_0270\anh_001_f79c9b66.jpg,dau_hieu_gallery=gallery|image
anh_000726,san_pham_0271,1,anh_001_3fb0ffd2.jpg,data\du_lieu_logo\anh_goc\san_pham_0271\anh_001_3fb0ffd2.jpg,https://hathyo.com/product/2475,https://d134sx875xrex2.cloudfront.net/dSENTcTzx1_Day%20dreamer.jpg,meta:og:image,1,200,image/jpeg,1402972,3fb0ffd2d48bdb32c02f8a23326115e01669a30b3bf8acb7f956c5d6f3c790d9,da_tai,0,data\du_lieu_logo\anh_goc\san_pham_0271\anh_001_3fb0ffd2.jpg,dau_hieu_gallery=gallery|image
anh_000727,san_pham_0272,1,anh_001_5c5c85e4.png,data\du_lieu_logo\anh_goc\san_pham_0272\anh_001_5c5c85e4.png,https://hathyo.com/product/2476,https://d134sx875xrex2.cloudfront.net/NOXo505LHs_Wild%20flower.png,meta:og:image,1,200,image/png,389699,5c5c85e495361011857dc360be80409b812717bd194381990ff213009ea331e5,da_tai,0,data\du_lieu_logo\anh_goc\san_pham_0272\anh_001_5c5c85e4.png,dau_hieu_gallery=gallery|image
anh_000728,san_pham_0273,1,anh_001_826c64fb.png,data\du_lieu_logo\anh_goc\san_pham_0273\anh_001_826c64fb.png,https://hathyo.com/product/2477,https://d134sx875xrex2.cloudfront.net/t0sG22tbLv_aloha.png,meta:og:image,1,200,image/png,409851,826c64fb28b2a76a985fc4bc50d32ee628685fceee35b33e5a22cce01a76af9b,da_tai,0,data\du_lieu_logo\anh_goc\san_pham_0273\anh_001_826c64fb.png,dau_hieu_gallery=gallery|image
anh_000729,san_pham_0274,1,anh_001_0b3d0ad7.png,data\du_lieu_logo\anh_goc\san_pham_0274\anh_001_0b3d0ad7.png,https://hathyo.com/product/2478,https://d134sx875xrex2.cloudfront.net/nb81bi9AsZ_bule.png,meta:og:image,1,200,image/png,302531,0b3d0ad75fa8d1ed446c3874a81c6c54cd73e328954efa84964b19c4f2ecf2c8,da_tai,0,data\du_lieu_logo\anh_goc\san_pham_0274\anh_001_0b3d0ad7.png,dau_hieu_gallery=gallery|image
anh_000730,san_pham_0275,1,anh_001_a8d27230.png,data\du_lieu_logo\anh_goc\san_pham_0275\anh_001_a8d27230.png,https://hathyo.com/product/2479,https://d134sx875xrex2.cloudfront.net/1UbRdxIHku_double.png,meta:og:image,1,200,image/png,380378,a8d27230ab5cebac4bb2b339ec16c3ee6dbeb5980efd29fe14e0483a26fa2383,da_tai,0,data\du_lieu_logo\anh_goc\san_pham_0275\anh_001_a8d27230.png,dau_hieu_gallery=gallery|image
anh_000731,san_pham_0275,2,anh_002_5a698065.png,data\du_lieu_logo\anh_goc\san_pham_0275\anh_002_5a698065.png,https://hathyo.com/product/2479,https://d134sx875xrex2.cloudfront.net/ZMW5KbKMBE_Gemini_Generated_Image_8kmvi18kmvi18kmv.png,meta:og:image,1,200,image/png,2087197,5a698065d5d3cc638c5e59eba073c5c41d10ddb7d190142a2c5432abaf1aad5e,da_tai,0,data\du_lieu_logo\anh_goc\san_pham_0275\anh_002_5a698065.png,dau_hieu_gallery=gallery|image
anh_000732,san_pham_0275,3,anh_003_2dc9684d.png,data\du_lieu_logo\anh_goc\san_pham_0275\anh_003_2dc9684d.png,https://hathyo.com/product/2479,https://d134sx875xrex2.cloudfront.net/QsREIWQu2I_Gemini_Generated_Image_dgw5a1dgw5a1dgw5.png,meta:og:image,1,200,image/png,1724113,2dc9684dfe1a37db1621b143d95c6ce5357195748f5f84fb35fa2c9cbc54e303,da_tai,0,data\du_lieu_logo\anh_goc\san_pham_0275\anh_003_2dc9684d.png,dau_hieu_gallery=gallery|image
anh_000733,san_pham_0276,1,anh_001_f106818a.jpg,data\du_lieu_logo\anh_goc\san_pham_0276\anh_001_f106818a.jpg,https://hathyo.com/product/248,https://d134sx875xrex2.cloudfront.net/jWgwUbHCHP_z7962658163887_ff08c6f985eb60370f30770a48ec541e.jpg,meta:og:image,1,200,image/jpeg,67528,f106818a360634aa198b3dc983da4cc8b16335c8608d4431f8fa91d960987923,da_tai,0,data\du_lieu_logo\anh_goc\san_pham_0276\anh_001_f106818a.jpg,dau_hieu_gallery=gallery|image
anh_000734,san_pham_0276,2,anh_002_ee9a8362.jpg,data\du_lieu_logo\anh_goc\san_pham_0276\anh_002_ee9a8362.jpg,https://hathyo.com/product/248,https://d134sx875xrex2.cloudfront.net/9d4lmfvehV_z7962658035372_49bc1bb9870762c591b40854b155dcc9.jpg,meta:og:image,1,200,image/jpeg,42855,ee9a8362e771ec2d6e3c9282f884d83fc176ffc44068d9377b3566f1a205f866,da_tai,0,data\du_lieu_logo\anh_goc\san_pham_0276\anh_002_ee9a8362.jpg,dau_hieu_gallery=gallery|image
anh_000735,san_pham_0276,3,anh_003_3ace71fd.jpg,data\du_lieu_logo\anh_goc\san_pham_0276\anh_003_3ace71fd.jpg,https://hathyo.com/product/248,https://d134sx875xrex2.cloudfront.net/DtvupRxyUM_z7962658085015_b9de952254e9740a3f8ae81108c31cc7.jpg,meta:og:image,1,200,image/jpeg,54116,3ace71fd5c31c7c9372a37558183dec89ce2bf02113b4e194776e71b6c6d3577,da_tai,0,data\du_lieu_logo\anh_goc\san_pham_0276\anh_003_3ace71fd.jpg,dau_hieu_gallery=gallery|image
anh_000736,san_pham_0276,4,anh_004_21c08690.jpg,data\du_lieu_logo\anh_goc\san_pham_0276\anh_004_21c08690.jpg,https://hathyo.com/product/248,https://d134sx875xrex2.cloudfront.net/OFi1ZDvdcx_z7962657981963_767aab10687c9f780b267c76cfb338d9.jpg,meta:og:image,1,200,image/jpeg,41325,21c086900dbd7b9f744ca06fb55aeb0ccc07ea05f836e4ecfd869d37969e91f5,da_tai,0,data\du_lieu_logo\anh_goc\san_pham_0276\anh_004_21c08690.jpg,dau_hieu_gallery=gallery|image
anh_000737,san_pham_0277,1,anh_001_82e295ab.jpg,data\du_lieu_logo\anh_goc\san_pham_0277\anh_001_82e295ab.jpg,https://hathyo.com/product/2480,https://d134sx875xrex2.cloudfront.net/SOuRgdyYX0_H%E1%BB%99p%20tr%C3%A0%20t%C3%B4m%20n%C3%B5n%202.jpg,meta:og:image,1,200,image/jpeg,5928404,82e295ab9405287d46fabbb8a11b1c9034eea0049390f59db6209c1ff8221a20,da_tai,0,data\du_lieu_logo\anh_goc\san_pham_0277\anh_001_82e295ab.jpg,dau_hieu_gallery=gallery|image
anh_000738,san_pham_0277,2,anh_002_54bc5943.jpg,data\du_lieu_logo\anh_goc\san_pham_0277\anh_002_54bc5943.jpg,https://hathyo.com/product/2480,https://d134sx875xrex2.cloudfront.net/H3KyuKjxGG_33.jpg,meta:og:image,1,200,image/jpeg,512959,54bc5943c88b89d93926ebeadcdc2fd89512bbc8ac7ba4e88e44fad48b827231,da_tai,0,data\du_lieu_logo\anh_goc\san_pham_0277\anh_002_54bc5943.jpg,dau_hieu_gallery=gallery|image
anh_000739,san_pham_0277,3,anh_003_71847923.jpg,data\du_lieu_logo\anh_goc\san_pham_0277\anh_003_71847923.jpg,https://hathyo.com/product/2480,https://d134sx875xrex2.cloudfront.net/8egSHtr3Ph_34.jpg,meta:og:image,1,200,image/jpeg,603480,71847923e80504dd4a867f45764afa997b719241275af51e4330005dc6239b5a,da_tai,0,data\du_lieu_logo\anh_goc\san_pham_0277\anh_003_71847923.jpg,dau_hieu_gallery=gallery|image
anh_000740,san_pham_0277,4,anh_004_67b60e04.jpg,data\du_lieu_logo\anh_goc\san_pham_0277\anh_004_67b60e04.jpg,https://hathyo.com/product/2480,https://d134sx875xrex2.cloudfront.net/4ZZnl7FNqT_35.jpg,meta:og:image,1,200,image/jpeg,504883,67b60e047206d5e2c08de4e3324ae6f76fdf3d858ff33985bcf075228708abe4,da_tai,0,data\du_lieu_logo\anh_goc\san_pham_0277\anh_004_67b60e04.jpg,dau_hieu_gallery=gallery|image
anh_000741,san_pham_0277,5,anh_005_792683f8.jpg,data\du_lieu_logo\anh_goc\san_pham_0277\anh_005_792683f8.jpg,https://hathyo.com/product/2480,https://d134sx875xrex2.cloudfront.net/5odrpTaCUU_36.jpg,meta:og:image,1,200,image/jpeg,516946,792683f85ea649c6ee3201cb1b0e0d126bb11b6198f289b7d79b359061bfc921,da_tai,0,data\du_lieu_logo\anh_goc\san_pham_0277\anh_005_792683f8.jpg,dau_hieu_gallery=gallery|image
anh_000742,san_pham_0277,6,anh_006_5ef8c7fb.jpg,data\du_lieu_logo\anh_goc\san_pham_0277\anh_006_5ef8c7fb.jpg,https://hathyo.com/product/2480,https://d134sx875xrex2.cloudfront.net/C9uqq69Fzr_37.jpg,meta:og:image,1,200,image/jpeg,487984,5ef8c7fb8103cadf6dfa81a582f56035224e293f0d8c8b9b5c7438bfddc553ca,da_tai,0,data\du_lieu_logo\anh_goc\san_pham_0277\anh_006_5ef8c7fb.jpg,dau_hieu_gallery=gallery|image
anh_000743,san_pham_0277,7,,,https://hathyo.com/product/2480,https://d134sx875xrex2.cloudfront.net/JuiYwy77rw_UYEN%20NHI%20h%C3%A1i%20tr%C3%A0%20t%E1%BA%A1i%20Th%C3%A1i%20Nguy%C3%AAn.jpg,meta:og:image,1,200,image/jpeg,201024,1c04212ff8c56d683bd7139fd0b1a92ccd000e99b825865fd4db32f65982408b,trung_sha256,1,data\du_lieu_logo\anh_goc\san_pham_0245\anh_003_1c04212f.jpg,dau_hieu_gallery=gallery|image
anh_000744,san_pham_0278,1,anh_001_38040c8d.jpg,data\du_lieu_logo\anh_goc\san_pham_0278\anh_001_38040c8d.jpg,https://hathyo.com/product/2481,https://d134sx875xrex2.cloudfront.net/BYbHa61HaY_1783308287090_653245875751849672_g2077961033740246286_24732048918bf5a02dc46f145d826aad.jpg,meta:og:image,1,200,image/jpeg,291370,38040c8d6a7a536732fd06bbd3a1760b10aca747655558d08524d5ce1c59d571,da_tai,0,data\du_lieu_logo\anh_goc\san_pham_0278\anh_001_38040c8d.jpg,dau_hieu_gallery=gallery|image
anh_000745,san_pham_0278,2,anh_002_5f013a50.jpg,data\du_lieu_logo\anh_goc\san_pham_0278\anh_002_5f013a50.jpg,https://hathyo.com/product/2481,https://d134sx875xrex2.cloudfront.net/WMCof11jkW_1783308287121_653245875751849672_g2077961033740246286_2f98d7e7b3b75d4c823aec98065d0165.jpg,meta:og:image,1,200,image/jpeg,223002,5f013a505dfde90b294c9fe927e2c2b7dbffaa66a9184fdff6642375ea237886,da_tai,0,data\du_lieu_logo\anh_goc\san_pham_0278\anh_002_5f013a50.jpg,dau_hieu_gallery=gallery|image
anh_000746,san_pham_0279,1,anh_001_862d2dcc.jpg,data\du_lieu_logo\anh_goc\san_pham_0279\anh_001_862d2dcc.jpg,https://hathyo.com/product/2482,https://d134sx875xrex2.cloudfront.net/vVFbnBV1QH_1783308252998_653245875751849672_g2077961033740246286_d922a5733fcb6e404b7b55c29ea890d0.jpg,meta:og:image,1,200,image/jpeg,250020,862d2dcca1307e19099f03705d659a1b38399f65cb47b15a70b1ff5914536c5e,da_tai,0,data\du_lieu_logo\anh_goc\san_pham_0279\anh_001_862d2dcc.jpg,dau_hieu_gallery=gallery|image
anh_000747,san_pham_0279,2,anh_002_f3b2e08e.jpg,data\du_lieu_logo\anh_goc\san_pham_0279\anh_002_f3b2e08e.jpg,https://hathyo.com/product/2482,https://d134sx875xrex2.cloudfront.net/BxhsfwFNLu_1783308253030_653245875751849672_g2077961033740246286_a644145ffcf7eee81de0b901bd42f440.jpg,meta:og:image,1,200,image/jpeg,253820,f3b2e08e3f1464ba0321d151fa4b2f7637e322e476a83ac15aaa72ab46199fb5,da_tai,0,data\du_lieu_logo\anh_goc\san_pham_0279\anh_002_f3b2e08e.jpg,dau_hieu_gallery=gallery|image
anh_000748,san_pham_0280,1,anh_001_32ba5fe3.jpg,data\du_lieu_logo\anh_goc\san_pham_0280\anh_001_32ba5fe3.jpg,https://hathyo.com/product/2483,https://d134sx875xrex2.cloudfront.net/sQ0Ab3ap8A_1783308204113_653245875751849672_g2077961033740246286_ccb60afc308d8e656f53a3e947f48e6c.jpg,meta:og:image,1,200,image/jpeg,258899,32ba5fe3841236de83fec6a8610292d23d22254627a1d32a515ddc4c0e8bc95f,da_tai,0,data\du_lieu_logo\anh_goc\san_pham_0280\anh_001_32ba5fe3.jpg,dau_hieu_gallery=gallery|image
anh_000749,san_pham_0280,2,anh_002_e8677de5.jpg,data\du_lieu_logo\anh_goc\san_pham_0280\anh_002_e8677de5.jpg,https://hathyo.com/product/2483,https://d134sx875xrex2.cloudfront.net/Hyk3IXSlQX_1783308204145_653245875751849672_g2077961033740246286_b8ed8af71dfe5977a1332355355426ba.jpg,meta:og:image,1,200,image/jpeg,278549,e8677de5164f06f133a67c9d2248031a95a2b6c96b11e188021da2ad21e5d9d7,da_tai,0,data\du_lieu_logo\anh_goc\san_pham_0280\anh_002_e8677de5.jpg,dau_hieu_gallery=gallery|image
anh_000750,san_pham_0281,1,anh_001_af1e3c81.jpg,data\du_lieu_logo\anh_goc\san_pham_0281\anh_001_af1e3c81.jpg,https://hathyo.com/product/249,https://d134sx875xrex2.cloudfront.net/FofoPbFBBP_z7962663893284_8709730eae643edc87d04dd4e7aa86c1.jpg,meta:og:image,1,200,image/jpeg,26607,af1e3c81447644899862b2e84629fcf8432602074d1bd90712edaf71d46d18db,da_tai,0,data\du_lieu_logo\anh_goc\san_pham_0281\anh_001_af1e3c81.jpg,dau_hieu_gallery=gallery|image
anh_000751,san_pham_0281,2,anh_002_3924dc1b.jpg,data\du_lieu_logo\anh_goc\san_pham_0281\anh_002_3924dc1b.jpg,https://hathyo.com/product/249,https://d134sx875xrex2.cloudfront.net/0GMQ3Gink7_z7962663789752_22ce7d059d95aa84da847984c1a71563.jpg,meta:og:image,1,200,image/jpeg,59700,3924dc1ba92a0353360ceae4d4499d20402c6b05dc6b8e4e83ec765c79427191,da_tai,0,data\du_lieu_logo\anh_goc\san_pham_0281\anh_002_3924dc1b.jpg,dau_hieu_gallery=gallery|image
anh_000752,san_pham_0281,3,anh_003_629fecf5.jpg,data\du_lieu_logo\anh_goc\san_pham_0281\anh_003_629fecf5.jpg,https://hathyo.com/product/249,https://d134sx875xrex2.cloudfront.net/vHln9Oztuq_z7962663839932_031fa324de0a2ec7548d8c48207b806f.jpg,meta:og:image,1,200,image/jpeg,41751,629fecf5206cfb9d9489fc235f617c44f17f2807ca061e5230b2f14a64f59ff3,da_tai,0,data\du_lieu_logo\anh_goc\san_pham_0281\anh_003_629fecf5.jpg,dau_hieu_gallery=gallery|image
anh_000753,san_pham_0281,4,,,https://hathyo.com/product/249,https://d134sx875xrex2.cloudfront.net/IIKCJDgPu7_z7962663977847_ff4a4407f20a81ea4968099c7258c0f3.jpg,meta:og:image,1,200,image/jpeg,59700,3924dc1ba92a0353360ceae4d4499d20402c6b05dc6b8e4e83ec765c79427191,trung_sha256,1,data\du_lieu_logo\anh_goc\san_pham_0281\anh_002_3924dc1b.jpg,dau_hieu_gallery=gallery|image
anh_000754,san_pham_0281,5,,,https://hathyo.com/product/249,https://d134sx875xrex2.cloudfront.net/9GTMjAk6zX_z7973446574662_82fae6d6a5b404a426f9930ea2e5a563.jpg,meta:og:image,1,200,image/jpeg,324894,93d0ba9e804dcd1c93afe99db5ce6313557bb16e5a38203868888b32c0dacf11,trung_sha256,1,data\du_lieu_logo\anh_goc\san_pham_0265\anh_005_93d0ba9e.jpg,dau_hieu_gallery=gallery|image
anh_000755,san_pham_0282,1,anh_001_cfd1fcbd.jpg,data\du_lieu_logo\anh_goc\san_pham_0282\anh_001_cfd1fcbd.jpg,https://hathyo.com/product/250,https://d134sx875xrex2.cloudfront.net/AsdZExTLfY_z7962668950805_f1ca63d2499246dada088c91b69c9d45.jpg,meta:og:image,1,200,image/jpeg,230064,cfd1fcbdcfcf064fd01c6beca4e55e602f3aea0f5843bc9b72e6cbd2f80c8873,da_tai,0,data\du_lieu_logo\anh_goc\san_pham_0282\anh_001_cfd1fcbd.jpg,dau_hieu_gallery=gallery|image
anh_000756,san_pham_0282,2,anh_002_d83f3fe8.jpg,data\du_lieu_logo\anh_goc\san_pham_0282\anh_002_d83f3fe8.jpg,https://hathyo.com/product/250,https://d134sx875xrex2.cloudfront.net/vqGrLmyFTx_z7962668878265_0d864bb7ee345affc858b098872b7f3c.jpg,meta:og:image,1,200,image/jpeg,209232,d83f3fe81cb827ca66105558f536180e9aea7fd01c7c3180216b08d5af350673,da_tai,0,data\du_lieu_logo\anh_goc\san_pham_0282\anh_002_d83f3fe8.jpg,dau_hieu_gallery=gallery|image
anh_000757,san_pham_0282,3,anh_003_13d0d77e.jpg,data\du_lieu_logo\anh_goc\san_pham_0282\anh_003_13d0d77e.jpg,https://hathyo.com/product/250,https://d134sx875xrex2.cloudfront.net/XHUWF9mqYK_z7962669024146_b6cf4230b82b95e1ededcd6c10fc61ce.jpg,meta:og:image,1,200,image/jpeg,55018,13d0d77eac2d3167c446751944b4348063b1b07e7802ceffb080ace48ae9057d,da_tai,0,data\du_lieu_logo\anh_goc\san_pham_0282\anh_003_13d0d77e.jpg,dau_hieu_gallery=gallery|image
anh_000758,san_pham_0282,4,anh_004_1abe27a8.jpg,data\du_lieu_logo\anh_goc\san_pham_0282\anh_004_1abe27a8.jpg,https://hathyo.com/product/250,https://d134sx875xrex2.cloudfront.net/QIf4LBLegw_z7973453089695_8adec2bb48b573e46e08dde2379a0033.jpg,meta:og:image,1,200,image/jpeg,323786,1abe27a8977c24cf1594030fe7ce4f50185cf33a7a375a70589cc97702336623,da_tai,0,data\du_lieu_logo\anh_goc\san_pham_0282\anh_004_1abe27a8.jpg,dau_hieu_gallery=gallery|image
anh_000759,san_pham_0283,1,anh_001_c97b31f6.jpg,data\du_lieu_logo\anh_goc\san_pham_0283\anh_001_c97b31f6.jpg,https://hathyo.com/product/251,https://d134sx875xrex2.cloudfront.net/MbkjW31M03_z7962673751417_53077ef0f84c26690515284c89e72de7.jpg,meta:og:image,1,200,image/jpeg,137350,c97b31f6e57349e45daaf99b012345cde4cacc2049348c32970a3fbf354a1445,da_tai,0,data\du_lieu_logo\anh_goc\san_pham_0283\anh_001_c97b31f6.jpg,dau_hieu_gallery=gallery|image
anh_000760,san_pham_0283,2,anh_002_9044e9c7.jpg,data\du_lieu_logo\anh_goc\san_pham_0283\anh_002_9044e9c7.jpg,https://hathyo.com/product/251,https://d134sx875xrex2.cloudfront.net/3ZQ2Wdrl5y_z7962673681035_d91955a046fdf21c6361feda4a3f183a.jpg,meta:og:image,1,200,image/jpeg,117020,9044e9c7efc10af45430075169db61da6f502a9f1ed9a4e61faa8ebffb0317cb,da_tai,0,data\du_lieu_logo\anh_goc\san_pham_0283\anh_002_9044e9c7.jpg,dau_hieu_gallery=gallery|image
anh_000761,san_pham_0283,3,anh_003_7ce94ef1.jpg,data\du_lieu_logo\anh_goc\san_pham_0283\anh_003_7ce94ef1.jpg,https://hathyo.com/product/251,https://d134sx875xrex2.cloudfront.net/jlxcIqXxBD_z7962673807094_62e67a13ee058e43edc0c0a51f9948db.jpg,meta:og:image,1,200,image/jpeg,70624,7ce94ef19156d88fea493450a19453f1a2562fe2ac909b10a1028a28ec02c8f8,da_tai,0,data\du_lieu_logo\anh_goc\san_pham_0283\anh_003_7ce94ef1.jpg,dau_hieu_gallery=gallery|image
anh_000762,san_pham_0283,4,anh_004_07f16d6e.jpg,data\du_lieu_logo\anh_goc\san_pham_0283\anh_004_07f16d6e.jpg,https://hathyo.com/product/251,https://d134sx875xrex2.cloudfront.net/L9ca9WJA5s_z7962673875498_11e5fb053b8e69870a76e3ecb6232607.jpg,meta:og:image,1,200,image/jpeg,35727,07f16d6eaed4bfe8e5dd69cb4dd490fa3f8f7a1c575d6680dfccfe8fca592dc9,da_tai,0,data\du_lieu_logo\anh_goc\san_pham_0283\anh_004_07f16d6e.jpg,dau_hieu_gallery=gallery|image
anh_000763,san_pham_0283,5,anh_005_0f8aa9e0.jpg,data\du_lieu_logo\anh_goc\san_pham_0283\anh_005_0f8aa9e0.jpg,https://hathyo.com/product/251,https://d134sx875xrex2.cloudfront.net/JZ5huQWZMV_z7962673948675_879976ccd2bf14989789cd3bb652c9d0.jpg,meta:og:image,1,200,image/jpeg,43222,0f8aa9e0378e49f88b74f729f3d7f290835d3cc0b6cac2087e2eef7892544cbc,da_tai,0,data\du_lieu_logo\anh_goc\san_pham_0283\anh_005_0f8aa9e0.jpg,dau_hieu_gallery=gallery|image
anh_000764,san_pham_0283,6,anh_006_b6122aa9.jpg,data\du_lieu_logo\anh_goc\san_pham_0283\anh_006_b6122aa9.jpg,https://hathyo.com/product/251,https://d134sx875xrex2.cloudfront.net/9Umx3dW4kD_z7973520709966_bcaee05b89d5404943672a2ff87d52ce.jpg,meta:og:image,1,200,image/jpeg,294123,b6122aa91f39b1d0364cd92a0d966ae703ab0afbb15f6f8edccb8b81ef4e0573,da_tai,0,data\du_lieu_logo\anh_goc\san_pham_0283\anh_006_b6122aa9.jpg,dau_hieu_gallery=gallery|image
anh_000765,san_pham_0284,1,anh_001_c85fb218.jpg,data\du_lieu_logo\anh_goc\san_pham_0284\anh_001_c85fb218.jpg,https://hathyo.com/product/252,https://d134sx875xrex2.cloudfront.net/19TY8XE57z_z7962685289613_c19ebeb4cab9a8a710519bd74893d9fb.jpg,meta:og:image,1,200,image/jpeg,194744,c85fb2183457fa4a0542fa70761fb80b6b567488b448345466a9c4fe2fb86fd5,da_tai,0,data\du_lieu_logo\anh_goc\san_pham_0284\anh_001_c85fb218.jpg,dau_hieu_gallery=gallery|image
anh_000766,san_pham_0284,2,anh_002_b96d278f.jpg,data\du_lieu_logo\anh_goc\san_pham_0284\anh_002_b96d278f.jpg,https://hathyo.com/product/252,https://d134sx875xrex2.cloudfront.net/6t7yGGNmf6_z7962685217768_fc1660e2bd82bed95ba13970ee6046e3.jpg,meta:og:image,1,200,image/jpeg,196903,b96d278f64b5b92f3f5d30e752b2795411b2a79fe5b1fcc82defb4d460b962a9,da_tai,0,data\du_lieu_logo\anh_goc\san_pham_0284\anh_002_b96d278f.jpg,dau_hieu_gallery=gallery|image
anh_000767,san_pham_0284,3,anh_003_484fe8b8.jpg,data\du_lieu_logo\anh_goc\san_pham_0284\anh_003_484fe8b8.jpg,https://hathyo.com/product/252,https://d134sx875xrex2.cloudfront.net/fajywu8P9a_z7962685380623_c1f7abcc7892eaef4f11aa13ec137626.jpg,meta:og:image,1,200,image/jpeg,192021,484fe8b8874b66f98b84f4e008c27143e5fc25e3b402bda6b570e3065b40e20b,da_tai,0,data\du_lieu_logo\anh_goc\san_pham_0284\anh_003_484fe8b8.jpg,dau_hieu_gallery=gallery|image
anh_000768,san_pham_0284,4,anh_004_d79921e1.jpg,data\du_lieu_logo\anh_goc\san_pham_0284\anh_004_d79921e1.jpg,https://hathyo.com/product/252,https://d134sx875xrex2.cloudfront.net/sQVIb6mbqs_z7973444024022_3cdea75cbaaea8f6874224738677f731.jpg,meta:og:image,1,200,image/jpeg,55195,d79921e15af71c360800efd087e06d319269353ca612c36f6b6a836996b80092,da_tai,0,data\du_lieu_logo\anh_goc\san_pham_0284\anh_004_d79921e1.jpg,dau_hieu_gallery=gallery|image
anh_000769,san_pham_0285,1,anh_001_125f4f38.jpg,data\du_lieu_logo\anh_goc\san_pham_0285\anh_001_125f4f38.jpg,https://hathyo.com/product/253,https://d134sx875xrex2.cloudfront.net/JpkCUgaZ7I_z7962689719302_cd2905d674ad1b2cd0b2fd48d31ea81c.jpg,meta:og:image,1,200,image/jpeg,217559,125f4f3802a2742a7988ec7a07ece8fdb858752b70ed0aabab29be3e7fbf4a0c,da_tai,0,data\du_lieu_logo\anh_goc\san_pham_0285\anh_001_125f4f38.jpg,dau_hieu_gallery=gallery|image
anh_000770,san_pham_0285,2,anh_002_a2fd58f7.jpg,data\du_lieu_logo\anh_goc\san_pham_0285\anh_002_a2fd58f7.jpg,https://hathyo.com/product/253,https://d134sx875xrex2.cloudfront.net/2GxiRoCKjx_z7962689700700_ed3b64cbfeb44372bb3e76b1366f0273.jpg,meta:og:image,1,200,image/jpeg,289841,a2fd58f784231bcb0a2fddb3753bc9e8e0c2b1531321f5c70ff1fe73d26482dc,da_tai,0,data\du_lieu_logo\anh_goc\san_pham_0285\anh_002_a2fd58f7.jpg,dau_hieu_gallery=gallery|image
anh_000771,san_pham_0285,3,anh_003_87e7a4e5.jpg,data\du_lieu_logo\anh_goc\san_pham_0285\anh_003_87e7a4e5.jpg,https://hathyo.com/product/253,https://d134sx875xrex2.cloudfront.net/77d5qx4dSn_z7962689706394_9ebe7d070d195975ecced8883a6c8499.jpg,meta:og:image,1,200,image/jpeg,151745,87e7a4e5d9262b3cf4744af54aeb25fc44a007d9e22f76b48779570c7a7a1ea1,da_tai,0,data\du_lieu_logo\anh_goc\san_pham_0285\anh_003_87e7a4e5.jpg,dau_hieu_gallery=gallery|image
anh_000772,san_pham_0285,4,anh_004_5c7a80c3.jpg,data\du_lieu_logo\anh_goc\san_pham_0285\anh_004_5c7a80c3.jpg,https://hathyo.com/product/253,https://d134sx875xrex2.cloudfront.net/4rOMhdfV7f_z7962689721674_79bda11fad7587bf495eb8794afc4943.jpg,meta:og:image,1,200,image/jpeg,307195,5c7a80c3bbc3a8a3ea781fabb009d9ad241cf2fe6281e0c1081743cb5d24fcaa,da_tai,0,data\du_lieu_logo\anh_goc\san_pham_0285\anh_004_5c7a80c3.jpg,dau_hieu_gallery=gallery|image
anh_000773,san_pham_0285,5,anh_005_bbd533a4.jpg,data\du_lieu_logo\anh_goc\san_pham_0285\anh_005_bbd533a4.jpg,https://hathyo.com/product/253,https://d134sx875xrex2.cloudfront.net/3xUa3UNLFj_z7973531008146_f377fe99fe111c260c783bfc284e1c21.jpg,meta:og:image,1,200,image/jpeg,349259,bbd533a40ebdf06b06f8c9cd0e613541a084f6c250f347ffa289850fb9b4c676,da_tai,0,data\du_lieu_logo\anh_goc\san_pham_0285\anh_005_bbd533a4.jpg,dau_hieu_gallery=gallery|image
anh_000774,san_pham_0286,1,anh_001_4764a2e6.jpg,data\du_lieu_logo\anh_goc\san_pham_0286\anh_001_4764a2e6.jpg,https://hathyo.com/product/254,https://d134sx875xrex2.cloudfront.net/2esavtcorp_z7962692355986_28798f5f5278d1aa08163edc25516faa.jpg,meta:og:image,1,200,image/jpeg,94028,4764a2e658ddc4af12404ea8eccd4b3c2215183384cb1aa1d80ca78a22bc6647,da_tai,0,data\du_lieu_logo\anh_goc\san_pham_0286\anh_001_4764a2e6.jpg,dau_hieu_gallery=gallery|image
anh_000775,san_pham_0286,2,anh_002_6037c74a.jpg,data\du_lieu_logo\anh_goc\san_pham_0286\anh_002_6037c74a.jpg,https://hathyo.com/product/254,https://d134sx875xrex2.cloudfront.net/MWDSYqMEcg_z7962692351046_1538673140ea8fe97507b54e602d4781.jpg,meta:og:image,1,200,image/jpeg,91137,6037c74a575a2dbb915099d8b3d860e18c0c3434fc51ccef9fce09ce2e8d1187,da_tai,0,data\du_lieu_logo\anh_goc\san_pham_0286\anh_002_6037c74a.jpg,dau_hieu_gallery=gallery|image
anh_000776,san_pham_0286,3,anh_003_a5e97509.jpg,data\du_lieu_logo\anh_goc\san_pham_0286\anh_003_a5e97509.jpg,https://hathyo.com/product/254,https://d134sx875xrex2.cloudfront.net/Bm2thB4eWu_z7962692339712_3b16494f6fc06bf62b24296043cbc2e0.jpg,meta:og:image,1,200,image/jpeg,130555,a5e97509a67e4f76f57f2c763d161a9c2c90309bab95541e9793d8a5b06d5dbe,da_tai,0,data\du_lieu_logo\anh_goc\san_pham_0286\anh_003_a5e97509.jpg,dau_hieu_gallery=gallery|image
anh_000777,san_pham_0286,4,anh_004_f1365a1e.jpg,data\du_lieu_logo\anh_goc\san_pham_0286\anh_004_f1365a1e.jpg,https://hathyo.com/product/254,https://d134sx875xrex2.cloudfront.net/63FaAPySOC_z7973454636773_f316a4fbeae3784481653e0ce86c1c37.jpg,meta:og:image,1,200,image/jpeg,420413,f1365a1eed3c54b33a394f2ab3d99f97d3a77dfe739ae1412c817baafde5df5e,da_tai,0,data\du_lieu_logo\anh_goc\san_pham_0286\anh_004_f1365a1e.jpg,dau_hieu_gallery=gallery|image
anh_000778,san_pham_0287,1,anh_001_1c3907b2.jpg,data\du_lieu_logo\anh_goc\san_pham_0287\anh_001_1c3907b2.jpg,https://hathyo.com/product/255,https://d134sx875xrex2.cloudfront.net/w8qBwtacFS_z7962696784845_f298b7d0db8b41f97904f002f2240c64.jpg,meta:og:image,1,200,image/jpeg,273927,1c3907b2ab55f063dab8c2f527f9bd69fe496e1dc487eda79bd32a3618684efe,da_tai,0,data\du_lieu_logo\anh_goc\san_pham_0287\anh_001_1c3907b2.jpg,dau_hieu_gallery=gallery|image
anh_000779,san_pham_0287,2,anh_002_88362677.jpg,data\du_lieu_logo\anh_goc\san_pham_0287\anh_002_88362677.jpg,https://hathyo.com/product/255,https://d134sx875xrex2.cloudfront.net/nkVx9zK9hN_z7962697203595_b90b5aa76d496afc2d42fd2d7e087bcc.jpg,meta:og:image,1,200,image/jpeg,42370,8836267772a6ec188c54799f7b42711250ef444373ce65e271a22826e0a6f328,da_tai,0,data\du_lieu_logo\anh_goc\san_pham_0287\anh_002_88362677.jpg,dau_hieu_gallery=gallery|image
anh_000780,san_pham_0287,3,anh_003_28f8fe48.jpg,data\du_lieu_logo\anh_goc\san_pham_0287\anh_003_28f8fe48.jpg,https://hathyo.com/product/255,https://d134sx875xrex2.cloudfront.net/6rrXK0dpDJ_z7973519129772_6b081d5502b0623fad06f9fd0fa77adf.jpg,meta:og:image,1,200,image/jpeg,408646,28f8fe481a87b50a33be00724e4e4bae277f75b81f4174bcf8139707df4c7651,da_tai,0,data\du_lieu_logo\anh_goc\san_pham_0287\anh_003_28f8fe48.jpg,dau_hieu_gallery=gallery|image
anh_000781,san_pham_0288,1,anh_001_e7aac1c9.jpg,data\du_lieu_logo\anh_goc\san_pham_0288\anh_001_e7aac1c9.jpg,https://hathyo.com/product/256,https://d134sx875xrex2.cloudfront.net/wjKf0hT5LF_z7962700053459_a20f1fb125e4f9f21031e309d322061b.jpg,meta:og:image,1,200,image/jpeg,90029,e7aac1c979654073d33c3c751a803a1512fe209445e6e2d4a2df34102220f389,da_tai,0,data\du_lieu_logo\anh_goc\san_pham_0288\anh_001_e7aac1c9.jpg,dau_hieu_gallery=gallery|image
anh_000782,san_pham_0288,2,anh_002_c75698a8.jpg,data\du_lieu_logo\anh_goc\san_pham_0288\anh_002_c75698a8.jpg,https://hathyo.com/product/256,https://d134sx875xrex2.cloudfront.net/UP6mZdPdyY_z7962699769328_1af276bf51d66b1e5f8d11e24e196bfc.jpg,meta:og:image,1,200,image/jpeg,121861,c75698a8c7c677e0db5c02ddae026ce1c279bb234609f64f5bee1b64380dde23,da_tai,0,data\du_lieu_logo\anh_goc\san_pham_0288\anh_002_c75698a8.jpg,dau_hieu_gallery=gallery|image
anh_000783,san_pham_0288,3,anh_003_8e4f2667.jpg,data\du_lieu_logo\anh_goc\san_pham_0288\anh_003_8e4f2667.jpg,https://hathyo.com/product/256,https://d134sx875xrex2.cloudfront.net/WCuHTE82mj_z7962699978506_cb2c9fe323028e094bb320ee238c40b5.jpg,meta:og:image,1,200,image/jpeg,176774,8e4f266788a074b852a6c1da7216473aeb50e621370089a0ed96b11175d2b174,da_tai,0,data\du_lieu_logo\anh_goc\san_pham_0288\anh_003_8e4f2667.jpg,dau_hieu_gallery=gallery|image
anh_000784,san_pham_0288,4,anh_004_70053870.jpg,data\du_lieu_logo\anh_goc\san_pham_0288\anh_004_70053870.jpg,https://hathyo.com/product/256,https://d134sx875xrex2.cloudfront.net/rvFFzO90Ki_z7962700127557_b9fe69dcbc54dbae8dd0fb03a601eab7.jpg,meta:og:image,1,200,image/jpeg,173726,7005387058ed828f5d1c6889f5bf474e45b89e2085d0c943ca9de99a79547175,da_tai,0,data\du_lieu_logo\anh_goc\san_pham_0288\anh_004_70053870.jpg,dau_hieu_gallery=gallery|image
anh_000785,san_pham_0288,5,anh_005_546d89e4.jpg,data\du_lieu_logo\anh_goc\san_pham_0288\anh_005_546d89e4.jpg,https://hathyo.com/product/256,https://d134sx875xrex2.cloudfront.net/40PZgXBobJ_z7973455826414_6ff93ae0ed6e70fe34cb0cc064c0bf89.jpg,meta:og:image,1,200,image/jpeg,481886,546d89e4d9003ff21aa6f5af2396b9d2bc8ca5ccc48840a386bd82d3e03f65e1,da_tai,0,data\du_lieu_logo\anh_goc\san_pham_0288\anh_005_546d89e4.jpg,dau_hieu_gallery=gallery|image
anh_000786,san_pham_0289,1,anh_001_e77eea03.jpg,data\du_lieu_logo\anh_goc\san_pham_0289\anh_001_e77eea03.jpg,https://hathyo.com/product/257,https://d134sx875xrex2.cloudfront.net/JflgPS3GEg_z7962702586985_7b1ce033b6d539ffa08ab3d8ec3e294f.jpg,meta:og:image,1,200,image/jpeg,64881,e77eea03bbace908715a8240548b29ad71ecd9bdc3b8ac4c4bd9d766634d4d53,da_tai,0,data\du_lieu_logo\anh_goc\san_pham_0289\anh_001_e77eea03.jpg,dau_hieu_gallery=gallery|image
anh_000787,san_pham_0289,2,anh_002_f3ef880c.jpg,data\du_lieu_logo\anh_goc\san_pham_0289\anh_002_f3ef880c.jpg,https://hathyo.com/product/257,https://d134sx875xrex2.cloudfront.net/D3okrNe4MW_z7962702520992_e8c2a90c4ce46c816600f3d55a7058e0.jpg,meta:og:image,1,200,image/jpeg,91700,f3ef880ce632bbc820ec8f4a2347a3c0d7c628678d05e1e51e7f64b1d40b898f,da_tai,0,data\du_lieu_logo\anh_goc\san_pham_0289\anh_002_f3ef880c.jpg,dau_hieu_gallery=gallery|image
anh_000788,san_pham_0289,3,anh_003_cb60d3e0.jpg,data\du_lieu_logo\anh_goc\san_pham_0289\anh_003_cb60d3e0.jpg,https://hathyo.com/product/257,https://d134sx875xrex2.cloudfront.net/brY3oDZePt_z7962702742502_d559700aaf4b71c9dc9a7c53e2bf3efd.jpg,meta:og:image,1,200,image/jpeg,228024,cb60d3e0a1e966ff7aa9d150b799e1541e52199f42abf6e14042a372b368bb6f,da_tai,0,data\du_lieu_logo\anh_goc\san_pham_0289\anh_003_cb60d3e0.jpg,dau_hieu_gallery=gallery|image
anh_000789,san_pham_0289,4,anh_004_6eec3a4d.jpg,data\du_lieu_logo\anh_goc\san_pham_0289\anh_004_6eec3a4d.jpg,https://hathyo.com/product/257,https://d134sx875xrex2.cloudfront.net/VSE0p4N8AC_z7962702451422_2d09346def6a4e97d1e86bf974c33d85.jpg,meta:og:image,1,200,image/jpeg,67998,6eec3a4dc533a7ba9482ef92ca39eb80bbc759d1eb08d1df9715d0ffc65d4b11,da_tai,0,data\du_lieu_logo\anh_goc\san_pham_0289\anh_004_6eec3a4d.jpg,dau_hieu_gallery=gallery|image
anh_000790,san_pham_0289,5,anh_005_9ce50ffe.jpg,data\du_lieu_logo\anh_goc\san_pham_0289\anh_005_9ce50ffe.jpg,https://hathyo.com/product/257,https://d134sx875xrex2.cloudfront.net/NdibUKMswf_z7973456570322_57cf81ff10a2d8d742face73238b3541.jpg,meta:og:image,1,200,image/jpeg,343523,9ce50ffeefafb3301974f2ea4a9d2ae30e54e4596d28da538b8994eeeb8ea18b,da_tai,0,data\du_lieu_logo\anh_goc\san_pham_0289\anh_005_9ce50ffe.jpg,dau_hieu_gallery=gallery|image
anh_000791,san_pham_0290,1,anh_001_3d9c4762.jpg,data\du_lieu_logo\anh_goc\san_pham_0290\anh_001_3d9c4762.jpg,https://hathyo.com/product/258,https://d134sx875xrex2.cloudfront.net/5p7en6gWAx_z7962710301653_f51b276d74070faf7432bbb4ce435c88.jpg,meta:og:image,1,200,image/jpeg,47684,3d9c4762b668297a446a77ae939b60f1e5f6c739817a241ab812e47b271d3c5b,da_tai,0,data\du_lieu_logo\anh_goc\san_pham_0290\anh_001_3d9c4762.jpg,dau_hieu_gallery=gallery|image
anh_000792,san_pham_0290,2,anh_002_cf48b6d0.jpg,data\du_lieu_logo\anh_goc\san_pham_0290\anh_002_cf48b6d0.jpg,https://hathyo.com/product/258,https://d134sx875xrex2.cloudfront.net/xesZlSnOpf_z7962710373212_04537f1ebbaffff3d2326941f330e303.jpg,meta:og:image,1,200,image/jpeg,64510,cf48b6d0d7333b7f39add19bb0219aa34e20d584972d990828d4d7edeb822606,da_tai,0,data\du_lieu_logo\anh_goc\san_pham_0290\anh_002_cf48b6d0.jpg,dau_hieu_gallery=gallery|image
anh_000793,san_pham_0290,3,anh_003_b5944bb9.jpg,data\du_lieu_logo\anh_goc\san_pham_0290\anh_003_b5944bb9.jpg,https://hathyo.com/product/258,https://d134sx875xrex2.cloudfront.net/9fHeUYtCOR_z7962710156752_260ea6a027254ab4460020f22169c56b.jpg,meta:og:image,1,200,image/jpeg,65777,b5944bb9849ae96913f1591c5ec0c9585b594f0695caeaf060452a654ea8e1b4,da_tai,0,data\du_lieu_logo\anh_goc\san_pham_0290\anh_003_b5944bb9.jpg,dau_hieu_gallery=gallery|image
anh_000794,san_pham_0290,4,anh_004_ca9e0203.jpg,data\du_lieu_logo\anh_goc\san_pham_0290\anh_004_ca9e0203.jpg,https://hathyo.com/product/258,https://d134sx875xrex2.cloudfront.net/0HlaLuem8G_z7968953514958_bdf1e1c275284d6acd42e89302f8048d.jpg,meta:og:image,1,200,image/jpeg,395376,ca9e020359420180a60ddd941b1018dcdfb60c190e5e28ec26e294fe414f8803,da_tai,0,data\du_lieu_logo\anh_goc\san_pham_0290\anh_004_ca9e0203.jpg,dau_hieu_gallery=gallery|image
anh_000795,san_pham_0291,1,anh_001_0b2f5b1b.jpg,data\du_lieu_logo\anh_goc\san_pham_0291\anh_001_0b2f5b1b.jpg,https://hathyo.com/product/259,https://d134sx875xrex2.cloudfront.net/apjj9ZVEM1_z7919854809011_180d299671d3799ca3a8690387953c94.jpg,meta:og:image,1,200,image/jpeg,559093,0b2f5b1bc2d41ad5d2a50f9c4a288fc53a72d28c592e0937b6b846574c7c4150,da_tai,0,data\du_lieu_logo\anh_goc\san_pham_0291\anh_001_0b2f5b1b.jpg,dau_hieu_gallery=gallery|image
anh_000796,san_pham_0291,2,anh_002_251f2c16.jpg,data\du_lieu_logo\anh_goc\san_pham_0291\anh_002_251f2c16.jpg,https://hathyo.com/product/259,https://d134sx875xrex2.cloudfront.net/MWB3lsO3wr_z7919854809015_1f83b74633971a656f414d648af47ddd.jpg,meta:og:image,1,200,image/jpeg,640175,251f2c16396bcee84808950fdeb08a29d5cbc2b967cee801e553eca96c572b38,da_tai,0,data\du_lieu_logo\anh_goc\san_pham_0291\anh_002_251f2c16.jpg,dau_hieu_gallery=gallery|image
anh_000797,san_pham_0292,1,anh_001_2dbfebaf.jpg,data\du_lieu_logo\anh_goc\san_pham_0292\anh_001_2dbfebaf.jpg,https://hathyo.com/product/260,https://d134sx875xrex2.cloudfront.net/z821toj17M_z7965007629936_ba319ab313bd057fc8eade4be6e3589d.jpg,meta:og:image,1,200,image/jpeg,272154,2dbfebaff94c86d9b830438164609d144c2d54101372f7894922d95718227131,da_tai,0,data\du_lieu_logo\anh_goc\san_pham_0292\anh_001_2dbfebaf.jpg,dau_hieu_gallery=gallery|image
anh_000798,san_pham_0293,1,anh_001_437c6388.jpg,data\du_lieu_logo\anh_goc\san_pham_0293\anh_001_437c6388.jpg,https://hathyo.com/product/261,https://d134sx875xrex2.cloudfront.net/q6xeDISRkU_z7965024200455_f8f4b9917a3a4a0fd4caa2e4fedfbd3c.jpg,meta:og:image,1,200,image/jpeg,277750,437c63883a62ada454e1d28d6f24c487e64a9d4045c2a47d190094244637ed3d,da_tai,0,data\du_lieu_logo\anh_goc\san_pham_0293\anh_001_437c6388.jpg,dau_hieu_gallery=gallery|image
anh_000799,san_pham_0293,2,anh_002_fe857c13.jpg,data\du_lieu_logo\anh_goc\san_pham_0293\anh_002_fe857c13.jpg,https://hathyo.com/product/261,https://d134sx875xrex2.cloudfront.net/C7AP4gp5kW_z7965024211439_b1be7fb986c8f769e374d9f1d5b600f2.jpg,meta:og:image,1,200,image/jpeg,195408,fe857c13b64f7598308eeafd06309a0af7c81da6b0bb64cfc3f3b4ceabe8b823,da_tai,0,data\du_lieu_logo\anh_goc\san_pham_0293\anh_002_fe857c13.jpg,dau_hieu_gallery=gallery|image
anh_000800,san_pham_0293,3,anh_003_ebb068f9.jpg,data\du_lieu_logo\anh_goc\san_pham_0293\anh_003_ebb068f9.jpg,https://hathyo.com/product/261,https://d134sx875xrex2.cloudfront.net/qdZYJzEJZY_z7965024221239_550d8baf68b40572adc0e506b55d1573.jpg,meta:og:image,1,200,image/jpeg,435235,ebb068f93644090d5d7afd50a8fdb543fb02ca1cb029de5cdbf4f273d76c5667,da_tai,0,data\du_lieu_logo\anh_goc\san_pham_0293\anh_003_ebb068f9.jpg,dau_hieu_gallery=gallery|image
anh_000801,san_pham_0293,4,anh_004_acf194c2.jpg,data\du_lieu_logo\anh_goc\san_pham_0293\anh_004_acf194c2.jpg,https://hathyo.com/product/261,https://d134sx875xrex2.cloudfront.net/CnWt64BF4v_1783934172086_6245661813968006261_g7132038339890679586_4156ca082f517d32716897f4b9483cf7.jpg,meta:og:image,1,200,image/jpeg,315691,acf194c23bbc5d1c2f949d3b6e08c59a4093bb3a9e2605068b506bbf86fb30d5,da_tai,0,data\du_lieu_logo\anh_goc\san_pham_0293\anh_004_acf194c2.jpg,dau_hieu_gallery=gallery|image
anh_000802,san_pham_0293,5,anh_005_cb21fa7f.jpg,data\du_lieu_logo\anh_goc\san_pham_0293\anh_005_cb21fa7f.jpg,https://hathyo.com/product/261,https://d134sx875xrex2.cloudfront.net/yyzURZBACG_1783934172153_6245661813968006261_g7132038339890679586_5ec3195e2445cfe9409ecefee474cb1c.jpg,meta:og:image,1,200,image/jpeg,315392,cb21fa7fcc98708f3ee5352861e2c4ab9886b0a8585c88269fa2550c9665f3f7,da_tai,0,data\du_lieu_logo\anh_goc\san_pham_0293\anh_005_cb21fa7f.jpg,dau_hieu_gallery=gallery|image
anh_000803,san_pham_0294,1,anh_001_b28912b8.jpg,data\du_lieu_logo\anh_goc\san_pham_0294\anh_001_b28912b8.jpg,https://hathyo.com/product/271,https://d134sx875xrex2.cloudfront.net/NqtExqidNL_z7965032523182_1447d6dd508b07fca205cf9e15bc56a4.jpg,meta:og:image,1,200,image/jpeg,158072,b28912b88462c3315fdd7de57ace76a1128b7a58603bd55e400e66645a694e79,da_tai,0,data\du_lieu_logo\anh_goc\san_pham_0294\anh_001_b28912b8.jpg,dau_hieu_gallery=gallery|image
anh_000804,san_pham_0294,2,anh_002_7d965e4b.jpg,data\du_lieu_logo\anh_goc\san_pham_0294\anh_002_7d965e4b.jpg,https://hathyo.com/product/271,https://d134sx875xrex2.cloudfront.net/1vG7JVJccj_1783934172199_6245661813968006261_g7132038339890679586_400c7649be813d1b5d969cf2de961c18.jpg,meta:og:image,1,200,image/jpeg,374045,7d965e4b4bfde869eeecd5347fb454a135755087f8ce7551779279a15218bb68,da_tai,0,data\du_lieu_logo\anh_goc\san_pham_0294\anh_002_7d965e4b.jpg,dau_hieu_gallery=gallery|image
anh_000805,san_pham_0295,1,anh_001_211e27c2.jpg,data\du_lieu_logo\anh_goc\san_pham_0295\anh_001_211e27c2.jpg,https://hathyo.com/product/275,https://d134sx875xrex2.cloudfront.net/jC36k2k5ZD_z7919859594598_b533d28d39fb998af174b58b7860c196.jpg,meta:og:image,1,200,image/jpeg,209407,211e27c247a4ba17d31e46e614dcda27117fba6eef442a4d66b39cd89ea1797c,da_tai,0,data\du_lieu_logo\anh_goc\san_pham_0295\anh_001_211e27c2.jpg,dau_hieu_gallery=gallery|image
anh_000806,san_pham_0295,2,anh_002_365e3a22.jpg,data\du_lieu_logo\anh_goc\san_pham_0295\anh_002_365e3a22.jpg,https://hathyo.com/product/275,https://d134sx875xrex2.cloudfront.net/qy2eUe9oJV_z7919859594585_ac6059b224148c02604619676e6d3bf1.jpg,meta:og:image,1,200,image/jpeg,90811,365e3a2299acf6cb02c2f88b22cca12aba99c8865c67f7b674c3afd4fb1dbc6b,da_tai,0,data\du_lieu_logo\anh_goc\san_pham_0295\anh_002_365e3a22.jpg,dau_hieu_gallery=gallery|image
anh_000807,san_pham_0295,3,anh_003_b5f8b514.jpg,data\du_lieu_logo\anh_goc\san_pham_0295\anh_003_b5f8b514.jpg,https://hathyo.com/product/275,https://d134sx875xrex2.cloudfront.net/W0Js0lwJiS_z7919859594600_9a023e122e30879f326919ebc8f7dc0f.jpg,meta:og:image,1,200,image/jpeg,310340,b5f8b51493b227c20347fa7e460f602383ab27cefde5faf6d082c69aadfc0a84,da_tai,0,data\du_lieu_logo\anh_goc\san_pham_0295\anh_003_b5f8b514.jpg,dau_hieu_gallery=gallery|image
anh_000808,san_pham_0295,4,anh_004_787249e3.jpg,data\du_lieu_logo\anh_goc\san_pham_0295\anh_004_787249e3.jpg,https://hathyo.com/product/275,https://d134sx875xrex2.cloudfront.net/P9ciIQlR44_z7919859594604_a0e8577bab09508338841649c7e999fe.jpg,meta:og:image,1,200,image/jpeg,488037,787249e3daaa47b6ef3c4cca213953f782cd9444f5b67cf1ace53259bda07421,da_tai,0,data\du_lieu_logo\anh_goc\san_pham_0295\anh_004_787249e3.jpg,dau_hieu_gallery=gallery|image
anh_000809,san_pham_0295,5,anh_005_bd5a8a74.jpg,data\du_lieu_logo\anh_goc\san_pham_0295\anh_005_bd5a8a74.jpg,https://hathyo.com/product/275,https://d134sx875xrex2.cloudfront.net/zqfmcg9uEW_z7919859594606_5678f0091a177336b1adb5fd53387974.jpg,meta:og:image,1,200,image/jpeg,110782,bd5a8a74fc8697a08c0c0f238c518b1f5b35fe0060cb3f5e4515d34162137c16,da_tai,0,data\du_lieu_logo\anh_goc\san_pham_0295\anh_005_bd5a8a74.jpg,dau_hieu_gallery=gallery|image
anh_000810,san_pham_0295,6,anh_006_51cf6394.jpg,data\du_lieu_logo\anh_goc\san_pham_0295\anh_006_51cf6394.jpg,https://hathyo.com/product/275,https://d134sx875xrex2.cloudfront.net/8WcF653VaU_z7919859594611_5b42e89cf1288922a24d7fc52bf14e2a.jpg,meta:og:image,1,200,image/jpeg,94535,51cf63948e03da5d27740529af24b850d15b9d278278af9ff50bd391dc470bcf,da_tai,0,data\du_lieu_logo\anh_goc\san_pham_0295\anh_006_51cf6394.jpg,dau_hieu_gallery=gallery|image
anh_000811,san_pham_0295,7,anh_007_83b3fd16.jpg,data\du_lieu_logo\anh_goc\san_pham_0295\anh_007_83b3fd16.jpg,https://hathyo.com/product/275,https://d134sx875xrex2.cloudfront.net/ZeaH3yFvQ7_z7919859594620_0797478dbcb1b2a7540422c4f800a12d.jpg,meta:og:image,1,200,image/jpeg,109617,83b3fd162cc125c370cf61d7acc56105df5be3e94130b9a72795daaf78bf266a,da_tai,0,data\du_lieu_logo\anh_goc\san_pham_0295\anh_007_83b3fd16.jpg,dau_hieu_gallery=gallery|image
anh_000812,san_pham_0295,8,anh_008_c31f9384.jpg,data\du_lieu_logo\anh_goc\san_pham_0295\anh_008_c31f9384.jpg,https://hathyo.com/product/275,https://d134sx875xrex2.cloudfront.net/2S27L0VdLd_z7919859594608_c6a4cd5e88f7b9e0b415906bed91e2ab.jpg,meta:og:image,1,200,image/jpeg,255846,c31f93840f1fcb1aa951786803ceb6c7d7838b9461e79d569cc2fa11fd3ba8a6,da_tai,0,data\du_lieu_logo\anh_goc\san_pham_0295\anh_008_c31f9384.jpg,dau_hieu_gallery=gallery|image
anh_000813,san_pham_0295,9,anh_009_0ea7de67.jpg,data\du_lieu_logo\anh_goc\san_pham_0295\anh_009_0ea7de67.jpg,https://hathyo.com/product/275,https://d134sx875xrex2.cloudfront.net/jX8soTj45L_z7919859594630_7e916bc25e682f756dac7bb11ada2720.jpg,meta:og:image,1,200,image/jpeg,148119,0ea7de671e34ccec80f22a946d59817f83cefd35e57c505edb05cfea854c652c,da_tai,0,data\du_lieu_logo\anh_goc\san_pham_0295\anh_009_0ea7de67.jpg,dau_hieu_gallery=gallery|image
anh_000814,san_pham_0296,1,anh_001_3b925611.jpg,data\du_lieu_logo\anh_goc\san_pham_0296\anh_001_3b925611.jpg,https://hathyo.com/product/279,https://d134sx875xrex2.cloudfront.net/Vp06nEXR7i_z7919862544807_0691625c5479fc92eb84cd94230131a5.jpg,meta:og:image,1,200,image/jpeg,228497,3b925611d5b0bc2346b4f1a9e9bd42f1222b3a581da49b23f629d1c58cf2d2c6,da_tai,0,data\du_lieu_logo\anh_goc\san_pham_0296\anh_001_3b925611.jpg,dau_hieu_gallery=gallery|image
anh_000815,san_pham_0296,2,anh_002_8110c8a1.jpg,data\du_lieu_logo\anh_goc\san_pham_0296\anh_002_8110c8a1.jpg,https://hathyo.com/product/279,https://d134sx875xrex2.cloudfront.net/KwikWv3z9c_z7919862544792_e4e68a4e6f4e43963420be7eefdf2b46.jpg,meta:og:image,1,200,image/jpeg,295944,8110c8a1f52f96a626aca96ece01cc416331d2d999802375b25d0823a74be7bf,da_tai,0,data\du_lieu_logo\anh_goc\san_pham_0296\anh_002_8110c8a1.jpg,dau_hieu_gallery=gallery|image
anh_000816,san_pham_0296,3,anh_003_2e0af68d.jpg,data\du_lieu_logo\anh_goc\san_pham_0296\anh_003_2e0af68d.jpg,https://hathyo.com/product/279,https://d134sx875xrex2.cloudfront.net/hiq06wkJc8_z7919862544795_4df50a1fbd2f97c2158781e7123a443b.jpg,meta:og:image,1,200,image/jpeg,339072,2e0af68d2fc41b7d789881b733591f621408a3ac5f15cefc626032d9dc1ca177,da_tai,0,data\du_lieu_logo\anh_goc\san_pham_0296\anh_003_2e0af68d.jpg,dau_hieu_gallery=gallery|image
anh_000817,san_pham_0296,4,anh_004_68701a56.jpg,data\du_lieu_logo\anh_goc\san_pham_0296\anh_004_68701a56.jpg,https://hathyo.com/product/279,https://d134sx875xrex2.cloudfront.net/OlxGZoh0hP_z7919861778547_e2e9ddc608b470449cd7227a6bbfea04.jpg,meta:og:image,1,200,image/jpeg,390723,68701a5633e83c747d0a6ab38a687b6f3040d8548c854e4dea8815a3ca2c6828,da_tai,0,data\du_lieu_logo\anh_goc\san_pham_0296\anh_004_68701a56.jpg,dau_hieu_gallery=gallery|image
anh_000818,san_pham_0296,5,anh_005_a42f30c4.jpg,data\du_lieu_logo\anh_goc\san_pham_0296\anh_005_a42f30c4.jpg,https://hathyo.com/product/279,https://d134sx875xrex2.cloudfront.net/f29OnFCb9C_z7919862564162_d4187336f1313d952f083626d3679f36.jpg,meta:og:image,1,200,image/jpeg,264857,a42f30c40c65aab7121035014bc869f36df797d6df22ecb967f8357ea0bf3f39,da_tai,0,data\du_lieu_logo\anh_goc\san_pham_0296\anh_005_a42f30c4.jpg,dau_hieu_gallery=gallery|image
anh_000819,san_pham_0296,6,anh_006_3f2580a4.jpg,data\du_lieu_logo\anh_goc\san_pham_0296\anh_006_3f2580a4.jpg,https://hathyo.com/product/279,https://d134sx875xrex2.cloudfront.net/B7HsWWrsEZ_z7919860076914_32a69a6686f7d678769476be5a65893b.jpg,meta:og:image,1,200,image/jpeg,179436,3f2580a40beef6c011d1e05c9e3b816237679e1f366346a18e79e9a11dfca7ff,da_tai,0,data\du_lieu_logo\anh_goc\san_pham_0296\anh_006_3f2580a4.jpg,dau_hieu_gallery=gallery|image
anh_000820,san_pham_0297,1,anh_001_e7dc1f08.jpg,data\du_lieu_logo\anh_goc\san_pham_0297\anh_001_e7dc1f08.jpg,https://hathyo.com/product/280,https://d134sx875xrex2.cloudfront.net/ftsJmU9Wpt_z7919854809026_11f3a1bc9f11dbb0eaef8d2c33f21585.jpg,meta:og:image,1,200,image/jpeg,302300,e7dc1f08d9845a3919d2b5ffe784fb40b106306a652f6b0183ad846ef7bd9e06,da_tai,0,data\du_lieu_logo\anh_goc\san_pham_0297\anh_001_e7dc1f08.jpg,dau_hieu_gallery=gallery|image
anh_000821,san_pham_0298,1,anh_001_600c5da7.jpg,data\du_lieu_logo\anh_goc\san_pham_0298\anh_001_600c5da7.jpg,https://hathyo.com/product/281,https://d134sx875xrex2.cloudfront.net/tkrYJEM0ux_z7919854809030_3e07aa62e475c98cd7ab3ec187d766b8.jpg,meta:og:image,1,200,image/jpeg,356625,600c5da72963de5b08badaacf7f221ac0b3353d84bd84df9b299f2e877451c9f,da_tai,0,data\du_lieu_logo\anh_goc\san_pham_0298\anh_001_600c5da7.jpg,dau_hieu_gallery=gallery|image
anh_000822,san_pham_0299,1,anh_001_2daa953b.jpg,data\du_lieu_logo\anh_goc\san_pham_0299\anh_001_2daa953b.jpg,https://hathyo.com/product/282,https://d134sx875xrex2.cloudfront.net/11VlO4CBkc_z7967686032437_230ed187ba2809158bb262cbe0433b45.jpg,meta:og:image,1,200,image/jpeg,382581,2daa953b79796d2cfb136427913ca05badcef2719b67246c6b97b97924caa968,da_tai,0,data\du_lieu_logo\anh_goc\san_pham_0299\anh_001_2daa953b.jpg,dau_hieu_gallery=gallery|image
anh_000823,san_pham_0300,1,anh_001_c23a3941.jpg,data\du_lieu_logo\anh_goc\san_pham_0300\anh_001_c23a3941.jpg,https://hathyo.com/product/283,https://d134sx875xrex2.cloudfront.net/7fW7Onb15v_z7919853306663_299609058ec13833bcde9af8149c68d1.jpg,meta:og:image,1,200,image/jpeg,390081,c23a3941854e8ded9d761a0dfd72505f24ae461b9c2dbf0ccc7bd0574defae53,da_tai,0,data\du_lieu_logo\anh_goc\san_pham_0300\anh_001_c23a3941.jpg,dau_hieu_gallery=gallery|image
anh_000824,san_pham_0301,1,anh_001_1a50bcfc.jpg,data\du_lieu_logo\anh_goc\san_pham_0301\anh_001_1a50bcfc.jpg,https://hathyo.com/product/284,https://d134sx875xrex2.cloudfront.net/ipCZl47voH_z7919854052409_8b89e97e56c394718fe3a8506e397e75.jpg,meta:og:image,1,200,image/jpeg,155638,1a50bcfc2af980c9969c4f1f777fc50f8b78efa4e6989821e730679096fc8498,da_tai,0,data\du_lieu_logo\anh_goc\san_pham_0301\anh_001_1a50bcfc.jpg,dau_hieu_gallery=gallery|image
anh_000825,san_pham_0302,1,anh_001_eb49ea79.jpg,data\du_lieu_logo\anh_goc\san_pham_0302\anh_001_eb49ea79.jpg,https://hathyo.com/product/285,https://d134sx875xrex2.cloudfront.net/JUMzsIDWdk_z7919854074305_6ef15b024539d9e72bd82318b076292c.jpg,meta:og:image,1,200,image/jpeg,124264,eb49ea79ace4e57792a2f797923aa153ecbb99b4f2319a86740c1a8d1163ed11,da_tai,0,data\du_lieu_logo\anh_goc\san_pham_0302\anh_001_eb49ea79.jpg,dau_hieu_gallery=gallery|image
anh_000826,san_pham_0303,1,,,https://hathyo.com/product/286,https://d134sx875xrex2.cloudfront.net/2FSqQS9PJW_z7919854074305_6ef15b024539d9e72bd82318b076292c.jpg,meta:og:image,1,200,image/jpeg,124264,eb49ea79ace4e57792a2f797923aa153ecbb99b4f2319a86740c1a8d1163ed11,trung_sha256,1,data\du_lieu_logo\anh_goc\san_pham_0302\anh_001_eb49ea79.jpg,dau_hieu_gallery=gallery|image
anh_000827,san_pham_0304,1,,,https://hathyo.com/product/287,https://d134sx875xrex2.cloudfront.net/YXRw5Mp3db_z7919854074305_6ef15b024539d9e72bd82318b076292c.jpg,meta:og:image,1,200,image/jpeg,124264,eb49ea79ace4e57792a2f797923aa153ecbb99b4f2319a86740c1a8d1163ed11,trung_sha256,1,data\du_lieu_logo\anh_goc\san_pham_0302\anh_001_eb49ea79.jpg,dau_hieu_gallery=gallery|image
