stt_duyet,ma_anh,ma_san_pham,ten_san_pham,duong_dan_anh,sha256,url_san_pham,url_anh,trang_thai_duyet,logo_quan_sat_duoc,so_logo,chat_luong_anh,ghi_chu
1,anh_000001,san_pham_0001,Hộp quà Chả Bò thượng hạng,data\du_lieu_logo\anh_goc\san_pham_0001\anh_001_a171cc2e.jpg,a171cc2e95cd255435751e682779690477978d1ce38a95be893046002aec0c0a,https://hathyo.com/product/113,https://d134sx875xrex2.cloudfront.net/teMhpxl1Hu_hopquachabothuonghang1.jpg,khong_co_logo_chung_chi,,0,tot,
2,anh_000002,san_pham_0001,Hộp quà Chả Bò thượng hạng,data\du_lieu_logo\anh_goc\san_pham_0001\anh_002_3a6242f2.jpg,3a6242f25e42469276e1ec8dfb2d9c093c1f5307fe63c5e199b023474445a19e,https://hathyo.com/product/113,https://d134sx875xrex2.cloudfront.net/VI00ripvRn_z6908806584656_dce8ed6374d21654e4b4a067232497e4.jpg,khong_co_logo_chung_chi,,0,tot,
3,anh_000003,san_pham_0001,Hộp quà Chả Bò thượng hạng,data\du_lieu_logo\anh_goc\san_pham_0001\anh_003_d684ebeb.jpg,d684ebeb70b0def5d6ed3d3e960ce372df5ebb23266e8762825aa828e8b9c236,https://hathyo.com/product/113,https://d134sx875xrex2.cloudfront.net/RiwKSyvDia_hopquachaboth.jpg,khong_co_logo_chung_chi,,0,tot,
4,anh_000004,san_pham_0001,Hộp quà Chả Bò thượng hạng,data\du_lieu_logo\anh_goc\san_pham_0001\anh_004_27709eb0.jpg,27709eb092e798ca7d37a0c0c32bf7ad3ef4bc623d60e312ea60daa8eabd983b,https://hathyo.com/product/113,https://d134sx875xrex2.cloudfront.net/Eg5zM5CN5T_z6908806584657_b24d778f4b200a099b93ab2414bb5c7e.jpg,khong_co_logo_chung_chi,,0,tot,
5,anh_000005,san_pham_0002,Chả Bò Tai Ớt Xanh,data\du_lieu_logo\anh_goc\san_pham_0002\anh_001_bd2cb1a6.jpg,bd2cb1a60a265ed4ff3dd60560c5840269d4ef03d703086745f2b288a74c66d6,https://hathyo.com/product/114,https://d134sx875xrex2.cloudfront.net/YGBWKXDi3I_chabotaixanh.jpg,co_logo_chung_chi,haccp,1,chap_nhan_duoc,
6,anh_000006,san_pham_0002,Chả Bò Tai Ớt Xanh,data\du_lieu_logo\anh_goc\san_pham_0002\anh_002_ad071c85.png,ad071c85cdab9c580c2d3fb7a15dd02d42a67fec8dda722bc4906acb55313db8,https://hathyo.com/product/114,https://d134sx875xrex2.cloudfront.net/kHw43NT6xz_cha%20bo%20da%20ot%20xiem%20xanh.png,khong_co_logo_chung_chi,,0,tot,
7,anh_000007,san_pham_0002,Chả Bò Tai Ớt Xanh,data\du_lieu_logo\anh_goc\san_pham_0002\anh_003_130923ea.jpg,130923eafc3e03e3ce2dbe50f7d6514984884e09ca882fbe588c70479883ad4e,https://hathyo.com/product/114,https://d134sx875xrex2.cloudfront.net/dqhO9kcFWM_476135670_631223042953506_5602107059936569584_n.jpg,khong_co_logo_chung_chi,,0,chap_nhan_duoc,
8,anh_000008,san_pham_0002,Chả Bò Tai Ớt Xanh,data\du_lieu_logo\anh_goc\san_pham_0002\anh_004_78c66408.jpg,78c66408859dd8b7d44446f0857e1dd122c53bdcfa3237e14aabd446efdb0ff4,https://hathyo.com/product/114,https://d134sx875xrex2.cloudfront.net/lbAYDE7mqT_475915246_631222629620214_4729721971920988669_n.jpg,khong_co_logo_chung_chi,,0,tot,
9,anh_000009,san_pham_0003,Chả Bò Thượng Hạng,data\du_lieu_logo\anh_goc\san_pham_0003\anh_001_32e3ff8b.jpg,32e3ff8b45b2e2bbaab661e779fa3de0b7f442a27b2c8dc6e0f353c929d4e394,https://hathyo.com/product/115,https://d134sx875xrex2.cloudfront.net/KfJcayiRjv_chabothuonghang.jpg,co_logo_chung_chi,haccp,1,tot,
10,anh_000010,san_pham_0003,Chả Bò Thượng Hạng,data\du_lieu_logo\anh_goc\san_pham_0003\anh_002_404fa7fb.png,404fa7fb368bef8ba8d5a6940f03e88e3e2bf6c4ee9307b6ca1b55b77cd2f9a3,https://hathyo.com/product/115,https://d134sx875xrex2.cloudfront.net/qoj1jLUtt2_cha%20bo%20thuong%20hang.png,khong_co_logo_chung_chi,,0,tot,
11,anh_000011,san_pham_0003,Chả Bò Thượng Hạng,data\du_lieu_logo\anh_goc\san_pham_0003\anh_003_b397f24b.jpg,b397f24b53a97316b2aecd1e922d7b610b6be9fc4841546505ffbf6aa06f1791,https://hathyo.com/product/115,https://d134sx875xrex2.cloudfront.net/vAfRt2INnl_z6904936782553_80b1b426641c29889d793b0d158ec16e.jpg,khong_co_logo_chung_chi,,0,qua_nho,
12,anh_000012,san_pham_0003,Chả Bò Thượng Hạng,data\du_lieu_logo\anh_goc\san_pham_0003\anh_004_b9adb529.jpg,b9adb5297164b89a3846941d17248ed5630f23ac720791916210423ad18aa993,https://hathyo.com/product/115,https://d134sx875xrex2.cloudfront.net/ErPR4wxSTo_chaboanh.jpg,khong_co_logo_chung_chi,,0,tot,
13,anh_000013,san_pham_0004,Chả Mộc Cua,data\du_lieu_logo\anh_goc\san_pham_0004\anh_001_324c36a2.jpg,324c36a232e32bc7d22723c683e1a54304bf5de1ea882ed0985782432f7db741,https://hathyo.com/product/117,https://d134sx875xrex2.cloudfront.net/5haaPIFDyv_cha%20cua.jpg,khong_co_logo_chung_chi,,0,tot,
14,anh_000014,san_pham_0004,Chả Mộc Cua,data\du_lieu_logo\anh_goc\san_pham_0004\anh_002_b234a3df.jpg,b234a3dfda5d9f95ba51132e418c5950827404bbc1628e8aef3af497a27e8ef7,https://hathyo.com/product/117,https://d134sx875xrex2.cloudfront.net/pMZBCIh2IU_z6904963986696_ccf21e0cbf7e9c3a03a322a3c5cce4e2.jpg,khong_co_logo_chung_chi,,0,tot,
15,anh_000015,san_pham_0004,Chả Mộc Cua,data\du_lieu_logo\anh_goc\san_pham_0004\anh_003_cab084dd.jpg,cab084dd3cdeadbf34a5a63c867aeaf522a91c686d9b8934a2390b49290f2164,https://hathyo.com/product/117,https://d134sx875xrex2.cloudfront.net/dwWNhHaZeR_cha%20cua.jpg,khong_co_logo_chung_chi,,0,tot,
16,anh_000016,san_pham_0004,Chả Mộc Cua,data\du_lieu_logo\anh_goc\san_pham_0004\anh_004_44b7bb27.jpg,44b7bb274d1ce6c2a8de550b68649c28b82f222ae9157081a1e4e90a88c17e87,https://hathyo.com/product/117,https://d134sx875xrex2.cloudfront.net/EO52p1jACn_cha%20cua.jpg,khong_co_logo_chung_chi,,0,tot,
17,anh_000017,san_pham_0005,Chả Bò Viên,data\du_lieu_logo\anh_goc\san_pham_0005\anh_001_8eb3ec0a.jpg,8eb3ec0a234c48a44558448b3c477d774b31fdf85c621d95f9a6d0532377fe34,https://hathyo.com/product/118,https://d134sx875xrex2.cloudfront.net/zo0jcScfS0_chabovien.jpg,co_logo_chung_chi,haccp,1,chap_nhan_duoc,
18,anh_000018,san_pham_0005,Chả Bò Viên,data\du_lieu_logo\anh_goc\san_pham_0005\anh_002_cb053824.png,cb053824e90ec948258f99d5a32041171d902a7f5e0a1df08a79077b32978498,https://hathyo.com/product/118,https://d134sx875xrex2.cloudfront.net/9Yqwf6oejE_cha%20bo%20vien.png,khong_co_logo_chung_chi,,0,tot,
19,anh_000019,san_pham_0005,Chả Bò Viên,data\du_lieu_logo\anh_goc\san_pham_0005\anh_003_8f664854.jpg,8f6648547744aec2e9ac66c0d5d779f9a8097fedf92754442e05baca12305faa,https://hathyo.com/product/118,https://d134sx875xrex2.cloudfront.net/IhAvU0ryR9_473427656_610564168352727_783195934738561162_n.jpg,khong_co_logo_chung_chi,,0,tot,
20,anh_000020,san_pham_0006,Chả Lụa,data\du_lieu_logo\anh_goc\san_pham_0006\anh_001_49d3f9a7.jpg,49d3f9a7fa14532588e09984e1c4aee9fa0bf439e25600c0a679d361795a0498,https://hathyo.com/product/119,https://d134sx875xrex2.cloudfront.net/FIOXZiK9q5_BIAchalua.jpg,co_logo_chung_chi,haccp,1,chap_nhan_duoc,
21,anh_000021,san_pham_0006,Chả Lụa,data\du_lieu_logo\anh_goc\san_pham_0006\anh_002_25bbe2a6.jpg,25bbe2a604dcb6481335611a4f28f1fc3db10a16fd6e939b882cf99594e964ab,https://hathyo.com/product/119,https://d134sx875xrex2.cloudfront.net/Fhi1hq9hUa_cha%20lua.jpg,khong_co_logo_chung_chi,,0,tot,
22,anh_000022,san_pham_0006,Chả Lụa,data\du_lieu_logo\anh_goc\san_pham_0006\anh_003_01e5568b.jpg,01e5568b43e81ccaecc96cf6732ff87cf4153b45a22692246a6ce6e71ad2b41a,https://hathyo.com/product/119,https://d134sx875xrex2.cloudfront.net/kpKPtaLCC2_ongvuonglua.jpg,khong_co_logo_chung_chi,,0,tot,
23,anh_000023,san_pham_0006,Chả Lụa,data\du_lieu_logo\anh_goc\san_pham_0006\anh_004_e011d776.jpg,e011d776abcab372164ead9cb7691a7e796ed46f20113e2de5ce095a8de261c0,https://hathyo.com/product/119,https://d134sx875xrex2.cloudfront.net/n7x8JFGf64_476345934_631223036286840_9155608572692747527_n.jpg,khong_co_logo_chung_chi,,0,chap_nhan_duoc,
24,anh_000024,san_pham_0006,Chả Lụa,data\du_lieu_logo\anh_goc\san_pham_0006\anh_005_4466a830.jpg,4466a830b67b1a9b422841560d3cca73ddea5a1e2708d23e4c3d9b96b7a7581d,https://hathyo.com/product/119,https://d134sx875xrex2.cloudfront.net/1TNfokk3dW_chaluaaaaa.jpg,khong_co_logo_chung_chi,,0,tot,
25,anh_000025,san_pham_0006,Chả Lụa,data\du_lieu_logo\anh_goc\san_pham_0006\anh_006_5efe6b81.jpg,5efe6b8180c4e51712e6b9ec439fb5cfa1a843e7c7b02330a7d1589bcfbbd8b2,https://hathyo.com/product/119,https://d134sx875xrex2.cloudfront.net/WZkMRddRQQ_bia.jpg,khong_co_logo_chung_chi,,0,tot,
26,anh_000026,san_pham_0007,Nước rửa rau củ quả Happy Green,data\du_lieu_logo\anh_goc\san_pham_0007\anh_001_4fd7eac6.jpg,4fd7eac6daa6b546b5d6fa27b67e8f491ba3920f722aa22097b0daffe81654b6,https://hathyo.com/product/129,https://d134sx875xrex2.cloudfront.net/Ay7wraqKUY_z7591711183621_ffec033ca8e78e2b2ea9c975836abd30.jpg,khong_co_logo_chung_chi,,0,tot,
27,anh_000027,san_pham_0007,Nước rửa rau củ quả Happy Green,data\du_lieu_logo\anh_goc\san_pham_0007\anh_002_9d68e3da.jpg,9d68e3da02cce40643ca7c226acc0d118a9d48f1cb83ef44e9e205801cf52ad9,https://hathyo.com/product/129,https://d134sx875xrex2.cloudfront.net/KhRqjonP74_z7591711370578_276746ffce10e0032143b9f3ae92d3fa.jpg,khong_co_logo_chung_chi,,0,tot,
28,anh_000028,san_pham_0007,Nước rửa rau củ quả Happy Green,data\du_lieu_logo\anh_goc\san_pham_0007\anh_003_8c3df377.jpg,8c3df3773d358bd3eb8caa97cc75ebdb49b2a7fe19082bbc480def750342a30f,https://hathyo.com/product/129,https://d134sx875xrex2.cloudfront.net/NHuXQqOSmR_z7592081267131_5f467f5c62a508781ecdb211610d4b6f.jpg,khong_co_logo_chung_chi,,0,tot,
29,anh_000029,san_pham_0007,Nước rửa rau củ quả Happy Green,data\du_lieu_logo\anh_goc\san_pham_0007\anh_004_652a4f5f.jpg,652a4f5f8f122cb1f374866cd373573426579c9d589235fd68bbcf1759d38957,https://hathyo.com/product/129,https://d134sx875xrex2.cloudfront.net/kE9F0toKT6_KQ%20DI%E1%BB%86T%20KHU%E1%BA%A8N%20vi%E1%BB%87n%20Pasteur_page-0001.jpg,co_logo_chung_chi,khac,1,tot,
30,anh_000030,san_pham_0007,Nước rửa rau củ quả Happy Green,data\du_lieu_logo\anh_goc\san_pham_0007\anh_005_54eb4937.jpg,54eb493726c33ecd6f7dded91b58285adcdf3013a5e30eb7c53bd30f1a0a904d,https://hathyo.com/product/129,https://d134sx875xrex2.cloudfront.net/ipAG2CBdyA_KQ%20DI%E1%BB%86T%20KHU%E1%BA%A8N%20vi%E1%BB%87n%20Pasteur_page-0002.jpg,co_logo_chung_chi,khac,1,tot,
31,anh_000031,san_pham_0007,Nước rửa rau củ quả Happy Green,data\du_lieu_logo\anh_goc\san_pham_0007\anh_006_326875d8.jpg,326875d8347649f19e6db3d16392512e14dbaa610031b1fa7feba0ea349bb1bc,https://hathyo.com/product/129,https://d134sx875xrex2.cloudfront.net/Wrt9XS5mrx_KQ%20DI%E1%BB%86T%20KHU%E1%BA%A8N%20vi%E1%BB%87n%20Pasteur_page-0003.jpg,co_logo_chung_chi,khac,1,tot,
32,anh_000032,san_pham_0007,Nước rửa rau củ quả Happy Green,data\du_lieu_logo\anh_goc\san_pham_0007\anh_007_f5b3e98f.jpg,f5b3e98f464ac66989908851302e6d7980449f37c411fe9ff7711e2db9487d9a,https://hathyo.com/product/129,https://d134sx875xrex2.cloudfront.net/ongjyfYdm2_KQ%20DI%E1%BB%86T%20KHU%E1%BA%A8N%20vi%E1%BB%87n%20Pasteur_page-0004.jpg,co_logo_chung_chi,khac,1,tot,
33,anh_000033,san_pham_0007,Nước rửa rau củ quả Happy Green,data\du_lieu_logo\anh_goc\san_pham_0007\anh_008_2f08e7b0.jpg,2f08e7b077b70375f73e8e370a4143915847fdd50ccdf4041a35234dd0261cc4,https://hathyo.com/product/129,https://d134sx875xrex2.cloudfront.net/ElyVxRfFcC_KQ%20DI%E1%BB%86T%20KHU%E1%BA%A8N%20vi%E1%BB%87n%20Pasteur_page-0005.jpg,co_logo_chung_chi,khac,1,tot,
34,anh_000034,san_pham_0007,Nước rửa rau củ quả Happy Green,data\du_lieu_logo\anh_goc\san_pham_0007\anh_009_89d2f863.jpg,89d2f863a394e88f164864447f679d4890385d28a98cc060c47d8570abb1b8bd,https://hathyo.com/product/129,https://d134sx875xrex2.cloudfront.net/wRVcfWGCSW_KQ%20DI%E1%BB%86T%20KHU%E1%BA%A8N%20vi%E1%BB%87n%20Pasteur_page-0006.jpg,co_logo_chung_chi,khac,1,tot,
35,anh_000035,san_pham_0008,Nước súc miệng Happy Gums,data\du_lieu_logo\anh_goc\san_pham_0008\anh_001_cb03669b.jpg,cb03669b37f2c84819f5f08df6fc1c5dfdfa91786e0fd62d93c2e788443066ee,https://hathyo.com/product/130,https://d134sx875xrex2.cloudfront.net/LIIjZ5VbdK_z7602573338036_3fbcb2db165bf3e031f692eabd94cbd9.jpg,khong_co_logo_chung_chi,,0,tot,
36,anh_000036,san_pham_0008,Nước súc miệng Happy Gums,data\du_lieu_logo\anh_goc\san_pham_0008\anh_002_ef4927ac.jpg,ef4927ac17ad55b716b9bec12b79de3aff5186298e0ad6ae6c3ff92ac846ba1b,https://hathyo.com/product/130,https://d134sx875xrex2.cloudfront.net/p4tCymM2n4_z7589717402595_13a58ed4e1c1e01ce9b703f9b12fa335.jpg,khong_co_logo_chung_chi,,0,tot,
37,anh_000037,san_pham_0008,Nước súc miệng Happy Gums,data\du_lieu_logo\anh_goc\san_pham_0008\anh_003_feb6b688.jpg,feb6b688dbe272de5f8982099bf0fc5affc5f1e49f750086a2a53db053415c88,https://hathyo.com/product/130,https://d134sx875xrex2.cloudfront.net/YxNLkQMiBn_z7589716890854_34a5901b7f8c5814e75df5d1242ef7e6.jpg,khong_co_logo_chung_chi,,0,chap_nhan_duoc,
38,anh_000038,san_pham_0008,Nước súc miệng Happy Gums,data\du_lieu_logo\anh_goc\san_pham_0008\anh_004_0d5c727c.jpg,0d5c727c656d7443036a7c6baa614f2dfcdbda0d4328b3c6dc9d8612467fd289,https://hathyo.com/product/130,https://d134sx875xrex2.cloudfront.net/KWJM5w53Sz_KQKN%20N%C6%B0%E1%BB%9Bc%20S%C3%BAc%20Mi%E1%BB%87ng_page-0001.jpg,co_logo_chung_chi,khac,1,tot,
39,anh_000039,san_pham_0008,Nước súc miệng Happy Gums,data\du_lieu_logo\anh_goc\san_pham_0008\anh_005_b2495cdc.jpg,b2495cdc9486a29bca2f4c17c22cf816dfd668c0a8711282fda719e6baef0ec3,https://hathyo.com/product/130,https://d134sx875xrex2.cloudfront.net/n8SIoaCbDz_KQKN%20N%C6%B0%E1%BB%9Bc%20S%C3%BAc%20Mi%E1%BB%87ng_page-0002.jpg,co_logo_chung_chi,khac,1,tot,
40,anh_000040,san_pham_0009,Nước xịt thơm phòng EGS360,data\du_lieu_logo\anh_goc\san_pham_0009\anh_001_04b96153.jpg,04b961530c66fda4b620c6e0d586a44289c3ae4b47afd660c7602f61de9e6cba,https://hathyo.com/product/131,https://d134sx875xrex2.cloudfront.net/nMn1lHE17P_z7591710184391_462d524f1b23ef07411a6e5f2ddb6f53.jpg,khong_co_logo_chung_chi,,0,tot,
41,anh_000041,san_pham_0009,Nước xịt thơm phòng EGS360,data\du_lieu_logo\anh_goc\san_pham_0009\anh_002_4135c3c1.png,4135c3c11782a92905eece55f43aaee6a7bb13415941a85bc2b0c09b3b02531c,https://hathyo.com/product/131,https://d134sx875xrex2.cloudfront.net/xAVGCulkhE_Logo%20EGS%20360.png,khong_co_logo_chung_chi,,0,tot,
42,anh_000042,san_pham_0009,Nước xịt thơm phòng EGS360,data\du_lieu_logo\anh_goc\san_pham_0009\anh_003_3c8638c6.jpg,3c8638c60d54189f1e4030848e204693a40bd38eac3f11adce41cf3114651e89,https://hathyo.com/product/131,https://d134sx875xrex2.cloudfront.net/m3Z6hYGncO_z7591710538344_d59fdd3a9045f7450920e00e8c9bd31f.jpg,khong_co_logo_chung_chi,,0,tot,
43,anh_000043,san_pham_0009,Nước xịt thơm phòng EGS360,data\du_lieu_logo\anh_goc\san_pham_0009\anh_004_8961694b.jpg,8961694b84daa7f2b3d45f42bdd3a7ba29e7f13d5881fd1170388cd98a642018,https://hathyo.com/product/131,https://d134sx875xrex2.cloudfront.net/8wgSHklnWb_KQ%20x%C3%A9t%20nghi%C3%AAm%20EGS%20360%20Trung%20T%C3%A2m%203_page-0001.jpg,co_logo_chung_chi,khac,1,tot,
44,anh_000044,san_pham_0009,Nước xịt thơm phòng EGS360,data\du_lieu_logo\anh_goc\san_pham_0009\anh_005_56cf3267.jpg,56cf3267c57bd3342edb65da83e8aca72593b1ab3bfbb642da63ba026fe4c70e,https://hathyo.com/product/131,https://d134sx875xrex2.cloudfront.net/TjoC4XlLCb_KQ%20x%C3%A9t%20nghi%C3%AAm%20EGS%20360%20Trung%20T%C3%A2m%203_page-0002.jpg,co_logo_chung_chi,khac,1,tot,
45,anh_000045,san_pham_0010,Xà bông nước MBS 360,data\du_lieu_logo\anh_goc\san_pham_0010\anh_001_32325901.jpg,32325901827c2c0876a4b27e54d9b54938d31cfe6cdad2de429c74d5fc091fcf,https://hathyo.com/product/132,https://d134sx875xrex2.cloudfront.net/RCEwFUoivh_z7602572902384_a685e5611b3100278ae5216eb27bec41.jpg,khong_co_logo_chung_chi,,0,tot,
46,anh_000046,san_pham_0010,Xà bông nước MBS 360,data\du_lieu_logo\anh_goc\san_pham_0010\anh_002_89694f09.jpg,89694f09e84eb4a01b596ca1d474e7e453c9b902a29037a821a6365a35051ab8,https://hathyo.com/product/132,https://d134sx875xrex2.cloudfront.net/otBYkY4EFe_z7589719550597_2547bfc06a29598e2c7dc43c174c5b5a.jpg,khong_co_logo_chung_chi,,0,chap_nhan_duoc,
47,anh_000047,san_pham_0010,Xà bông nước MBS 360,data\du_lieu_logo\anh_goc\san_pham_0010\anh_003_3ea36aed.jpg,3ea36aed61628785b035a5d41e6999c739ddf35dc65ba0a4f85020bc0fc88c06,https://hathyo.com/product/132,https://d134sx875xrex2.cloudfront.net/t38K39bZJs_BMS360%20brochure%20-%20230424_page-0001.jpg,khong_co_logo_chung_chi,,0,tot,
48,anh_000048,san_pham_0010,Xà bông nước MBS 360,data\du_lieu_logo\anh_goc\san_pham_0010\anh_004_ac6eddbf.jpg,ac6eddbfe3150d9c85b5c4582b4724a621242846b7d1afcd165da5fbe4e05ed2,https://hathyo.com/product/132,https://d134sx875xrex2.cloudfront.net/BwhVTe0Z2x_BMS360%20brochure%20-%20230424_page-0002.jpg,co_logo_chung_chi,fda,1,tot,
49,anh_000049,san_pham_0010,Xà bông nước MBS 360,data\du_lieu_logo\anh_goc\san_pham_0010\anh_005_02ee0a3d.jpg,02ee0a3de4cfea6cbd43133a7c7bcc0f0c7f955aef50f825adfe0004e155b5c9,https://hathyo.com/product/132,https://d134sx875xrex2.cloudfront.net/Ivnx2kiDTu_BMS360%20Test%20H%C3%B3a%20ly%20vi%20sinh%20TV%20Pasteur_page-0001.jpg,co_logo_chung_chi,khac,1,tot,
50,anh_000050,san_pham_0010,Xà bông nước MBS 360,data\du_lieu_logo\anh_goc\san_pham_0010\anh_006_2aed3716.jpg,2aed371655dc4e2cf95e4fdd8a88f93257dce5dca97c9689388b0878eb73214b,https://hathyo.com/product/132,https://d134sx875xrex2.cloudfront.net/yA75hzjcTn_BMS360%20Test%20H%C3%B3a%20ly%20vi%20sinh%20TV%20Pasteur_page-0002.jpg,co_logo_chung_chi,khac,1,tot,
51,anh_000051,san_pham_0010,Xà bông nước MBS 360,data\du_lieu_logo\anh_goc\san_pham_0010\anh_007_4a77046b.jpg,4a77046b9575c9fb6c71a857b278926b867155f93ef9f3292c36b6b023466261,https://hathyo.com/product/132,https://d134sx875xrex2.cloudfront.net/NADhuhc2V1_BMS360%20Test%20H%C3%B3a%20ly%20vi%20sinh%20TV%20Pasteur_page-0003.jpg,co_logo_chung_chi,khac,1,tot,
52,anh_000052,san_pham_0010,Xà bông nước MBS 360,data\du_lieu_logo\anh_goc\san_pham_0010\anh_008_29f78129.jpg,29f781293a21527a8f35c7a4148a119f4c2371466720d22f846596a82a3536cf,https://hathyo.com/product/132,https://d134sx875xrex2.cloudfront.net/Wzlide79Us_BMS360%20Test%20H%C3%B3a%20ly%20vi%20sinh%20TV%20Pasteur_page-0004.jpg,co_logo_chung_chi,khac,1,tot,
53,anh_000053,san_pham_0011,Kem Đánh Răng Happy Gums,data\du_lieu_logo\anh_goc\san_pham_0011\anh_001_e8228e73.jpg,e8228e73593f927580595bcf4b0d42b92564bd0d38bbca25a50fbec060ac8429,https://hathyo.com/product/134,https://d134sx875xrex2.cloudfront.net/TNppvMRss6_HAPPY.jpg,khong_co_logo_chung_chi,,0,tot,
54,anh_000054,san_pham_0011,Kem Đánh Răng Happy Gums,data\du_lieu_logo\anh_goc\san_pham_0011\anh_002_36fc4455.png,36fc4455f297990fb6a9d176a861f2ad84d04acaf1a8104c4e1e98952788b4e5,https://hathyo.com/product/134,https://d134sx875xrex2.cloudfront.net/otpIXo1rdK_anh.png,khong_co_logo_chung_chi,,0,tot,
55,anh_000055,san_pham_0011,Kem Đánh Răng Happy Gums,data\du_lieu_logo\anh_goc\san_pham_0011\anh_003_c28efc5f.png,c28efc5fb794b5ed729376b988d9cc56c7543f5c4e3508fcf423811593f9b2b6,https://hathyo.com/product/134,https://d134sx875xrex2.cloudfront.net/nsZ7hvwqa7_KQKN.png,co_logo_chung_chi,khac,1,chap_nhan_duoc,
56,anh_000056,san_pham_0012,Nước tẩy rửa bồn cầu tự động My Happy Tank chai 350ml,data\du_lieu_logo\anh_goc\san_pham_0012\anh_001_62de6fc1.jpg,62de6fc1227169e511c241dfb3eade2a6853389f632f6c5816ba605df2d7a99e,https://hathyo.com/product/136,https://d134sx875xrex2.cloudfront.net/yWGOXNhyb2_z7602572528699_468c55aacd4011af8007af9221498059.jpg,khong_co_logo_chung_chi,,0,tot,
57,anh_000057,san_pham_0012,Nước tẩy rửa bồn cầu tự động My Happy Tank chai 350ml,data\du_lieu_logo\anh_goc\san_pham_0012\anh_002_d71c36aa.jpg,d71c36aa092a529c127cb52b872ebe63168b205cd9a56509b461a477c0a29961,https://hathyo.com/product/136,https://d134sx875xrex2.cloudfront.net/UCW3gdpAA8_z7589715381802_9defb843b7ad71c71e10e88137298ee5.jpg,khong_co_logo_chung_chi,,0,chap_nhan_duoc,
58,anh_000058,san_pham_0012,Nước tẩy rửa bồn cầu tự động My Happy Tank chai 350ml,data\du_lieu_logo\anh_goc\san_pham_0012\anh_003_4890ab73.jpg,4890ab7387a219a0358238db2d45abdb819aae47e848f24408de1e46bfce7bef,https://hathyo.com/product/136,https://d134sx875xrex2.cloudfront.net/20T0rkM6J5_z7589715202071_9b93d64e6956da01d0655b474be60c83.jpg,khong_co_logo_chung_chi,,0,chap_nhan_duoc,
59,anh_000059,san_pham_0012,Nước tẩy rửa bồn cầu tự động My Happy Tank chai 350ml,data\du_lieu_logo\anh_goc\san_pham_0012\anh_004_6a8c63d8.jpg,6a8c63d8cb6721d6f7861ba0b8a0beaa9b3d95b8db1f10be4b67b287262a7dc7,https://hathyo.com/product/136,https://d134sx875xrex2.cloudfront.net/mV8Yiz9re5_KQ%20ki%E1%BB%83m%20nghi%E1%BB%87m%20MHT_page-0001.jpg,co_logo_chung_chi,khac,1,tot,
60,anh_000060,san_pham_0012,Nước tẩy rửa bồn cầu tự động My Happy Tank chai 350ml,data\du_lieu_logo\anh_goc\san_pham_0012\anh_005_f2b08773.jpg,f2b08773e14567e7959b9f66ecf8df7b370f530397ee3ea1142624701d270c3b,https://hathyo.com/product/136,https://d134sx875xrex2.cloudfront.net/ICO5CPQh5G_KQ%20ki%E1%BB%83m%20nghi%E1%BB%87m%20MHT_page-0002.jpg,co_logo_chung_chi,khac,1,tot,
61,anh_000061,san_pham_0012,Nước tẩy rửa bồn cầu tự động My Happy Tank chai 350ml,data\du_lieu_logo\anh_goc\san_pham_0012\anh_006_49d3005a.jpg,49d3005a5888fea7f7559c619cefc924f99eec9fa843613678c3b42264c91222,https://hathyo.com/product/136,https://d134sx875xrex2.cloudfront.net/ZLC9jSXyxy_KQ%20ki%E1%BB%83m%20nghi%E1%BB%87m%20MHT_page-0003.jpg,co_logo_chung_chi,khac,1,tot,
62,anh_000062,san_pham_0012,Nước tẩy rửa bồn cầu tự động My Happy Tank chai 350ml,data\du_lieu_logo\anh_goc\san_pham_0012\anh_007_68ab266f.jpg,68ab266fa6a483d94b8b4768fdea4a374c29a3c64c634ead8009983a76f843d4,https://hathyo.com/product/136,https://d134sx875xrex2.cloudfront.net/Gtvlrb76Vx_KQ%20ki%E1%BB%83m%20nghi%E1%BB%87m%20MHT_page-0004.jpg,co_logo_chung_chi,khac,1,tot,
63,anh_000063,san_pham_0012,Nước tẩy rửa bồn cầu tự động My Happy Tank chai 350ml,data\du_lieu_logo\anh_goc\san_pham_0012\anh_008_2bca76ed.jpg,2bca76edf4067ca96e85d7b2e305e665418d4f3f0af5896daa5af2caef5db97d,https://hathyo.com/product/136,https://d134sx875xrex2.cloudfront.net/MIuOqXQqyY_KQ%20ki%E1%BB%83m%20nghi%E1%BB%87m%20MHT_page-0005.jpg,co_logo_chung_chi,khac,1,tot,
64,anh_000064,san_pham_0012,Nước tẩy rửa bồn cầu tự động My Happy Tank chai 350ml,data\du_lieu_logo\anh_goc\san_pham_0012\anh_009_8c3a73c7.jpg,8c3a73c736b24cf3e404bb37f39bf261016d69bda392cb223033a35760b5f5b1,https://hathyo.com/product/136,https://d134sx875xrex2.cloudfront.net/cj1r8ut53E_KQ%20ki%E1%BB%83m%20nghi%E1%BB%87m%20MHT_page-0006.jpg,co_logo_chung_chi,khac,1,tot,
65,anh_000065,san_pham_0013,DẦU GỘI BỒ KẾT VỎ BƯỞI - TRẦN LAN,data\du_lieu_logo\anh_goc\san_pham_0013\anh_001_94a408a6.jpg,94a408a6612d79f383eae97fb45d8160ea56929bcfecfac687675e9f538595af,https://hathyo.com/product/137,https://d134sx875xrex2.cloudfront.net/grng1upAxp_z7433520498886_0ff94c4c5e274c908cf8eee5567f7d0b.jpg,khong_co_logo_chung_chi,,0,tot,
66,anh_000066,san_pham_0013,DẦU GỘI BỒ KẾT VỎ BƯỞI - TRẦN LAN,data\du_lieu_logo\anh_goc\san_pham_0013\anh_002_f6bba873.jpg,f6bba873e4088a50b6274cb8ba1cc8ac940c98497a4fd412c3b81641d57786d0,https://hathyo.com/product/137,https://d134sx875xrex2.cloudfront.net/QVXLIwdsu7_d%E1%BA%A7u%20g%E1%BB%99i.jpg,khong_co_logo_chung_chi,,0,chap_nhan_duoc,
67,anh_000067,san_pham_0013,DẦU GỘI BỒ KẾT VỎ BƯỞI - TRẦN LAN,data\du_lieu_logo\anh_goc\san_pham_0013\anh_003_ece4d7ff.jpg,ece4d7ff207443c7eca52ba1984462496121d4e120cd007b59facce2e39bb0d6,https://hathyo.com/product/137,https://d134sx875xrex2.cloudfront.net/8nERWCusIl_z7433520317535_0c45e8cb6e4494a6d71a0d7decf2f408.jpg,khong_co_logo_chung_chi,,0,tot,
68,anh_000068,san_pham_0013,DẦU GỘI BỒ KẾT VỎ BƯỞI - TRẦN LAN,data\du_lieu_logo\anh_goc\san_pham_0013\anh_004_a6efa5bc.jpg,a6efa5bc2f790ddd4863505030aa2a4f50bcae08eedc19030adc701043bc79c4,https://hathyo.com/product/137,https://d134sx875xrex2.cloudfront.net/bFdsAvcJa6_z7433520730957_26dde3ce41c7bb3cac28cbed5816f5f0.jpg,khong_co_logo_chung_chi,,0,tot,
69,anh_000069,san_pham_0013,DẦU GỘI BỒ KẾT VỎ BƯỞI - TRẦN LAN,data\du_lieu_logo\anh_goc\san_pham_0013\anh_005_1c297887.jpg,1c2978875fd7f5c61f02e4fd7fa66f0b8ffa4ba160a9fe289067e2b5e7a13d3e,https://hathyo.com/product/137,https://d134sx875xrex2.cloudfront.net/thK3qXATRp_z7433522521342_b1f8302777fcf469d8a2303d22c4e5b0.jpg,khong_co_logo_chung_chi,,0,tot,
70,anh_000070,san_pham_0013,DẦU GỘI BỒ KẾT VỎ BƯỞI - TRẦN LAN,data\du_lieu_logo\anh_goc\san_pham_0013\anh_006_2a45e1db.jpg,2a45e1db2e68debd6956deaeb9bf955eb3dfa4b8f6a0a04e45099571b7d3d532,https://hathyo.com/product/137,https://d134sx875xrex2.cloudfront.net/TP3nnKepiV_z7433522363220_8329d3243879065576850b0c75c55dae.jpg,khong_co_logo_chung_chi,,0,tot,
71,anh_000071,san_pham_0014,GỪNG MỘC THẺ - VỊ TRUYỀN THỐNG,data\du_lieu_logo\anh_goc\san_pham_0014\anh_001_2081bedb.jpg,2081bedb7c4d64c61a1e176321f8b6f662262b7cbfb3ee701ee609279c8958e0,https://hathyo.com/product/140,https://d134sx875xrex2.cloudfront.net/eEWltXuYxK_2T2A948.jpg,khong_co_logo_chung_chi,,0,tot,
72,anh_000072,san_pham_0014,GỪNG MỘC THẺ - VỊ TRUYỀN THỐNG,data\du_lieu_logo\anh_goc\san_pham_0014\anh_002_8f7ea260.jpg,8f7ea2608b6cf9876d60a7e579d4e219d4e0e4d8ed83b1b9f4b3d7517a394828,https://hathyo.com/product/140,https://d134sx875xrex2.cloudfront.net/pXDKE8gQGl_704913079_993582209786998_480403472217918146_n.jpg,khong_co_logo_chung_chi,,0,chap_nhan_duoc,
73,anh_000073,san_pham_0014,GỪNG MỘC THẺ - VỊ TRUYỀN THỐNG,data\du_lieu_logo\anh_goc\san_pham_0014\anh_003_ade0a81c.png,ade0a81c482184e5fa60dea2cc64621381f5b2015170c174ad154770f1640bd5,https://hathyo.com/product/140,https://d134sx875xrex2.cloudfront.net/QvAmOFvjO2_2T2A950.jpg,khong_co_logo_chung_chi,,0,qua_nho,
74,anh_000074,san_pham_0015,MỲ SỢI KHÔ RAU CỦ - TRẦN LAN,data\du_lieu_logo\anh_goc\san_pham_0015\anh_001_de124d6f.jpg,de124d6f895b08e7c20803829a6a9a23dea23bcd189a432b8326b03bdd59e4e5,https://hathyo.com/product/141,https://d134sx875xrex2.cloudfront.net/SrzUFWW8KW_d939bcd8-9794-4038-88ba-f1117992eb28.jpg,khong_co_logo_chung_chi,,0,tot,
75,anh_000075,san_pham_0015,MỲ SỢI KHÔ RAU CỦ - TRẦN LAN,data\du_lieu_logo\anh_goc\san_pham_0015\anh_002_7faad0bb.jpg,7faad0bb87e3bfb2efc373fbbea4551e92cf929352ce7c94993a5d4405be3427,https://hathyo.com/product/141,https://d134sx875xrex2.cloudfront.net/aTYOoyFC9F_22e1e777-8510-45a3-88c2-788a21ef4f36.jpg,khong_co_logo_chung_chi,,0,tot,
76,anh_000076,san_pham_0015,MỲ SỢI KHÔ RAU CỦ - TRẦN LAN,data\du_lieu_logo\anh_goc\san_pham_0015\anh_003_9f5f13e3.jpg,9f5f13e3dcefb02e7ce203b78ce16de6e61519ffb1ec7ecacd02c61d8b29ccbb,https://hathyo.com/product/141,https://d134sx875xrex2.cloudfront.net/6WtsO3GrC5_21aa23bc-4e70-49c5-8b9e-aa80d03bb348.jpg,khong_co_logo_chung_chi,,0,tot,
77,anh_000077,san_pham_0015,MỲ SỢI KHÔ RAU CỦ - TRẦN LAN,data\du_lieu_logo\anh_goc\san_pham_0015\anh_004_efe467a8.jpg,efe467a80c9fc1e40dcca0cdeda64ed5e7204ddd6f20616c5f650e25b752a6dd,https://hathyo.com/product/141,https://d134sx875xrex2.cloudfront.net/JxZYr9LQbx_74706064-f996-4ca4-923d-43f948e0ea31.jpg,khong_co_logo_chung_chi,,0,tot,
78,anh_000078,san_pham_0015,MỲ SỢI KHÔ RAU CỦ - TRẦN LAN,data\du_lieu_logo\anh_goc\san_pham_0015\anh_005_e8377e64.jpg,e8377e64fae791696627ac46549f8184ecdc2be8936b0bf4f8180da8054515b7,https://hathyo.com/product/141,https://d134sx875xrex2.cloudfront.net/TWG1v9F8hb_341af308-b506-4334-bb59-a774cbbec293.jpg,co_logo_chung_chi,khac,1,tot,
79,anh_000079,san_pham_0015,MỲ SỢI KHÔ RAU CỦ - TRẦN LAN,data\du_lieu_logo\anh_goc\san_pham_0015\anh_006_e3477750.jpg,e3477750db5a20542fc0411b564f84c2203de79c98e89d860c8669ac83e9fdde,https://hathyo.com/product/141,https://d134sx875xrex2.cloudfront.net/HAUjqw4NrO_ffccad7e-5baa-471e-a8b6-ecf46bcb3f90.jpg,co_logo_chung_chi,khac,1,tot,
80,anh_000080,san_pham_0016,NGŨ CỐC ĂN LIỀN- GRANOLA,data\du_lieu_logo\anh_goc\san_pham_0016\anh_001_9f3a07cf.jpg,9f3a07cfd4067a84855d061cc3eaa8bb46e5d69eb290fd42f908a1e91ff62726,https://hathyo.com/product/142,https://d134sx875xrex2.cloudfront.net/BaDro5crCV_z7847275520294_b9056decd92bb0a52a6006fdcd524c0c.jpg,khong_co_logo_chung_chi,,0,tot,
81,anh_000081,san_pham_0016,NGŨ CỐC ĂN LIỀN- GRANOLA,data\du_lieu_logo\anh_goc\san_pham_0016\anh_002_4cda465f.jpg,4cda465fa37feb88660285e08a8614a1e14fb862c3b305647c6a2d81d52baaba,https://hathyo.com/product/142,https://d134sx875xrex2.cloudfront.net/01raqnNIiy_z7847274445400_4d67d85fe29cda3a2a94c1836139f01f.jpg,khong_co_logo_chung_chi,,0,chap_nhan_duoc,
82,anh_000082,san_pham_0016,NGŨ CỐC ĂN LIỀN- GRANOLA,data\du_lieu_logo\anh_goc\san_pham_0016\anh_003_94e50ddb.jpg,94e50ddbb9a2a078fec980252fd151547d3bb6b486b6bd57117cc7963c57c239,https://hathyo.com/product/142,https://d134sx875xrex2.cloudfront.net/2QOCgq4wX1_z7847275441779_de6f1cf01fb9eb0511c8523f28fc7f15.jpg,khong_co_logo_chung_chi,,0,tot,
83,anh_000083,san_pham_0016,NGŨ CỐC ĂN LIỀN- GRANOLA,data\du_lieu_logo\anh_goc\san_pham_0016\anh_004_db8be136.jpg,db8be1366dd71180abab1982823b28cf58685a6e551021a11c44ccf5bdc21d77,https://hathyo.com/product/142,https://d134sx875xrex2.cloudfront.net/clGaE180RM_z7847275605004_6b78285a9bde7563e20f864a00c08aac.jpg,khong_co_logo_chung_chi,,0,tot,
84,anh_000084,san_pham_0016,NGŨ CỐC ĂN LIỀN- GRANOLA,data\du_lieu_logo\anh_goc\san_pham_0016\anh_005_585ca3a3.jpg,585ca3a3b3f0655aa72cf3e1ca36dadfe9decd5cedff6ddd47356eb9a25e33e5,https://hathyo.com/product/142,https://d134sx875xrex2.cloudfront.net/ydYqTEkwPq_z7847275616452_e93cb4d0cd89ebdbd8afbe0cf36ff933.jpg,khong_co_logo_chung_chi,,0,tot,
85,anh_000085,san_pham_0017,NGŨ CỐC CAO CẤP TRẦN LAN - 100% THIÊN NHIÊN,data\du_lieu_logo\anh_goc\san_pham_0017\anh_001_05f776c6.jpg,05f776c6394b0849575d26d9ac9dd222d4ec95cadf282adb74ed4b37c7103386,https://hathyo.com/product/143,https://d134sx875xrex2.cloudfront.net/GGaSE94MTh_10235825-3365-4e4c-9e75-50c92c104c27.jpg,co_logo_chung_chi,ocop,1,tot,
86,anh_000086,san_pham_0017,NGŨ CỐC CAO CẤP TRẦN LAN - 100% THIÊN NHIÊN,data\du_lieu_logo\anh_goc\san_pham_0017\anh_002_4a0f3703.jpg,4a0f37034cfc41eb5ee051ddf6c2f4fd3a3d437260706588bebab8ff3766e998,https://hathyo.com/product/143,https://d134sx875xrex2.cloudfront.net/txUWIgziGa_9cfefe99-4ebb-4f36-a988-a041330c7b2b.jpg,co_logo_chung_chi,ocop,1,tot,
87,anh_000087,san_pham_0017,NGŨ CỐC CAO CẤP TRẦN LAN - 100% THIÊN NHIÊN,data\du_lieu_logo\anh_goc\san_pham_0017\anh_003_df6908a6.jpg,df6908a6e75684169fc48ed7241230acf0644451bbb42da1ca80f6f79d4ff54b,https://hathyo.com/product/143,https://d134sx875xrex2.cloudfront.net/9fTnO7tXf5_b6c0b59d-3d8c-471b-bbe5-44a630fc7782.jpg,co_logo_chung_chi,ocop,1,chap_nhan_duoc,
88,anh_000088,san_pham_0017,NGŨ CỐC CAO CẤP TRẦN LAN - 100% THIÊN NHIÊN,data\du_lieu_logo\anh_goc\san_pham_0017\anh_004_b810ca65.jpg,b810ca65c300af7c94ad2cfe32a6300bb34707d72664056a1b4d638ca8dd2625,https://hathyo.com/product/143,https://d134sx875xrex2.cloudfront.net/cu83SJlJFG_4dd58043-efa6-461d-b146-173e068ee36d.jpg,co_logo_chung_chi,ocop,1,tot,
89,anh_000089,san_pham_0017,NGŨ CỐC CAO CẤP TRẦN LAN - 100% THIÊN NHIÊN,data\du_lieu_logo\anh_goc\san_pham_0017\anh_005_e1b232eb.jpg,e1b232eb7292502fbfbb253a3dd93bec1c2d20ec194ecb895bf86d881b9b5c9a,https://hathyo.com/product/143,https://d134sx875xrex2.cloudfront.net/PpPAAqfVWc_84cc3df8-b067-43d4-9da0-722b9afb99c7.jpg,co_logo_chung_chi,ocop,1,tot,
90,anh_000090,san_pham_0017,NGŨ CỐC CAO CẤP TRẦN LAN - 100% THIÊN NHIÊN,data\du_lieu_logo\anh_goc\san_pham_0017\anh_006_e4ead380.jpg,e4ead3808b425481dfb9fa42c0390564ec65f54ab86c1f0c0aef49309ceb99d2,https://hathyo.com/product/143,https://d134sx875xrex2.cloudfront.net/mzJv5tScml_a2e57844-5d42-483d-a021-689b7d0daeac.jpg,co_logo_chung_chi,khac,1,tot,
91,anh_000091,san_pham_0018,🌿 TINH BỘT NGHỆ VÀNG NGUYÊN CHẤT – TRẦN LAN,data\du_lieu_logo\anh_goc\san_pham_0018\anh_001_eb4dddbc.jpg,eb4dddbc40e87e8e08efe27684d32c4005a71ae82707ddfe5c57708e853d8ede,https://hathyo.com/product/144,https://d134sx875xrex2.cloudfront.net/1N8fVd4uME_9184b86e-b33e-4d63-808e-74e2b72d9d28.jpg,khong_co_logo_chung_chi,,0,tot,
92,anh_000092,san_pham_0018,🌿 TINH BỘT NGHỆ VÀNG NGUYÊN CHẤT – TRẦN LAN,data\du_lieu_logo\anh_goc\san_pham_0018\anh_002_b646d172.jpg,b646d172376682856f4a6688f6d657a17ae291778eb7e7c48b9132c01b578d25,https://hathyo.com/product/144,https://d134sx875xrex2.cloudfront.net/bjMHzTsiXt_21108b21-a31f-4fda-959e-bb885cf10cca.jpg,khong_co_logo_chung_chi,,0,tot,
93,anh_000093,san_pham_0018,🌿 TINH BỘT NGHỆ VÀNG NGUYÊN CHẤT – TRẦN LAN,data\du_lieu_logo\anh_goc\san_pham_0018\anh_003_2b0ccd88.jpg,2b0ccd88960a7b9b9fada3f107037992b71f15ab437701587a3ef88847d847f7,https://hathyo.com/product/144,https://d134sx875xrex2.cloudfront.net/FbGtUCdhY1_11218527-c70f-44b0-8003-f2f26db27559.jpg,khong_co_logo_chung_chi,,0,tot,
94,anh_000094,san_pham_0018,🌿 TINH BỘT NGHỆ VÀNG NGUYÊN CHẤT – TRẦN LAN,data\du_lieu_logo\anh_goc\san_pham_0018\anh_004_49c429cd.jpg,49c429cd7577bbf50c78d3c6ce886caddf42f23714981bb405d1e4163fab4090,https://hathyo.com/product/144,https://d134sx875xrex2.cloudfront.net/HA1DbsHpHA_8b80169e-f94b-4ec0-8f85-9a34ba2bbb9b.jpg,khong_co_logo_chung_chi,,0,tot,
95,anh_000095,san_pham_0018,🌿 TINH BỘT NGHỆ VÀNG NGUYÊN CHẤT – TRẦN LAN,data\du_lieu_logo\anh_goc\san_pham_0018\anh_005_ece9315e.jpg,ece9315e70427c5a2d36b6ee959ecedb821a640ee1ebbac54a560b0e2cab9d22,https://hathyo.com/product/144,https://d134sx875xrex2.cloudfront.net/5LLdvyXom0_68f2c8b8-0a38-404a-abd5-0b3fd2f6b7d0.jpg,co_logo_chung_chi,khac,1,tot,
96,anh_000096,san_pham_0019,TRÀ GẠO LỨT THẢO MỘC - TRẦN LAN,data\du_lieu_logo\anh_goc\san_pham_0019\anh_001_00033803.jpg,000338036f6b5ae8eadfe9ac22efb6c6e84003fd86c646903d79dfd7df72f966,https://hathyo.com/product/145,https://d134sx875xrex2.cloudfront.net/xVoShn3C8Z_39e15dba-afed-48ab-ad00-c8933abe5f2a.jpg,khong_co_logo_chung_chi,,0,tot,
97,anh_000097,san_pham_0019,TRÀ GẠO LỨT THẢO MỘC - TRẦN LAN,data\du_lieu_logo\anh_goc\san_pham_0019\anh_002_c0d71c68.jpg,c0d71c68bb338801641678cc0b75649dae2a5348f3870c658e5f8edf1cd7a63a,https://hathyo.com/product/145,https://d134sx875xrex2.cloudfront.net/UdsFqB5yUZ_1d3e0e8b-3395-4478-8319-28d1ecd8d2ef.jpg,co_logo_chung_chi,ocop,1,tot,
98,anh_000098,san_pham_0019,TRÀ GẠO LỨT THẢO MỘC - TRẦN LAN,data\du_lieu_logo\anh_goc\san_pham_0019\anh_003_4d17e00d.jpg,4d17e00d2edfa9372ea02b3af44a59410c0f4dff344753bc4d857480beefde6c,https://hathyo.com/product/145,https://d134sx875xrex2.cloudfront.net/VDBTkpaCFJ_2261a1b4-0496-4766-9d5e-d86047024f93.jpg,co_logo_chung_chi,ocop,1,tot,
99,anh_000099,san_pham_0019,TRÀ GẠO LỨT THẢO MỘC - TRẦN LAN,data\du_lieu_logo\anh_goc\san_pham_0019\anh_004_de27d014.jpg,de27d014a95b16b9ed52656c08716f6cfa3fc71c773cad66ff6fed2859a6f9fc,https://hathyo.com/product/145,https://d134sx875xrex2.cloudfront.net/D074zldBXo_497c1194-f191-47ce-a77d-a7e1b4d94420.jpg,co_logo_chung_chi,ocop,1,chap_nhan_duoc,
100,anh_000100,san_pham_0019,TRÀ GẠO LỨT THẢO MỘC - TRẦN LAN,data\du_lieu_logo\anh_goc\san_pham_0019\anh_005_3081b0cb.jpg,3081b0cbdfccb91b2885ea28b705a0bef3fed24eb854f5ab98278dce7d68ef99,https://hathyo.com/product/145,https://d134sx875xrex2.cloudfront.net/48mv462QJ8_efcb29f0-6e0b-4feb-a288-ed8079db3ba3.jpg,co_logo_chung_chi,khac,1,tot,
101,anh_000101,san_pham_0019,TRÀ GẠO LỨT THẢO MỘC - TRẦN LAN,data\du_lieu_logo\anh_goc\san_pham_0019\anh_006_5aa07654.jpg,5aa07654dafc490756dcc61596186ec5b2a2131027603957043dc67e9a1632ec,https://hathyo.com/product/145,https://d134sx875xrex2.cloudfront.net/0jB1NoSkYv_33277800-f00d-4e8c-8a59-38ddd71e65db.jpg,co_logo_chung_chi,ocop,1,tot,
102,anh_000102,san_pham_0020,🍃 TRÀ LÁ ỔI THẢO MỘC TÚI LỌC - TRẦN LAN,data\du_lieu_logo\anh_goc\san_pham_0020\anh_001_175a8099.jpg,175a80991b0ddc4bcf942bd3fa85f2a45e036f398b3753ce7c4648275f49ef8f,https://hathyo.com/product/146,https://d134sx875xrex2.cloudfront.net/7QgLxRvcT5_60a3d765-b7e4-4d31-a7d4-7819e43375ee.jpg,khong_co_logo_chung_chi,,0,tot,
103,anh_000103,san_pham_0020,🍃 TRÀ LÁ ỔI THẢO MỘC TÚI LỌC - TRẦN LAN,data\du_lieu_logo\anh_goc\san_pham_0020\anh_002_d50dd614.jpg,d50dd614888f70a3d05292f26cefd9aa3e91c51793b158e103dbc7ccf6b5455d,https://hathyo.com/product/146,https://d134sx875xrex2.cloudfront.net/BmKCU5Ctds_8518c0dd-665e-4038-82d9-30df7f474a36.jpg,khong_co_logo_chung_chi,,0,tot,
104,anh_000104,san_pham_0020,🍃 TRÀ LÁ ỔI THẢO MỘC TÚI LỌC - TRẦN LAN,data\du_lieu_logo\anh_goc\san_pham_0020\anh_003_3cbd1ce9.jpg,3cbd1ce9ffd5d9844d91893d87b06d7f31c2847e8f8091c593aaabf153360286,https://hathyo.com/product/146,https://d134sx875xrex2.cloudfront.net/s8eAgVz0O2_4694d5ea-f653-4ce4-ab24-7df59050bd36.jpg,khong_co_logo_chung_chi,,0,tot,
105,anh_000105,san_pham_0021,TRÀ LÁ SEN - TRẦN LAN,data\du_lieu_logo\anh_goc\san_pham_0021\anh_001_411cc162.jpg,411cc1622bda300dcdb8e0e70ac9da98a90a6908caf0e075a0c7be6f3c83b6eb,https://hathyo.com/product/147,https://d134sx875xrex2.cloudfront.net/pZepkUFx6V_e49784a8-377b-4eb5-8ffe-c9779130a810.jpg,khong_co_logo_chung_chi,,0,tot,
106,anh_000106,san_pham_0021,TRÀ LÁ SEN - TRẦN LAN,data\du_lieu_logo\anh_goc\san_pham_0021\anh_002_986bd143.jpg,986bd1435109ed567dff08579690410b2c2be57034baaa6c03a662e2d5d7d7eb,https://hathyo.com/product/147,https://d134sx875xrex2.cloudfront.net/A8isvHlmsK_50475cf1-bc59-4a89-acb4-a063da88a8ab.jpg,khong_co_logo_chung_chi,,0,tot,
107,anh_000107,san_pham_0021,TRÀ LÁ SEN - TRẦN LAN,data\du_lieu_logo\anh_goc\san_pham_0021\anh_003_80df06cc.jpg,80df06ccd9fc49755e67f47c9356f81f70f199286bf512b4a0668528e7a7ab52,https://hathyo.com/product/147,https://d134sx875xrex2.cloudfront.net/VVyCrcAzCC_848f2729-6799-4ade-828b-5a3ec79adffd.jpg,khong_co_logo_chung_chi,,0,tot,
108,anh_000108,san_pham_0021,TRÀ LÁ SEN - TRẦN LAN,data\du_lieu_logo\anh_goc\san_pham_0021\anh_004_fa5506ac.jpg,fa5506aca2be7f0bea20f1fcb8df3a49c77faa2c9dc9fd2d6e4ad143f2660d10,https://hathyo.com/product/147,https://d134sx875xrex2.cloudfront.net/YBGR8HUuzr_d29d3d06-02a2-4892-8ec9-7aa65b39fcb7.jpg,khong_co_logo_chung_chi,,0,tot,
109,anh_000109,san_pham_0022,🌿 BỘT TÍA TÔ SẤY LẠNH NGUYÊN CHẤT,data\du_lieu_logo\anh_goc\san_pham_0022\anh_001_33fec9f4.jpg,33fec9f42ed991c22ec66e76ab80db1c671e3280d772187919bc90998c26bb0a,https://hathyo.com/product/148,https://d134sx875xrex2.cloudfront.net/836xN6ucd4_28c56379-8371-48fd-bd90-aca7b30b81aa.jpg,co_logo_chung_chi,ocop,1,tot,
110,anh_000110,san_pham_0022,🌿 BỘT TÍA TÔ SẤY LẠNH NGUYÊN CHẤT,data\du_lieu_logo\anh_goc\san_pham_0022\anh_002_19a26d84.jpg,19a26d8445c7b53a6cc1d51d03cfdd4d3d874970092a963561a880e4b95d8a76,https://hathyo.com/product/148,https://d134sx875xrex2.cloudfront.net/5rSCclAe1p_7c3ba3d8-18a1-4d3c-bf8e-5c89b2478cf1.jpg,co_logo_chung_chi,ocop,1,tot,
111,anh_000111,san_pham_0022,🌿 BỘT TÍA TÔ SẤY LẠNH NGUYÊN CHẤT,data\du_lieu_logo\anh_goc\san_pham_0022\anh_003_10a53204.jpg,10a532045f29d84bcba43372f06646383bf959df632aae0faa4422058e9fac0f,https://hathyo.com/product/148,https://d134sx875xrex2.cloudfront.net/EbggRFtV1u_704fb426-596d-40a8-a798-a795813d8845.jpg,co_logo_chung_chi,ocop,1,tot,
112,anh_000112,san_pham_0022,🌿 BỘT TÍA TÔ SẤY LẠNH NGUYÊN CHẤT,data\du_lieu_logo\anh_goc\san_pham_0022\anh_004_1312fbf4.jpg,1312fbf46d0669f50bf36e36f9faca0d64b88562dbb46730e7328aa093939491,https://hathyo.com/product/148,https://d134sx875xrex2.cloudfront.net/qbrQmikV8t_5072b4c3-b534-4650-a8a3-4c13e928ce49.jpg,co_logo_chung_chi,ocop,1,tot,
113,anh_000113,san_pham_0022,🌿 BỘT TÍA TÔ SẤY LẠNH NGUYÊN CHẤT,data\du_lieu_logo\anh_goc\san_pham_0022\anh_005_bcfbce7f.jpg,bcfbce7f7f6867f039561ea32090362e02192cd910f94ed78b5353a03c33f0de,https://hathyo.com/product/148,https://d134sx875xrex2.cloudfront.net/qdj7A917cO_t%C3%ADa%20t%C3%B4.jpg,co_logo_chung_chi,ocop,1,tot,
114,anh_000114,san_pham_0022,🌿 BỘT TÍA TÔ SẤY LẠNH NGUYÊN CHẤT,data\du_lieu_logo\anh_goc\san_pham_0022\anh_006_69222b92.jpg,69222b923c40b59c1d189995da2d024b2a8cdd1b0497edae68763d6b6fb85cea,https://hathyo.com/product/148,https://d134sx875xrex2.cloudfront.net/11Li8LmNkc_t%C3%ADa%20to2.jpg,co_logo_chung_chi,khac,1,tot,
115,anh_000115,san_pham_0022,🌿 BỘT TÍA TÔ SẤY LẠNH NGUYÊN CHẤT,data\du_lieu_logo\anh_goc\san_pham_0022\anh_007_10727fc1.jpg,10727fc13a87c8e0ecd093c2620a0c48531e791f6d4198ce7ee8619a57c1e8b0,https://hathyo.com/product/148,https://d134sx875xrex2.cloudfront.net/TpxkzLF1Os_bottia3.jpg,co_logo_chung_chi,khac,1,tot,
116,anh_000116,san_pham_0023,TRÀ TÍA TÔ - TRẦN LAN,data\du_lieu_logo\anh_goc\san_pham_0023\anh_001_43b616f6.jpg,43b616f63f6a56ea1c60effb0e65be1b243fe129382744e6fc7a371901d62f8b,https://hathyo.com/product/149,https://d134sx875xrex2.cloudfront.net/N5CKcfRJLH_01563043-2e04-4a14-9f51-40ea75ad108c.jpg,khong_co_logo_chung_chi,,0,tot,
117,anh_000117,san_pham_0023,TRÀ TÍA TÔ - TRẦN LAN,data\du_lieu_logo\anh_goc\san_pham_0023\anh_002_230c05f2.jpg,230c05f217211fde9a071f55495cc59c33d93c56aefb7c66ad1ae6f6524aa6b8,https://hathyo.com/product/149,https://d134sx875xrex2.cloudfront.net/VNb0vDW1Rl_b620c8ec-484c-4a8b-afb5-a191289dcafe.jpg,khong_co_logo_chung_chi,,0,tot,
118,anh_000118,san_pham_0023,TRÀ TÍA TÔ - TRẦN LAN,data\du_lieu_logo\anh_goc\san_pham_0023\anh_003_0c1ae0d7.jpg,0c1ae0d72e627791f3f8fcf3a5e5f80178636dae34583793ac0dee1b7d4ab8ae,https://hathyo.com/product/149,https://d134sx875xrex2.cloudfront.net/UKMWerPBW6_f5a1f9dd-873d-49e9-b61a-432a2ea875e8.jpg,co_logo_chung_chi,ocop,1,tot,
119,anh_000119,san_pham_0024,BỘT GỪNG SẤY LẠNH,data\du_lieu_logo\anh_goc\san_pham_0024\anh_001_d7e5a22b.jpg,d7e5a22b28b6ab60496b75f9c0ff10f9377e7ae4298fdf64abed58e58f29e162,https://hathyo.com/product/150,https://d134sx875xrex2.cloudfront.net/cLjz0c7L8v_fc4e4403-4907-4893-a30a-e4a4631e1dca.jpg,co_logo_chung_chi,ocop,1,chap_nhan_duoc,
120,anh_000120,san_pham_0024,BỘT GỪNG SẤY LẠNH,data\du_lieu_logo\anh_goc\san_pham_0024\anh_002_680ae0f6.jpg,680ae0f6e92ff8c5618b13122723911394e25d25a7695274b6690b640cc7bd9e,https://hathyo.com/product/150,https://d134sx875xrex2.cloudfront.net/6kQuMZuT2o_3cdaf163-669b-49a8-9173-f78fb558f03e.jpg,khong_co_logo_chung_chi,,0,tot,
121,anh_000121,san_pham_0024,BỘT GỪNG SẤY LẠNH,data\du_lieu_logo\anh_goc\san_pham_0024\anh_003_e7300540.jpg,e73005400f13d6067f5b4cd2acdd352dd1f8a1093c68013000a23859ce5e8006,https://hathyo.com/product/150,https://d134sx875xrex2.cloudfront.net/h2aBUGXQ5j_e2bd5130-0a44-4e99-9e6f-30b1dfdbb61f.jpg,co_logo_chung_chi,ocop,1,tot,
122,anh_000122,san_pham_0024,BỘT GỪNG SẤY LẠNH,data\du_lieu_logo\anh_goc\san_pham_0024\anh_004_302caddc.jpg,302caddc9d27d887a72e0ec3c4a30275fff243d3d2deaca41ae9a0f4b10b329a,https://hathyo.com/product/150,https://d134sx875xrex2.cloudfront.net/iZAZR7Akl2_9cf9c748-964d-4cf3-b9e4-dfc24cb74e7f.jpg,khong_co_logo_chung_chi,,0,tot,
123,anh_000123,san_pham_0024,BỘT GỪNG SẤY LẠNH,data\du_lieu_logo\anh_goc\san_pham_0024\anh_005_8a83b147.jpg,8a83b14728cec1c80aa9b4acc639220a6acf8da215e1bbff9bf89e9242410280,https://hathyo.com/product/150,https://d134sx875xrex2.cloudfront.net/lcp3T7Qdno_a9cbd29c-21c8-4487-bf8d-c5a563649344.jpg,co_logo_chung_chi,ocop,1,tot,
124,anh_000124,san_pham_0025,🌿 BỘT MÈ ĐEN – ĐẬU ĐEN XANH LÒNG,data\du_lieu_logo\anh_goc\san_pham_0025\anh_001_7d58a7bf.jpg,7d58a7bf6bc4c46a578983ad8861886b156d7f7ace1845d33c4f121ae2dfc486,https://hathyo.com/product/151,https://d134sx875xrex2.cloudfront.net/8GwIyuB0IT_397f7709-e1e4-4b9c-8e5c-a42cf2b2bcd3.jpg,khong_co_logo_chung_chi,,0,tot,
125,anh_000125,san_pham_0025,🌿 BỘT MÈ ĐEN – ĐẬU ĐEN XANH LÒNG,data\du_lieu_logo\anh_goc\san_pham_0025\anh_002_6d75755c.jpg,6d75755c0c6c3f6bb8c7ce845a938234c0746ae52be678395a217af2da7240d8,https://hathyo.com/product/151,https://d134sx875xrex2.cloudfront.net/jxCqNMQK1v_20298d44-bd17-41be-bd0a-533ec6b4645b.jpg,khong_co_logo_chung_chi,,0,tot,
126,anh_000126,san_pham_0026,BỘT SẮN DÂY - TRẦN LAN,data\du_lieu_logo\anh_goc\san_pham_0026\anh_001_0efefce3.jpg,0efefce301f858e9ebc92a352d829df2ac28353fb824b76845b41239a5fc4133,https://hathyo.com/product/152,https://d134sx875xrex2.cloudfront.net/BoV0vbASZ1_z7603736390171_94e8b8e97719ee52f28a00ebada36573.jpg,khong_co_logo_chung_chi,,0,tot,
127,anh_000127,san_pham_0026,BỘT SẮN DÂY - TRẦN LAN,data\du_lieu_logo\anh_goc\san_pham_0026\anh_002_f909a7af.jpg,f909a7afc37ac268c75c245e1965521db1095bb91cde2fff1c74414e41b17ad5,https://hathyo.com/product/152,https://d134sx875xrex2.cloudfront.net/osq3KM8N0h_z7334032903360_23bd8069a009fcbb949a50fa8a3e612e.jpg,khong_co_logo_chung_chi,,0,tot,
128,anh_000128,san_pham_0027,🌸 BỘT SEN QUÊ DINH DƯỠNG,data\du_lieu_logo\anh_goc\san_pham_0027\anh_001_a76167ba.jpg,a76167ba9d8d4656cc82d533560f2d9661279a08da0ccd74639797612626ee66,https://hathyo.com/product/153,https://d134sx875xrex2.cloudfront.net/OJnqerWuoV_c9b55335-4fc4-4851-9355-eb69f8020381.jpg,khong_co_logo_chung_chi,,0,tot,
129,anh_000129,san_pham_0027,🌸 BỘT SEN QUÊ DINH DƯỠNG,data\du_lieu_logo\anh_goc\san_pham_0027\anh_002_be1cb615.jpg,be1cb6152d2811f5a969003a58578e0cb3fb4cbcf9afcc086a960b0ab037ad8e,https://hathyo.com/product/153,https://d134sx875xrex2.cloudfront.net/UTpzEprGrC_84db2a8f-3100-4b75-8309-3d0a09cd658c.jpg,khong_co_logo_chung_chi,,0,tot,
130,anh_000130,san_pham_0027,🌸 BỘT SEN QUÊ DINH DƯỠNG,data\du_lieu_logo\anh_goc\san_pham_0027\anh_003_c9ecdcb2.jpg,c9ecdcb273c28fddb3ca0acf3017146c40c99e02e4e29c9ee5d64db9377921a6,https://hathyo.com/product/153,https://d134sx875xrex2.cloudfront.net/1E9xDoSLUV_0becd21c-334d-4a59-8790-8c9e39866087.jpg,co_logo_chung_chi,ocop,1,tot,
131,anh_000131,san_pham_0027,🌸 BỘT SEN QUÊ DINH DƯỠNG,data\du_lieu_logo\anh_goc\san_pham_0027\anh_004_335f85f5.jpg,335f85f55ffca05d5fa7003f17e7e1a032fbd4e4496241af8c3d8d985d5957e5,https://hathyo.com/product/153,https://d134sx875xrex2.cloudfront.net/IWfT8hyb0S_1de0880c-7c9d-4d5a-bff8-43211b18e125.jpg,co_logo_chung_chi,ocop,1,tot,
132,anh_000132,san_pham_0027,🌸 BỘT SEN QUÊ DINH DƯỠNG,data\du_lieu_logo\anh_goc\san_pham_0027\anh_005_60191263.jpg,601912636d54b787647b32b841a2cce21771ef73a93a3e48480931b97add7a7b,https://hathyo.com/product/153,https://d134sx875xrex2.cloudfront.net/T98nyvcng4_94f6f40c-29af-4131-971e-6ec0e9e555eb.jpg,co_logo_chung_chi,ocop,1,tot,
133,anh_000133,san_pham_0028,🌾 BÁNH CỐM GẠO LỨT MÈ QUÊ – GIÒN THƠM TỰ NHIÊN,data\du_lieu_logo\anh_goc\san_pham_0028\anh_001_0604e22a.jpg,0604e22a4eb6895f56a44f623ff06eeb5c56cdc60e4543c5727842415041a3ff,https://hathyo.com/product/155,https://d134sx875xrex2.cloudfront.net/pR0f0XOUXQ_1.jpg,co_logo_chung_chi,khac,1,tot,
134,anh_000134,san_pham_0028,🌾 BÁNH CỐM GẠO LỨT MÈ QUÊ – GIÒN THƠM TỰ NHIÊN,data\du_lieu_logo\anh_goc\san_pham_0028\anh_002_da9d6989.jpg,da9d6989ecdb5121594d05c5e6a0262ccc4146b02e735abacb851e7932136f4c,https://hathyo.com/product/155,https://d134sx875xrex2.cloudfront.net/Jhtcszcdz9_2.jpg,khong_co_logo_chung_chi,,0,tot,
135,anh_000135,san_pham_0028,🌾 BÁNH CỐM GẠO LỨT MÈ QUÊ – GIÒN THƠM TỰ NHIÊN,data\du_lieu_logo\anh_goc\san_pham_0028\anh_003_70e563dc.jpg,70e563dc96e22f11f0207b9ea02ab982fbc29753d82504994e7855f530225d8e,https://hathyo.com/product/155,https://d134sx875xrex2.cloudfront.net/WRb9VkhfTD_3.jpg,khong_co_logo_chung_chi,,0,tot,
136,anh_000136,san_pham_0028,🌾 BÁNH CỐM GẠO LỨT MÈ QUÊ – GIÒN THƠM TỰ NHIÊN,data\du_lieu_logo\anh_goc\san_pham_0028\anh_004_47f7988b.jpg,47f7988b44b6065c14776f4e9ceccd1839c2ca010a41dd37d45423064c669020,https://hathyo.com/product/155,https://d134sx875xrex2.cloudfront.net/yBqI4q3llz_4.jpg,co_logo_chung_chi,ocop,1,tot,
137,anh_000138,san_pham_0028,🌾 BÁNH CỐM GẠO LỨT MÈ QUÊ – GIÒN THƠM TỰ NHIÊN,data\du_lieu_logo\anh_goc\san_pham_0028\anh_006_f7a2a3cf.jpg,f7a2a3cfe57f572c0ed0d3fcae86105150994cc7cb593fd39c8aad114931c18d,https://hathyo.com/product/155,https://d134sx875xrex2.cloudfront.net/pGkg39HCGw_GCN%20ATTP%20TRAN%20LAN%2005%202026_page-0001.jpg,khong_co_logo_chung_chi,,0,tot,
138,anh_000139,san_pham_0029,🌾 BÁNH CỐM DINH DƯỠNG MIX HẠT - TRẦN LAN,data\du_lieu_logo\anh_goc\san_pham_0029\anh_001_a7210d0d.jpg,a7210d0d3ed2417244e4db4c1f491d9682f904fc2b6c20c61bf83f5cc416543d,https://hathyo.com/product/156,https://d134sx875xrex2.cloudfront.net/uCQaUPhdYK_07c11e1c-465f-4cb3-b27f-0ee0bc4ce672.jpg,co_logo_chung_chi,ocop,1,tot,
139,anh_000140,san_pham_0029,🌾 BÁNH CỐM DINH DƯỠNG MIX HẠT - TRẦN LAN,data\du_lieu_logo\anh_goc\san_pham_0029\anh_002_e6ec6ecf.jpg,e6ec6ecf04b03dd71333dff0fb3d929a0b567dfa485a45534164f24701431066,https://hathyo.com/product/156,https://d134sx875xrex2.cloudfront.net/DzoSp7slIS_1cb2496a-4d11-43a9-a7e5-729331686805.jpg,khong_co_logo_chung_chi,,0,tot,
140,anh_000141,san_pham_0029,🌾 BÁNH CỐM DINH DƯỠNG MIX HẠT - TRẦN LAN,data\du_lieu_logo\anh_goc\san_pham_0029\anh_003_1755827b.jpg,1755827be3bb264699a6c4991d93483431950c3a2c356a289c268402dff3a712,https://hathyo.com/product/156,https://d134sx875xrex2.cloudfront.net/sG7OKdCU9U_910c560d-1879-45a5-a8f5-2e2845e67bbc.jpg,khong_co_logo_chung_chi,,0,tot,
141,anh_000142,san_pham_0029,🌾 BÁNH CỐM DINH DƯỠNG MIX HẠT - TRẦN LAN,data\du_lieu_logo\anh_goc\san_pham_0029\anh_004_411a59ae.jpg,411a59ae521ce58fd2c7fd0a9295c422168727723bebfdbad0a8c85b314ccb82,https://hathyo.com/product/156,https://d134sx875xrex2.cloudfront.net/Fy8wPUe8Mv_f5033453-6352-45f2-aef3-4237ec62544c.jpg,khong_co_logo_chung_chi,,0,tot,
142,anh_000143,san_pham_0030,🌿 RONG BIỂN MIX HẠT DINH DƯỠNG - TRẦN LAN,data\du_lieu_logo\anh_goc\san_pham_0030\anh_001_91508bfa.jpg,91508bfaea88a0e065452c2ee80af3b0e090c64ff6b4b29e632a5c4ae950961f,https://hathyo.com/product/157,https://d134sx875xrex2.cloudfront.net/wnG9aRglJz_e17c701e-0a03-41ae-b1e3-061105be9839.jpg,khong_co_logo_chung_chi,,0,tot,
143,anh_000144,san_pham_0030,🌿 RONG BIỂN MIX HẠT DINH DƯỠNG - TRẦN LAN,data\du_lieu_logo\anh_goc\san_pham_0030\anh_002_e6586b76.jpg,e6586b769b071a4333469d3f67acba79adf1ea1118626d27172e24455c3147c8,https://hathyo.com/product/157,https://d134sx875xrex2.cloudfront.net/nf6QT7s9Px_966f71c4-7d2d-4a5b-9e23-2429a5c02835.jpg,khong_co_logo_chung_chi,,0,tot,
144,anh_000145,san_pham_0030,🌿 RONG BIỂN MIX HẠT DINH DƯỠNG - TRẦN LAN,data\du_lieu_logo\anh_goc\san_pham_0030\anh_003_c9c35a75.jpg,c9c35a754e543b00714e26483e5da29f867d83444b5a68c3936a22970c60d5b5,https://hathyo.com/product/157,https://d134sx875xrex2.cloudfront.net/kqEoBof6Zg_e636d290-0dd7-438b-a58a-27506ccde227.jpg,khong_co_logo_chung_chi,,0,tot,
145,anh_000146,san_pham_0030,🌿 RONG BIỂN MIX HẠT DINH DƯỠNG - TRẦN LAN,data\du_lieu_logo\anh_goc\san_pham_0030\anh_004_3be6e7da.jpg,3be6e7da7ec507b622061cd0f64140b5acf15ad4e9c219228bb9726faf54e239,https://hathyo.com/product/157,https://d134sx875xrex2.cloudfront.net/fNFZhqsbFE_a8ad7d40-fc8b-4a72-aed9-ab8bb947481a.jpg,khong_co_logo_chung_chi,,0,tot,
146,anh_000147,san_pham_0031,🥜 BÁNH THUYỀN MIX HẠT DINH DƯỠNG – GIÒN NGON KHÓ CƯỠNG,data\du_lieu_logo\anh_goc\san_pham_0031\anh_001_284e302f.png,284e302f70cb2468caaad4661740ee4ab8abb18517e6174f0b93078329bb8b03,https://hathyo.com/product/158,https://d134sx875xrex2.cloudfront.net/F4eiFaJO0x_dcdcdcaw.png,khong_co_logo_chung_chi,,0,tot,
147,anh_000148,san_pham_0031,🥜 BÁNH THUYỀN MIX HẠT DINH DƯỠNG – GIÒN NGON KHÓ CƯỠNG,data\du_lieu_logo\anh_goc\san_pham_0031\anh_002_d04efe86.jpg,d04efe86497649e063aac6e4fa64bc4652a72465d8d17ffe28bd7b25cd72fbb7,https://hathyo.com/product/158,https://d134sx875xrex2.cloudfront.net/JSh8I3EJsQ_z4800673410224_13021d5112518fb11da4bcd7782af122.jpg,khong_co_logo_chung_chi,,0,tot,
148,anh_000149,san_pham_0031,🥜 BÁNH THUYỀN MIX HẠT DINH DƯỠNG – GIÒN NGON KHÓ CƯỠNG,data\du_lieu_logo\anh_goc\san_pham_0031\anh_003_f301bb57.jpg,f301bb578f502bc0f697412bd158217834fb1373b3ff1159c382b1540cbe2fd3,https://hathyo.com/product/158,https://d134sx875xrex2.cloudfront.net/lYfMKtqAZO_z4800661290425_a61df1379bb851a9fbd64291b4aa52df.jpg,khong_co_logo_chung_chi,,0,tot,
149,anh_000150,san_pham_0032,🌿 BỘT RAU DIẾP CÁ SẤY LẠNH NGUYÊN CHẤT - TRẦN LAN,data\du_lieu_logo\anh_goc\san_pham_0032\anh_001_7a0b075f.jpg,7a0b075fefdc03e76b9a68d0031d0471a32bf900ee0fdf165da3f5520d398cd5,https://hathyo.com/product/159,https://d134sx875xrex2.cloudfront.net/vWYFNONmkx_35a2be95-a43b-4836-bf51-58eafb2b5b6a.jpg,khong_co_logo_chung_chi,,0,tot,
150,anh_000151,san_pham_0032,🌿 BỘT RAU DIẾP CÁ SẤY LẠNH NGUYÊN CHẤT - TRẦN LAN,data\du_lieu_logo\anh_goc\san_pham_0032\anh_002_cf860eea.jpg,cf860eea2589c563578cb42dd9f4e4cb1dc0ace6237634c4ae4cfc60740b3d0b,https://hathyo.com/product/159,https://d134sx875xrex2.cloudfront.net/MOWlta7DGU_fe328132-3ecf-45e5-a893-627fae3876a0.jpg,khong_co_logo_chung_chi,,0,tot,
151,anh_000152,san_pham_0032,🌿 BỘT RAU DIẾP CÁ SẤY LẠNH NGUYÊN CHẤT - TRẦN LAN,data\du_lieu_logo\anh_goc\san_pham_0032\anh_003_e42458f0.jpg,e42458f062d13f9a02860a398f406f7498687ab8ef47d4981be6829a80f58285,https://hathyo.com/product/159,https://d134sx875xrex2.cloudfront.net/CaPHMkb6WH_ce3de801-7e4d-4168-bc65-8ee68ded56b5.jpg,khong_co_logo_chung_chi,,0,tot,
152,anh_000153,san_pham_0032,🌿 BỘT RAU DIẾP CÁ SẤY LẠNH NGUYÊN CHẤT - TRẦN LAN,data\du_lieu_logo\anh_goc\san_pham_0032\anh_004_fad201a1.jpg,fad201a1776384c42d6888ba4078831097605b718abefac4977fedefed052300,https://hathyo.com/product/159,https://d134sx875xrex2.cloudfront.net/bC6fyEyoky_34ae856e-75a8-4fe1-a661-45d90edc7075.jpg,khong_co_logo_chung_chi,,0,tot,
153,anh_000154,san_pham_0033,VIÊN UỐNG GIẢI RƯỢU DEAL 101 - NHẬP KHẨU TỪ MỸ,data\du_lieu_logo\anh_goc\san_pham_0033\anh_001_fdef2d6a.jpg,fdef2d6a58b357df0d77a0d7ae38116757dd68fd6623511505aa3e6aa9193f6b,https://hathyo.com/product/160,https://d134sx875xrex2.cloudfront.net/mIkjyTHRRB_e6bf67bc-2d21-4951-a167-a27657b0abc3.jpg,khong_co_logo_chung_chi,,0,tot,
154,anh_000155,san_pham_0033,VIÊN UỐNG GIẢI RƯỢU DEAL 101 - NHẬP KHẨU TỪ MỸ,data\du_lieu_logo\anh_goc\san_pham_0033\anh_002_89967e75.jpg,89967e75c89fc3a3613503d1bdd720225a9a7f490becac73b1eeeed6c9df96a4,https://hathyo.com/product/160,https://d134sx875xrex2.cloudfront.net/glzQQcCQlt_7b22c790-43eb-4441-bffd-3abdcdfd716e.jpg,co_logo_chung_chi,fda|gmp,2,tot,
155,anh_000156,san_pham_0033,VIÊN UỐNG GIẢI RƯỢU DEAL 101 - NHẬP KHẨU TỪ MỸ,data\du_lieu_logo\anh_goc\san_pham_0033\anh_003_0a8fa09b.jpg,0a8fa09beac2a6206ec813803c635dc0c9761956c2b0179d02a37225c02a50f1,https://hathyo.com/product/160,https://d134sx875xrex2.cloudfront.net/ls21Cbvl70_576c8477-0dac-4aeb-9c36-fc1edde3b0a6.jpg,khong_co_logo_chung_chi,,0,tot,
156,anh_000157,san_pham_0033,VIÊN UỐNG GIẢI RƯỢU DEAL 101 - NHẬP KHẨU TỪ MỸ,data\du_lieu_logo\anh_goc\san_pham_0033\anh_004_cba20a0e.jpg,cba20a0eea3c51a0b00e88822a913f54a7e0b08331e679c2b51f455bce765df3,https://hathyo.com/product/160,https://d134sx875xrex2.cloudfront.net/ZAUAwj8oAU_16e5555a-fffd-44c6-9620-813ad5698d7a.jpg,co_logo_chung_chi,khac,1,tot,
157,anh_000158,san_pham_0033,VIÊN UỐNG GIẢI RƯỢU DEAL 101 - NHẬP KHẨU TỪ MỸ,data\du_lieu_logo\anh_goc\san_pham_0033\anh_005_f592c8e7.jpg,f592c8e77f5d3c8d134ea7866b1573af91920758753c0b7db3c6db543fc214eb,https://hathyo.com/product/160,https://d134sx875xrex2.cloudfront.net/BRFzuRSfBo_7c83f2c0-93aa-40a1-9e9f-69abba7a2acf.jpg,co_logo_chung_chi,khac,1,tot,
158,anh_000159,san_pham_0033,VIÊN UỐNG GIẢI RƯỢU DEAL 101 - NHẬP KHẨU TỪ MỸ,data\du_lieu_logo\anh_goc\san_pham_0033\anh_006_f5bb7540.jpg,f5bb75409a4586f87accfcec6440297732d08edf03410c3a42d91fc1a63dd84c,https://hathyo.com/product/160,https://d134sx875xrex2.cloudfront.net/t9GqcwlbH3_c226ea2d-b3ef-4779-bc44-ab0c782261e4.jpg,khong_co_logo_chung_chi,,0,tot,
159,anh_000160,san_pham_0033,VIÊN UỐNG GIẢI RƯỢU DEAL 101 - NHẬP KHẨU TỪ MỸ,data\du_lieu_logo\anh_goc\san_pham_0033\anh_007_f4269ce0.jpg,f4269ce0fa68d9d2f0c7876e36ffe3e2cf6bbacf88598d20c85d981093d21c82,https://hathyo.com/product/160,https://d134sx875xrex2.cloudfront.net/A44dJwIOL9_11e365a1-11be-43ca-9f08-696f37be462a.jpg,khong_co_logo_chung_chi,,0,tot,
160,anh_000161,san_pham_0034,Cà Phê ARABICA Đặc sản - 100% ARABICA nguyên chất,data\du_lieu_logo\anh_goc\san_pham_0034\anh_001_c3eae987.jpg,c3eae987195cf2d29577c9e0ac106014784b62cfab84941ad389382e1192b865,https://hathyo.com/product/162,https://d134sx875xrex2.cloudfront.net/9Bgwr9Ceka_BRULE%20ARIEU%20COFFEE%20B%E1%BB%98T_H%E1%BA%A0T.jpg,khong_co_logo_chung_chi,,0,tot,
161,anh_000162,san_pham_0035,Cà Phê LIBERICA Đặc sản - 100% LIBERICA nguyên chất,data\du_lieu_logo\anh_goc\san_pham_0035\anh_001_76d6358f.jpg,76d6358f5c9f040d827473f95ad8af91891f964bc39637456ae650c9a088a547,https://hathyo.com/product/163,https://d134sx875xrex2.cloudfront.net/yG2L36EdpU_BRULE%20NRANG%20COFFEE%20B%E1%BB%98T_H%E1%BA%A0T.jpg,khong_co_logo_chung_chi,,0,tot,
162,anh_000163,san_pham_0036,Cà phê ARIEU phin giấy - ARIEU Coffee drip bag,data\du_lieu_logo\anh_goc\san_pham_0036\anh_001_84cb06e1.jpg,84cb06e197f45ca4677e5d626ad1900ba3657fd948fca258ac3604fddbabd6a9,https://hathyo.com/product/164,https://d134sx875xrex2.cloudfront.net/mpfZno1MTQ_8%20(1).jpg,khong_co_logo_chung_chi,,0,tot,
163,anh_000164,san_pham_0036,Cà phê ARIEU phin giấy - ARIEU Coffee drip bag,data\du_lieu_logo\anh_goc\san_pham_0036\anh_002_6369fd23.jpg,6369fd23203ad8e1cc13b3177eafa101bdd40a35ed6113c2dc676c7a59f95471,https://hathyo.com/product/164,https://d134sx875xrex2.cloudfront.net/pq6y1vnkjZ_8.jpg,khong_co_logo_chung_chi,,0,chap_nhan_duoc,
164,anh_000165,san_pham_0037,Cà phê NRANG phin giấy - NRANG Coffee drip bag,data\du_lieu_logo\anh_goc\san_pham_0037\anh_001_bd057524.jpg,bd057524fc0e0709141e998951b1a14cde4c05c49c5f2ba446ed19c6644e3531,https://hathyo.com/product/165,https://d134sx875xrex2.cloudfront.net/IZjjwrjgJ5_B'RULE%20NRANG%20COFFEE.jpg,khong_co_logo_chung_chi,,0,tot,
165,anh_000166,san_pham_0037,Cà phê NRANG phin giấy - NRANG Coffee drip bag,data\du_lieu_logo\anh_goc\san_pham_0037\anh_002_63d00480.jpg,63d004804ade86c410c6bf31107973fcce5d12aadb82cc5a05d2f0e1d317ca96,https://hathyo.com/product/165,https://d134sx875xrex2.cloudfront.net/2EvFD5ZNAS_3%20(1).jpg,khong_co_logo_chung_chi,,0,chap_nhan_duoc,
166,anh_000168,san_pham_0038,Cà phê SARY phin giấy - SARY Coffee drip bag,data\du_lieu_logo\anh_goc\san_pham_0038\anh_001_276a6189.jpg,276a61898cb6cab8e878fe86bdef6bc4fa78092ccf7864cde220ce838e634f93,https://hathyo.com/product/166,https://d134sx875xrex2.cloudfront.net/e9UIJjNesV_B'RULE%20SARY%20COFEEE.jpg,khong_co_logo_chung_chi,,0,tot,
167,anh_000169,san_pham_0038,Cà phê SARY phin giấy - SARY Coffee drip bag,data\du_lieu_logo\anh_goc\san_pham_0038\anh_002_d1ade16d.jpg,d1ade16ddaa1672c96237a7c5c8c98d7ad251ced8f9667f0d3c4f596f5b05543,https://hathyo.com/product/166,https://d134sx875xrex2.cloudfront.net/EAiYFHv5Ht_1%20(1).jpg,khong_co_logo_chung_chi,,0,chap_nhan_duoc,
168,anh_000170,san_pham_0038,Cà phê SARY phin giấy - SARY Coffee drip bag,data\du_lieu_logo\anh_goc\san_pham_0038\anh_003_ed3cbad6.jpg,ed3cbad69f21fe63b47448b21db8965e4824ae3d06624ec7dfece43a099ac164,https://hathyo.com/product/166,https://d134sx875xrex2.cloudfront.net/XnRsTb4aHt_2%20(1).jpg,khong_co_logo_chung_chi,,0,chap_nhan_duoc,
169,anh_000172,san_pham_0039,Cà phê Ủ lạnh B'RULE ARIEU - Cold brew B'RULE Coffee,data\du_lieu_logo\anh_goc\san_pham_0039\anh_001_af8dedb1.jpg,af8dedb1e6fa2aed40e639bd09ad25fbf42bf112a086f38bad692009aacd43c6,https://hathyo.com/product/167,https://d134sx875xrex2.cloudfront.net/mbSqhTYh2j_B'RULE%20ARI%C3%8AU%20COFFEE%20-%20%E1%BB%A6%20L%E1%BA%A0NH.jpg,khong_co_logo_chung_chi,,0,tot,
170,anh_000173,san_pham_0039,Cà phê Ủ lạnh B'RULE ARIEU - Cold brew B'RULE Coffee,data\du_lieu_logo\anh_goc\san_pham_0039\anh_002_9a4ced29.jpg,9a4ced292fd1964130e57675bedf38f68741fb9cdf5c5c6eb8d890f769b9783e,https://hathyo.com/product/167,https://d134sx875xrex2.cloudfront.net/7pcDcvuqAq_4%20(1).jpg,khong_co_logo_chung_chi,,0,chap_nhan_duoc,
171,anh_000174,san_pham_0039,Cà phê Ủ lạnh B'RULE ARIEU - Cold brew B'RULE Coffee,data\du_lieu_logo\anh_goc\san_pham_0039\anh_003_656a3e32.jpg,656a3e322307d2ab96a59cdc2371150cc14a0026103aed6fee3696977785c354,https://hathyo.com/product/167,https://d134sx875xrex2.cloudfront.net/8BrUdsp7mG_9.jpg,khong_co_logo_chung_chi,,0,chap_nhan_duoc,
172,anh_000175,san_pham_0040,Cà phê Ủ lạnh B'RULE NRANG - Cold brew B'RULE Coffee,data\du_lieu_logo\anh_goc\san_pham_0040\anh_001_d077765d.jpg,d077765d63040e6c6f6f5f8fa9a4773f2911e7540ecb84685c61bf59ffb49f9b,https://hathyo.com/product/168,https://d134sx875xrex2.cloudfront.net/GnkPBdEU2U_B'RULE%20NRANG%20COFFEE%20-%20%E1%BB%A6%20L%E1%BA%A0NH.jpg,khong_co_logo_chung_chi,,0,tot,
173,anh_000176,san_pham_0040,Cà phê Ủ lạnh B'RULE NRANG - Cold brew B'RULE Coffee,data\du_lieu_logo\anh_goc\san_pham_0040\anh_002_7bb25f5a.jpg,7bb25f5a8a1fe3f5e45d083b85e6027f0fd9fae4cd74996faea1c0d1c56c5f00,https://hathyo.com/product/168,https://d134sx875xrex2.cloudfront.net/aMgGalJG9G_5%20(1).jpg,khong_co_logo_chung_chi,,0,chap_nhan_duoc,
174,anh_000178,san_pham_0041,Cà phê SARY - SARY Coffee,data\du_lieu_logo\anh_goc\san_pham_0041\anh_001_52115abb.jpg,52115abb92ea5f478c7aae81ecc43424ef0de9166a02c23ac2cc6053819e89f1,https://hathyo.com/product/169,https://d134sx875xrex2.cloudfront.net/QPXEuPPU0y_B'RULE%20SARY%20COFFEE%201KG.jpg,khong_co_logo_chung_chi,,0,tot,
175,anh_000179,san_pham_0041,Cà phê SARY - SARY Coffee,data\du_lieu_logo\anh_goc\san_pham_0041\anh_002_1ccdf88b.jpg,1ccdf88b1df09e6050856dc1fa843b82ee23b464cbd4c626aa15453635b3d671,https://hathyo.com/product/169,https://d134sx875xrex2.cloudfront.net/9daukWAPhD_B'RULE%20SARY%20COFFEE%20500G.jpg,khong_co_logo_chung_chi,,0,tot,
176,anh_000180,san_pham_0042,Cà phê LEE - LEE Coffee,data\du_lieu_logo\anh_goc\san_pham_0042\anh_001_af344a75.jpg,af344a75bb1d3e7fc021c05145dc43297bcb9a3e50af6423276a1f81719020a0,https://hathyo.com/product/170,https://d134sx875xrex2.cloudfront.net/lhYbEO9qR7_B'RULE%20LEE%20COFFEE%201KG.jpg,khong_co_logo_chung_chi,,0,tot,
177,anh_000181,san_pham_0042,Cà phê LEE - LEE Coffee,data\du_lieu_logo\anh_goc\san_pham_0042\anh_002_956dc14c.jpg,956dc14c59c146718acfee83f0085568fd73111f71bf64673729bc7762efce6b,https://hathyo.com/product/170,https://d134sx875xrex2.cloudfront.net/UKJlIUGVIh_B'RULE%20LEE%20COFFEE%20500G.jpg,khong_co_logo_chung_chi,,0,tot,
178,anh_000182,san_pham_0043,Cà phê ROBUSTA - ROBUSTA Coffee,data\du_lieu_logo\anh_goc\san_pham_0043\anh_001_7a313d32.jpg,7a313d3218ed915603f75cf0bc1bea86185a78ef629b273f21da8dbdcb840480,https://hathyo.com/product/171,https://d134sx875xrex2.cloudfront.net/5ZhAJrTvIY_B'RULE%20ROBUSTA%20COFFEE%201KG.jpg,khong_co_logo_chung_chi,,0,tot,
179,anh_000183,san_pham_0043,Cà phê ROBUSTA - ROBUSTA Coffee,data\du_lieu_logo\anh_goc\san_pham_0043\anh_002_259f7500.jpg,259f7500e3be9ef4b697fd2240276dd034aa89f90f66e589f5007e0714f5eb0b,https://hathyo.com/product/171,https://d134sx875xrex2.cloudfront.net/v3xKEkr1Sk_B'RULE%20ROBUSTA%20COFFEE%20500G.jpg,khong_co_logo_chung_chi,,0,tot,
180,anh_000184,san_pham_0044,TRÀ VỎ CÀ PHÊ ĐẶC SẢN B’RU CASCARA,data\du_lieu_logo\anh_goc\san_pham_0044\anh_001_6eb2a788.png,6eb2a788d8ecc9d12eae7be10a1405b3468eae94d59665f1b55335a6bdb5ef91,https://hathyo.com/product/172,https://d134sx875xrex2.cloudfront.net/VbtUuGbQG0_brule%20%20(1).png,khong_co_logo_chung_chi,,0,chap_nhan_duoc,
181,anh_000185,san_pham_0045,Sữa hạt đa dưỡng chất Forganic – Trọn vẹn mỗi ngày,data\du_lieu_logo\anh_goc\san_pham_0045\anh_001_f2b6eec8.png,f2b6eec8960d7da8e8b1cf9abdabbf370352cb691e3cbcde10e531b7487b75da,https://hathyo.com/product/185,https://d134sx875xrex2.cloudfront.net/qjE0AFxSpm_1-2.png,khong_co_logo_chung_chi,,0,tot,
182,anh_000186,san_pham_0045,Sữa hạt đa dưỡng chất Forganic – Trọn vẹn mỗi ngày,data\du_lieu_logo\anh_goc\san_pham_0045\anh_002_6a11146a.png,6a11146af833665796d7743582002d493232ba5948b142eb0d661db428c75b37,https://hathyo.com/product/185,https://d134sx875xrex2.cloudfront.net/NjQSszv6WJ_9.png,khong_co_logo_chung_chi,,0,tot,
183,anh_000187,san_pham_0045,Sữa hạt đa dưỡng chất Forganic – Trọn vẹn mỗi ngày,data\du_lieu_logo\anh_goc\san_pham_0045\anh_003_7a854e8b.png,7a854e8b158823e0ca3fae6577ac2416ad2e02280b97bae84021a6ce71ff3ebe,https://hathyo.com/product/185,https://d134sx875xrex2.cloudfront.net/oFH2RQbLeh_4.png,khong_co_logo_chung_chi,,0,tot,
184,anh_000188,san_pham_0045,Sữa hạt đa dưỡng chất Forganic – Trọn vẹn mỗi ngày,data\du_lieu_logo\anh_goc\san_pham_0045\anh_004_fb6111d6.jpg,fb6111d6fb48e6b96c2479b912b207594c6fd1e7c299d61c1c535e138c605353,https://hathyo.com/product/185,https://d134sx875xrex2.cloudfront.net/v6jW911q3t_5-1024x1024.jpg,khong_co_logo_chung_chi,,0,tot,
185,anh_000189,san_pham_0045,Sữa hạt đa dưỡng chất Forganic – Trọn vẹn mỗi ngày,data\du_lieu_logo\anh_goc\san_pham_0045\anh_005_d5529bfd.png,d5529bfd798ea976e4d216bd8725ef0f936ce0662dba4c551d21447db53e9e73,https://hathyo.com/product/185,https://d134sx875xrex2.cloudfront.net/ISgzIt9kyT_8.png,co_logo_chung_chi,iso_22000|gmp,2,tot,
186,anh_000190,san_pham_0045,Sữa hạt đa dưỡng chất Forganic – Trọn vẹn mỗi ngày,data\du_lieu_logo\anh_goc\san_pham_0045\anh_006_630825e8.jpg,630825e8285ade7338c378b81ca545f5764316f57417b8c7327e4ce54f7dd431,https://hathyo.com/product/185,https://d134sx875xrex2.cloudfront.net/LoGYDepkAp_46cec7f6618ed5d08c9f.jpg,khong_co_logo_chung_chi,,0,tot,
187,anh_000191,san_pham_0045,Sữa hạt đa dưỡng chất Forganic – Trọn vẹn mỗi ngày,data\du_lieu_logo\anh_goc\san_pham_0045\anh_007_79578807.jpg,795788074a622584b192bd8d132ba42b916c27010b3e69328520d8373ff04927,https://hathyo.com/product/185,https://d134sx875xrex2.cloudfront.net/RTncmrvAQa_SGS%20-%20DDC%20-%20Ki%E1%BB%83m%20nghi%E1%BB%87m%20ATTP%202025_page-0001.jpg,co_logo_chung_chi,khac,1,tot,
188,anh_000192,san_pham_0045,Sữa hạt đa dưỡng chất Forganic – Trọn vẹn mỗi ngày,data\du_lieu_logo\anh_goc\san_pham_0045\anh_008_400d7378.jpg,400d7378a4cf3b6eedb952eef2ce63694300be032a2342c24a4ebbeafbd40867,https://hathyo.com/product/185,https://d134sx875xrex2.cloudfront.net/ZI8tcYtQC2_SGS%20-%20DDC%20-%20Ki%E1%BB%83m%20nghi%E1%BB%87m%20ATTP%202025_page-0003.jpg,co_logo_chung_chi,khac,1,tot,
189,anh_000193,san_pham_0045,Sữa hạt đa dưỡng chất Forganic – Trọn vẹn mỗi ngày,data\du_lieu_logo\anh_goc\san_pham_0045\anh_009_644eeee0.jpg,644eeee06b3b506731c6c3e8c696e6b9fbdc04c35ec068fdcc4f607c72631e28,https://hathyo.com/product/185,https://d134sx875xrex2.cloudfront.net/oPQDmNAdYU_SGS%20-%20DDC%20-%20Ki%E1%BB%83m%20nghi%E1%BB%87m%20ATTP%202025_page-0004.jpg,co_logo_chung_chi,khac,1,tot,
190,anh_000194,san_pham_0046,Sữa hạt Forganic bữa ăn thay thế – Dinh dưỡng tiện lợi,data\du_lieu_logo\anh_goc\san_pham_0046\anh_001_84569049.png,845690496c8cf70dbcc157b1bb195fc96d430709ccae1606c81dee1ab8cbbecb,https://hathyo.com/product/186,https://d134sx875xrex2.cloudfront.net/yQWOqcnLAe_4-1.png,khong_co_logo_chung_chi,,0,tot,
191,anh_000195,san_pham_0046,Sữa hạt Forganic bữa ăn thay thế – Dinh dưỡng tiện lợi,data\du_lieu_logo\anh_goc\san_pham_0046\anh_002_557cd770.png,557cd770c4b93d2e865344fbb9d901f4302c5462cd877aa42ebf1ee73d5e2434,https://hathyo.com/product/186,https://d134sx875xrex2.cloudfront.net/YdDlFTmAjX_2-2.png,khong_co_logo_chung_chi,,0,tot,
192,anh_000196,san_pham_0046,Sữa hạt Forganic bữa ăn thay thế – Dinh dưỡng tiện lợi,data\du_lieu_logo\anh_goc\san_pham_0046\anh_003_60329ded.png,60329ded28daeb447e5fe1175b5e74ca8b3d24e527e53bcb7d48445cd0a3de7d,https://hathyo.com/product/186,https://d134sx875xrex2.cloudfront.net/NJpCySj80b_3-3.png,khong_co_logo_chung_chi,,0,tot,
193,anh_000197,san_pham_0046,Sữa hạt Forganic bữa ăn thay thế – Dinh dưỡng tiện lợi,data\du_lieu_logo\anh_goc\san_pham_0046\anh_004_f11a17b2.png,f11a17b24f103ba70b5334528724b7fc2726842d71ae06da4f90d34e0322911c,https://hathyo.com/product/186,https://d134sx875xrex2.cloudfront.net/rhiIJKAG8Q_5.png,khong_co_logo_chung_chi,,0,tot,
194,anh_000198,san_pham_0046,Sữa hạt Forganic bữa ăn thay thế – Dinh dưỡng tiện lợi,data\du_lieu_logo\anh_goc\san_pham_0046\anh_005_2f280f23.png,2f280f2315fca7f349a80d24c38ef954d1844a2286f9887a2b055045070e707f,https://hathyo.com/product/186,https://d134sx875xrex2.cloudfront.net/e48GjEU4AX_BATT-cong-dung.png,khong_co_logo_chung_chi,,0,tot,
195,anh_000199,san_pham_0046,Sữa hạt Forganic bữa ăn thay thế – Dinh dưỡng tiện lợi,data\du_lieu_logo\anh_goc\san_pham_0046\anh_006_eff4f678.jpg,eff4f6783bf7834694cf1c75fb0a13c4c68b6a71d1b2c59850e4cbe9f862e086,https://hathyo.com/product/186,https://d134sx875xrex2.cloudfront.net/XEWr9jkuXB_SGS%20-%20BATT%20-%20Ki%E1%BB%83m%20nghi%E1%BB%87m%20ATTP%202025_page-0001.jpg,co_logo_chung_chi,khac,1,tot,
196,anh_000200,san_pham_0046,Sữa hạt Forganic bữa ăn thay thế – Dinh dưỡng tiện lợi,data\du_lieu_logo\anh_goc\san_pham_0046\anh_007_0298852c.jpg,0298852cfdb2d81fd8cc33a6747c5dee480ffa1f645fb3f2b8b6b9959b2ad8b5,https://hathyo.com/product/186,https://d134sx875xrex2.cloudfront.net/9Xkli7RCYq_SGS%20-%20BATT%20-%20Ki%E1%BB%83m%20nghi%E1%BB%87m%20ATTP%202025_page-0002.jpg,co_logo_chung_chi,khac,1,tot,
197,anh_000201,san_pham_0046,Sữa hạt Forganic bữa ăn thay thế – Dinh dưỡng tiện lợi,data\du_lieu_logo\anh_goc\san_pham_0046\anh_008_00f943f1.jpg,00f943f1d483329f6fbdb7dbc14a3f5292b92759686eee6444977efc52d64668,https://hathyo.com/product/186,https://d134sx875xrex2.cloudfront.net/hlOHLANKTR_SGS%20-%20BATT%20-%20Ki%E1%BB%83m%20nghi%E1%BB%87m%20ATTP%202025_page-0003.jpg,co_logo_chung_chi,khac,1,tot,
198,anh_000202,san_pham_0046,Sữa hạt Forganic bữa ăn thay thế – Dinh dưỡng tiện lợi,data\du_lieu_logo\anh_goc\san_pham_0046\anh_009_24f8509e.jpg,24f8509ee91f82f530ec57cb9e538742567292d68bbb8d8fc81f4a23660a6d15,https://hathyo.com/product/186,https://d134sx875xrex2.cloudfront.net/0hkSYETnBR_SGS%20-%20BATT%20-%20Ki%E1%BB%83m%20nghi%E1%BB%87m%20ATTP%202025_page-0004.jpg,co_logo_chung_chi,khac,1,tot,
199,anh_000203,san_pham_0047,Ngũ cốc dinh dưỡng mẹ thỏ,data\du_lieu_logo\anh_goc\san_pham_0047\anh_001_563a6ecf.jpg,563a6ecf473f2fcb0b9c3de703c5bfdc4e835be9dc6991bee2aac6631c4a5210,https://hathyo.com/product/189,https://d134sx875xrex2.cloudfront.net/KH2zVsHvnY_z7862270834369_1dd325512440d443470d5e60cf633ed5.jpg,khong_co_logo_chung_chi,,0,tot,
200,anh_000204,san_pham_0047,Ngũ cốc dinh dưỡng mẹ thỏ,data\du_lieu_logo\anh_goc\san_pham_0047\anh_002_fc10e03a.jpg,fc10e03a7cdc7ac3847fa4ce6f0bb752004492a16194be32b70f1e2539d80e06,https://hathyo.com/product/189,https://d134sx875xrex2.cloudfront.net/VP4ZClf5Ol_z7862270841769_7f70d591cb9c0c2f84d250dbe426d943.jpg,khong_co_logo_chung_chi,,0,tot,
201,anh_000205,san_pham_0047,Ngũ cốc dinh dưỡng mẹ thỏ,data\du_lieu_logo\anh_goc\san_pham_0047\anh_003_83403595.jpg,834035956c3c5333c49aea46c14d8c5bc69e412af210e1a5563f371dd4396c5c,https://hathyo.com/product/189,https://d134sx875xrex2.cloudfront.net/QA7vj1v3Ei_z7862270847901_e03ec65f8d88bc548949d2fa9e9e8079.jpg,khong_co_logo_chung_chi,,0,tot,
202,anh_000206,san_pham_0047,Ngũ cốc dinh dưỡng mẹ thỏ,data\du_lieu_logo\anh_goc\san_pham_0047\anh_004_68151114.jpg,681511144c16797ef95da1746cda699b239f7852c9b3cd01430b45d55b90ca14,https://hathyo.com/product/189,https://d134sx875xrex2.cloudfront.net/ffDehHetvd_z7862296186724_92dd7b9f107e591a4e39beb00dcfbb1e.jpg,khong_co_logo_chung_chi,,0,tot,
203,anh_000207,san_pham_0048,Bột đậu xanh rau má,data\du_lieu_logo\anh_goc\san_pham_0048\anh_001_3862c8c3.jpg,3862c8c3192273c1165e8a6b9e3eef99cc43e429ae660b07b89ecd9caac9ddf0,https://hathyo.com/product/190,https://d134sx875xrex2.cloudfront.net/1lVhAGKsNi_z7862270783950_7de6013af080900615c9c5a0fac7208f.jpg,khong_co_logo_chung_chi,,0,tot,
204,anh_000208,san_pham_0048,Bột đậu xanh rau má,data\du_lieu_logo\anh_goc\san_pham_0048\anh_002_f5c49729.jpg,f5c4972910cb7868e553a956a05368fb12029ca965c4da8ce92bb413f711490f,https://hathyo.com/product/190,https://d134sx875xrex2.cloudfront.net/PihFvxZZWO_z7862270747901_ac58e8280f5e86a9b2551eec15c47006.jpg,khong_co_logo_chung_chi,,0,tot,
205,anh_000209,san_pham_0048,Bột đậu xanh rau má,data\du_lieu_logo\anh_goc\san_pham_0048\anh_003_d65de4b1.jpg,d65de4b1202bcac1f95c576b5a96a6757ba7f32eb0821246d6f50e2c2997fe3e,https://hathyo.com/product/190,https://d134sx875xrex2.cloudfront.net/Pt72mQUsRU_z7862270755701_277e41b39f43488652a12f8c9068564f.jpg,khong_co_logo_chung_chi,,0,tot,
206,anh_000210,san_pham_0048,Bột đậu xanh rau má,data\du_lieu_logo\anh_goc\san_pham_0048\anh_004_97b982db.jpg,97b982db2f8ff830a6b1e5ffcdb86ab49ac9a53d176bb4e1142c3f70a322b08d,https://hathyo.com/product/190,https://d134sx875xrex2.cloudfront.net/YaaFEgDGt1_z7862270763880_4c0d90e2c1a9769958606d44296069d6.jpg,khong_co_logo_chung_chi,,0,tot,
207,anh_000211,san_pham_0048,Bột đậu xanh rau má,data\du_lieu_logo\anh_goc\san_pham_0048\anh_005_ec191995.jpg,ec191995b28365daa5bb0a77532f3ca02c5df06565c32068c6fdbe7aad03c6c4,https://hathyo.com/product/190,https://d134sx875xrex2.cloudfront.net/Ky8Vn6CVGm_z7862270773164_8821e56f0171dd133a04c103a4fa7ba9.jpg,khong_co_logo_chung_chi,,0,tot,
208,anh_000212,san_pham_0048,Bột đậu xanh rau má,data\du_lieu_logo\anh_goc\san_pham_0048\anh_006_070190a7.jpg,070190a7337cb8c8db11dbd931d7460d559955f7ad883bb71c27ec236f7fcc05,https://hathyo.com/product/190,https://d134sx875xrex2.cloudfront.net/NgO0wQsGlq_z7862296176970_4b9d49a31b54ef598382e27828392430.jpg,khong_co_logo_chung_chi,,0,tot,
209,anh_000213,san_pham_0049,Bột chuối xanh,data\du_lieu_logo\anh_goc\san_pham_0049\anh_001_3e527a4c.jpg,3e527a4cb318556deaa43dc3d7559de9ca7aa250c619cef1673111baf8e74ded,https://hathyo.com/product/191,https://d134sx875xrex2.cloudfront.net/c341v7j7WL_z7862270799236_ac3b2b1278dc4a34e328bcad8ff73c26.jpg,khong_co_logo_chung_chi,,0,tot,
210,anh_000214,san_pham_0049,Bột chuối xanh,data\du_lieu_logo\anh_goc\san_pham_0049\anh_002_9b3e8ac1.jpg,9b3e8ac18d7762571371d966f93cdeee5f649e994ce4cee92a0f81677570eee3,https://hathyo.com/product/191,https://d134sx875xrex2.cloudfront.net/zS91yzjCqN_z7862270790365_c7bf413df6af0b4c48ed78d2650459a6.jpg,khong_co_logo_chung_chi,,0,tot,
211,anh_000215,san_pham_0049,Bột chuối xanh,data\du_lieu_logo\anh_goc\san_pham_0049\anh_003_f6a212cf.jpg,f6a212cfdcacb557dba36bc51b0bfd49912843e7bac534c625bfde10c43762c1,https://hathyo.com/product/191,https://d134sx875xrex2.cloudfront.net/J5AM1TaMO0_z7862270808859_0b4894d0449e719f6f8aca99ba8f078e.jpg,khong_co_logo_chung_chi,,0,tot,
212,anh_000216,san_pham_0049,Bột chuối xanh,data\du_lieu_logo\anh_goc\san_pham_0049\anh_004_89a7368d.jpg,89a7368dadd1e497b8af215817965f1c2f080ab11274eec9a74d26e51fd39c60,https://hathyo.com/product/191,https://d134sx875xrex2.cloudfront.net/Zqnq4sVrk5_z7862270823191_a18747c38dff3cb1bd9567f65c7dbbc5.jpg,khong_co_logo_chung_chi,,0,tot,
213,anh_000217,san_pham_0049,Bột chuối xanh,data\du_lieu_logo\anh_goc\san_pham_0049\anh_005_d6787684.jpg,d6787684ff1531641f822d6e00828537abbbd946651f78c10f94b6dcdf0fa0c1,https://hathyo.com/product/191,https://d134sx875xrex2.cloudfront.net/2YdArRP3h9_z7862296148566_2ee09bca2124f4849246fdbbce5312ba.jpg,khong_co_logo_chung_chi,,0,tot,
214,anh_000218,san_pham_0050,Bột gừng,data\du_lieu_logo\anh_goc\san_pham_0050\anh_001_a015da7e.jpg,a015da7eaed4852f3333e96f71d67436ba93442f66656dad3251cfe7b2ea5799,https://hathyo.com/product/192,https://d134sx875xrex2.cloudfront.net/8Y3tISvNyy_z7862290996545_5fc540eabd5f00d435e12f0c87910a9b.jpg,khong_co_logo_chung_chi,,0,tot,
215,anh_000219,san_pham_0050,Bột gừng,data\du_lieu_logo\anh_goc\san_pham_0050\anh_002_95b08982.jpg,95b08982fc728a84f7e4c5d7c850bb6d0eb833c069b00358c478bd9e390178f9,https://hathyo.com/product/192,https://d134sx875xrex2.cloudfront.net/TUePej4f3W_z7862296142365_ad1251c192eac01e087b31de0f3ef808.jpg,khong_co_logo_chung_chi,,0,tot,
216,anh_000220,san_pham_0051,Mì sợi rau củ,data\du_lieu_logo\anh_goc\san_pham_0051\anh_001_72699c96.jpg,72699c96c156c36196e329b1359036271cd7481547a5f377d744a42987927a55,https://hathyo.com/product/193,https://d134sx875xrex2.cloudfront.net/zLsibenV3h_z7862270890765_72f28d72953ac1e1c77739a5913e7b3c.jpg,khong_co_logo_chung_chi,,0,tot,
217,anh_000221,san_pham_0051,Mì sợi rau củ,data\du_lieu_logo\anh_goc\san_pham_0051\anh_002_f1443a7a.jpg,f1443a7a2c62400c6a81d16ef96e14e5ad69314f36292c5967223a9c91baf181,https://hathyo.com/product/193,https://d134sx875xrex2.cloudfront.net/FMdlJiRU07_z7862270899540_84bd9172aabb80dda1bdbc3be6258d6e.jpg,khong_co_logo_chung_chi,,0,tot,
218,anh_000222,san_pham_0051,Mì sợi rau củ,data\du_lieu_logo\anh_goc\san_pham_0051\anh_003_42fc0586.jpg,42fc0586119dc1dfc06bd9db2c34069939871a2be268c3d9763ebd98eabee735,https://hathyo.com/product/193,https://d134sx875xrex2.cloudfront.net/1YxC4GBA3l_z7862270909580_56159810b59842b24ae4d25e62840794.jpg,khong_co_logo_chung_chi,,0,tot,
219,anh_000223,san_pham_0051,Mì sợi rau củ,data\du_lieu_logo\anh_goc\san_pham_0051\anh_004_0c92e8d5.jpg,0c92e8d5d9f84ef9dd06990f2b9e8a618cb3f8f89baf111534b89e14238f4c5f,https://hathyo.com/product/193,https://d134sx875xrex2.cloudfront.net/Cf8NxiKBh9_z7862270917688_b29e69037ddd95b7677b2c3fd71bcdea.jpg,co_logo_chung_chi,ocop,1,tot,
220,anh_000224,san_pham_0051,Mì sợi rau củ,data\du_lieu_logo\anh_goc\san_pham_0051\anh_005_7da4df1c.jpg,7da4df1c0b9754aa7967456a66174bf30d4bc95857cc2c7ee2a29efe1d855883,https://hathyo.com/product/193,https://d134sx875xrex2.cloudfront.net/YVpW6bOT9t_z7862296134939_03ae5364cb8172acefee5b136e43efb5.jpg,co_logo_chung_chi,ocop,1,tot,
221,anh_000225,san_pham_0052,Bánh hạt dinh dưỡng,data\du_lieu_logo\anh_goc\san_pham_0052\anh_001_d88c3a9c.jpg,d88c3a9c6e3ccb79cb3f277def4f37e06953a3415aaee00da586ebbc0381e644,https://hathyo.com/product/194,https://d134sx875xrex2.cloudfront.net/ijdHB18Dam_z7862270854687_e9e032033501daf4533abaaf59416267.jpg,khong_co_logo_chung_chi,,0,tot,
222,anh_000226,san_pham_0052,Bánh hạt dinh dưỡng,data\du_lieu_logo\anh_goc\san_pham_0052\anh_002_2da5ae86.jpg,2da5ae86ada1d1400c5613cbed2bc9bf239e595a4bbe52fc695ce6a444131a1e,https://hathyo.com/product/194,https://d134sx875xrex2.cloudfront.net/L4j42YVn5B_z7862270867136_accba9ee54b3057ce4b4c50250f8af4f.jpg,khong_co_logo_chung_chi,,0,tot,
223,anh_000227,san_pham_0052,Bánh hạt dinh dưỡng,data\du_lieu_logo\anh_goc\san_pham_0052\anh_003_9f7144d9.jpg,9f7144d974aa6404c1875b593a0739586aea8d88696f084f7377ebf21dfca28a,https://hathyo.com/product/194,https://d134sx875xrex2.cloudfront.net/9zNdQX5eDH_z7862270872306_0c69c80ceefc75e5558c9c5b697b9961.jpg,khong_co_logo_chung_chi,,0,tot,
224,anh_000228,san_pham_0052,Bánh hạt dinh dưỡng,data\du_lieu_logo\anh_goc\san_pham_0052\anh_004_b2682b15.jpg,b2682b15486cb152c75ae8a0dd761fad0c65600fae24d3348965771fa9a805f5,https://hathyo.com/product/194,https://d134sx875xrex2.cloudfront.net/QFdoXiDRfH_z7862270814700_26196b6ef4fa9bb0dc3a32b23683495e.jpg,khong_co_logo_chung_chi,,0,tot,
225,anh_000229,san_pham_0052,Bánh hạt dinh dưỡng,data\du_lieu_logo\anh_goc\san_pham_0052\anh_005_561258fa.jpg,561258fafbcbab44976facf1db828477431b362efee5ce28c5435a1214a07c69,https://hathyo.com/product/194,https://d134sx875xrex2.cloudfront.net/kKdFMVSiA0_z7862270881684_1a6cf8ff00072488e18e198cf664e526.jpg,khong_co_logo_chung_chi,,0,tot,
226,anh_000230,san_pham_0052,Bánh hạt dinh dưỡng,data\du_lieu_logo\anh_goc\san_pham_0052\anh_006_aeb09e9f.jpg,aeb09e9f6c330efca84783a8e5de9b43f475b5e151bcc0fe996c6fd9b773023e,https://hathyo.com/product/194,https://d134sx875xrex2.cloudfront.net/oAvZzlrHaO_z7862296159631_795538f06a5f87b29de0aafa4de00b7a.jpg,co_logo_chung_chi,haccp,1,tot,
227,anh_000231,san_pham_0053,Chuối sấy dẻo nguyên quả,data\du_lieu_logo\anh_goc\san_pham_0053\anh_001_741db9a7.jpg,741db9a7b8c2bc9b9ba9251e1d6275bc7f58d01ee1bbcef87eec0ea121600053,https://hathyo.com/product/195,https://d134sx875xrex2.cloudfront.net/dmsLAKBG3i_z7862280693477_55ff96eca4ca60e29943128c9ad84ed3.jpg,khong_co_logo_chung_chi,,0,tot,
228,anh_000232,san_pham_0053,Chuối sấy dẻo nguyên quả,data\du_lieu_logo\anh_goc\san_pham_0053\anh_002_2a243edc.jpg,2a243edc0b6b194d1a21cc1e937484b9b82e0d5febd27b798ba541d263a9b92e,https://hathyo.com/product/195,https://d134sx875xrex2.cloudfront.net/gbYSeHT6XT_z7862280711166_8f5f787c28ca60838ccd413081dbc997.jpg,khong_co_logo_chung_chi,,0,tot,
229,anh_000233,san_pham_0054,Chuối sấy dẻo mix hạt,data\du_lieu_logo\anh_goc\san_pham_0054\anh_001_b2533d6f.jpg,b2533d6fe1ffa45cdfff32d7b610016ddbfbea3c873a6ee2de7e590766a26236,https://hathyo.com/product/196,https://d134sx875xrex2.cloudfront.net/4jsaOoO9MO_z7862280686839_a3402fcd3429092fdde25e8c88d73abb.jpg,khong_co_logo_chung_chi,,0,tot,
230,anh_000234,san_pham_0055,Chuối sấy dẻo cắt lát,data\du_lieu_logo\anh_goc\san_pham_0055\anh_001_8702fa96.jpg,8702fa96d64dceaab8f85a46ece371ab53a1cadce40d665d3f205160dcc5dd92,https://hathyo.com/product/197,https://d134sx875xrex2.cloudfront.net/41D4H2v8Fq_z7862280702153_a790a7e9fb112214b34fa30110730424.jpg,khong_co_logo_chung_chi,,0,tot,
231,anh_000235,san_pham_0056,Mũi khoan BK8,data\du_lieu_logo\anh_goc\san_pham_0056\anh_001_ccc37b31.jpg,ccc37b318ff04358ab5cfc326a8caedf370e65bdcaa5cc06cb71476af911f076,https://hathyo.com/product/210,https://d134sx875xrex2.cloudfront.net/Pce9JoOf4J_z7877758769615_30f9aa79281401b564f7d2cfb590eb46.jpg,khong_co_logo_chung_chi,,0,tot,
232,anh_000236,san_pham_0056,Mũi khoan BK8,data\du_lieu_logo\anh_goc\san_pham_0056\anh_002_aba5d904.jpg,aba5d904bc9fb224d80c45f1a91e8fae8dfb065fcff2e02ff78dbd95b143b3d0,https://hathyo.com/product/210,https://d134sx875xrex2.cloudfront.net/YpSf6fGNZ8_z7877758777477_4cab0a660a0cd1e31fd8a86273b1baeb.jpg,khong_co_logo_chung_chi,,0,tot,
233,anh_000237,san_pham_0056,Mũi khoan BK8,data\du_lieu_logo\anh_goc\san_pham_0056\anh_003_834a4bdd.jpg,834a4bddffdb58fc79438fdd59a85563b468d958f3a34394667fe3817241941e,https://hathyo.com/product/210,https://d134sx875xrex2.cloudfront.net/c4DIbup4ln_z7877758723805_b101fb96367c98611accd96d52c3cf30.jpg,khong_co_logo_chung_chi,,0,tot,
234,anh_000238,san_pham_0056,Mũi khoan BK8,data\du_lieu_logo\anh_goc\san_pham_0056\anh_004_3574f459.jpg,3574f45980e7896378e1b1f1e9c1e45b28fd42923c9f9e825d4f80340b3b529d,https://hathyo.com/product/210,https://d134sx875xrex2.cloudfront.net/7wYs8uY0RD_z7877758732501_5bf61531d68bddbbdcf5affe59adec59.jpg,khong_co_logo_chung_chi,,0,tot,
235,anh_000239,san_pham_0056,Mũi khoan BK8,data\du_lieu_logo\anh_goc\san_pham_0056\anh_005_8a0e77d6.jpg,8a0e77d6592ae7e3fca0fb0960134331c5ebfa5f6fc1409444901d8140949360,https://hathyo.com/product/210,https://d134sx875xrex2.cloudfront.net/z04MofleJ7_z7877758755126_0ddd73bc629871c651e905b103388383.jpg,khong_co_logo_chung_chi,,0,tot,
236,anh_000240,san_pham_0056,Mũi khoan BK8,data\du_lieu_logo\anh_goc\san_pham_0056\anh_006_00ecd195.jpg,00ecd19571a90f61c68872b922be2f1e6dbdf6f59efc479aa415eba48302260f,https://hathyo.com/product/210,https://d134sx875xrex2.cloudfront.net/Rg4NCLk4Km_z7877758739902_699df1bb24bf367d60cf10a6020c2336.jpg,khong_co_logo_chung_chi,,0,tot,
237,anh_000241,san_pham_0056,Mũi khoan BK8,data\du_lieu_logo\anh_goc\san_pham_0056\anh_007_cd21890d.jpg,cd21890d4aafa929a5de7230c729349d9405d0e8c44796df050dd0ddb5ab7c30,https://hathyo.com/product/210,https://d134sx875xrex2.cloudfront.net/jToYqKRQ9R_z7877758720099_986ac09af9e4e3ff4e81d7a244529b1a.jpg,khong_co_logo_chung_chi,,0,tot,
238,anh_000242,san_pham_0056,Mũi khoan BK8,data\du_lieu_logo\anh_goc\san_pham_0056\anh_008_6136f39a.jpg,6136f39a44b3393c5c1f65b225b95acd4e6ad81e42f5a2d631b54e24883dbe69,https://hathyo.com/product/210,https://d134sx875xrex2.cloudfront.net/fY6VtmpRwR_z7877758761783_01da9b3f168d4abdd7934f315444d3aa.jpg,khong_co_logo_chung_chi,,0,tot,
239,anh_000243,san_pham_0057,Rượu nếp - Can 5L,data\du_lieu_logo\anh_goc\san_pham_0057\anh_001_b86e11da.jpg,b86e11da9a88d6de26e5ebff7c70dbc6ef1c70cfaef69e10b97e1fd2edf8b19b,https://hathyo.com/product/212,https://d134sx875xrex2.cloudfront.net/2uei7uZakA_rn.jpg,khong_co_logo_chung_chi,,0,tot,
240,anh_000244,san_pham_0057,Rượu nếp - Can 5L,data\du_lieu_logo\anh_goc\san_pham_0057\anh_002_747e169c.jpg,747e169c02a8bbf8c992b78b6b4763038210ae575b8544a5548d4a592567ab68,https://hathyo.com/product/212,https://d134sx875xrex2.cloudfront.net/uohexYpeG4_B%E1%BA%A3n%20cam%20k%E1%BA%BFt_page-0001.jpg,khong_co_logo_chung_chi,,0,tot,
241,anh_000245,san_pham_0057,Rượu nếp - Can 5L,data\du_lieu_logo\anh_goc\san_pham_0057\anh_003_7187fe7a.jpg,7187fe7a7091bfc4a4e0c7afa57ef15a3ea3591ad5dc18ee3d284106defe42f2,https://hathyo.com/product/212,https://d134sx875xrex2.cloudfront.net/kgj99F3tun_%C3%B4cp.jpg,co_logo_chung_chi,ocop,1,tot,
242,anh_000246,san_pham_0058,Rượu Gạo - Can 5l,data\du_lieu_logo\anh_goc\san_pham_0058\anh_001_2d055a2e.jpg,2d055a2eba75505ffd2981e586661f7ddf403fe8a7c03edeb3813ab58bd58d79,https://hathyo.com/product/213,https://d134sx875xrex2.cloudfront.net/E2Bxxs1jfY_ruou%20gao.jpg,khong_co_logo_chung_chi,,0,tot,
243,anh_000247,san_pham_0058,Rượu Gạo - Can 5l,data\du_lieu_logo\anh_goc\san_pham_0058\anh_002_c1ed32d3.png,c1ed32d325334df8f74b13eec1d02f57abcddd00b86ed29f9deca1c10640e45f,https://hathyo.com/product/213,https://d134sx875xrex2.cloudfront.net/au44plqoy0_minh%20chung.png,khong_co_logo_chung_chi,,0,qua_nho,
244,anh_000248,san_pham_0059,Rượu Sâm Cau,data\du_lieu_logo\anh_goc\san_pham_0059\anh_001_131e8638.jpg,131e863892a5e1cae22f2636d5a8719325b573e8a7412a4e004b8e95b9114811,https://hathyo.com/product/214,https://d134sx875xrex2.cloudfront.net/z7Bc1O9Dtg_thuy%20tinh%20sam%20cau.jpg,khong_co_logo_chung_chi,,0,tot,
245,anh_000249,san_pham_0059,Rượu Sâm Cau,data\du_lieu_logo\anh_goc\san_pham_0059\anh_002_216b1d6b.jpg,216b1d6b58211effb2cbcba8348926c1ab061e5d409a06268679c5ecb1817d03,https://hathyo.com/product/214,https://d134sx875xrex2.cloudfront.net/EukE57aElm_sam%20cau.jpg,khong_co_logo_chung_chi,,0,tot,
246,anh_000251,san_pham_0059,Rượu Sâm Cau,data\du_lieu_logo\anh_goc\san_pham_0059\anh_004_d2171e8a.jpg,d2171e8a64cdf8e8a1dd1636a2930643c1dc285b8078a7cdcb925d11abe1776d,https://hathyo.com/product/214,https://d134sx875xrex2.cloudfront.net/nNPbxd56z1_chai%20nhua%20sam%20cau.jpg,khong_co_logo_chung_chi,,0,tot,
247,anh_000252,san_pham_0060,Rượu Sim,data\du_lieu_logo\anh_goc\san_pham_0060\anh_001_3789af25.jpg,3789af252235ecba7e6d854d1ccf8a3f68f9dcc4a1a799e3beb07f2a5f9627b4,https://hathyo.com/product/215,https://d134sx875xrex2.cloudfront.net/ZqV8VHTEpp_sim%20bau%20tim.jpg,khong_co_logo_chung_chi,,0,tot,
248,anh_000254,san_pham_0060,Rượu Sim,data\du_lieu_logo\anh_goc\san_pham_0060\anh_003_d1a41616.jpg,d1a41616842db0008104213c39129002874b5b0d0d18742c93dfd885b759976c,https://hathyo.com/product/215,https://d134sx875xrex2.cloudfront.net/vS8aomugH7_sim%20tinh.jpg,khong_co_logo_chung_chi,,0,tot,
249,anh_000255,san_pham_0060,Rượu Sim,data\du_lieu_logo\anh_goc\san_pham_0060\anh_004_95f7d7ca.jpg,95f7d7caa99c9ed534ce7fb82d4ebca44199eb6e02bbee8f6695bad357e2b93c,https://hathyo.com/product/215,https://d134sx875xrex2.cloudfront.net/RSJqpPLQ4w_sim%20nhua.jpg,khong_co_logo_chung_chi,,0,tot,
250,anh_000256,san_pham_0060,Rượu Sim,data\du_lieu_logo\anh_goc\san_pham_0060\anh_005_c850b4f9.jpg,c850b4f9a10eb4eb27844edc5e3057a2ddca229fe4a764b2bde644248dd270dc,https://hathyo.com/product/215,https://d134sx875xrex2.cloudfront.net/HCT7NIfVMC_sim.jpg,khong_co_logo_chung_chi,,0,tot,
251,anh_000257,san_pham_0061,Rượu Ngủ Quả,data\du_lieu_logo\anh_goc\san_pham_0061\anh_001_cec53700.jpg,cec53700edda5e004a2eee4b3db892a5bc74e1cfebbdd436c5765d6e78964b8d,https://hathyo.com/product/216,https://d134sx875xrex2.cloudfront.net/yDPwbhxQD6_logo.jpg,khong_co_logo_chung_chi,,0,qua_nho,
252,anh_000258,san_pham_0061,Rượu Ngủ Quả,data\du_lieu_logo\anh_goc\san_pham_0061\anh_002_e253d32a.jpg,e253d32a146141603cbf973b804a4b94d2978960fd42bd0e361dc98511b706ca,https://hathyo.com/product/216,https://d134sx875xrex2.cloudfront.net/uTA46g1chq_nhua%20ngu%20qua.jpg,khong_co_logo_chung_chi,,0,tot,
253,anh_000260,san_pham_0062,KEM DƯỠNG ẨM VÀ BẢO VỆ DA CHO BÉ TinyDerm - 30 g,data\du_lieu_logo\anh_goc\san_pham_0062\anh_001_93f1a817.png,93f1a8179e494f3598df7d42ea51a1aaee5acab44843ea12bf2eadfc6f86b9f5,https://hathyo.com/product/217,https://d134sx875xrex2.cloudfront.net/Ifr9Axi7vf_tiny1.png,khong_co_logo_chung_chi,,0,tot,
254,anh_000261,san_pham_0062,KEM DƯỠNG ẨM VÀ BẢO VỆ DA CHO BÉ TinyDerm - 30 g,data\du_lieu_logo\anh_goc\san_pham_0062\anh_002_3852b8ff.png,3852b8ff4f1e63a09c177a476c56caad0039e42a2942d55019ba7404cbf14296,https://hathyo.com/product/217,https://d134sx875xrex2.cloudfront.net/V6KrdcQgaO_tiny2.png,khong_co_logo_chung_chi,,0,tot,
255,anh_000262,san_pham_0062,KEM DƯỠNG ẨM VÀ BẢO VỆ DA CHO BÉ TinyDerm - 30 g,data\du_lieu_logo\anh_goc\san_pham_0062\anh_003_1a6b8c2e.png,1a6b8c2e2b00f0db2aa89c8b008c2766f779c07667f8f18b71f3b9730a95c196,https://hathyo.com/product/217,https://d134sx875xrex2.cloudfront.net/d05M8WL04q_tiny3.png,khong_co_logo_chung_chi,,0,tot,
256,anh_000263,san_pham_0062,KEM DƯỠNG ẨM VÀ BẢO VỆ DA CHO BÉ TinyDerm - 30 g,data\du_lieu_logo\anh_goc\san_pham_0062\anh_004_b47f079c.png,b47f079cbd8991f1547058c6fa19fb19dc78bb9a8566b63b4d8126c832e7cbc2,https://hathyo.com/product/217,https://d134sx875xrex2.cloudfront.net/tBU3PrqpiF_tiny4.png,khong_co_logo_chung_chi,,0,qua_nho,
257,anh_000264,san_pham_0062,KEM DƯỠNG ẨM VÀ BẢO VỆ DA CHO BÉ TinyDerm - 30 g,data\du_lieu_logo\anh_goc\san_pham_0062\anh_005_73adef24.png,73adef248305f5e3d5f87efdce671db3a92173c40fe8689bb71901dddc65da3a,https://hathyo.com/product/217,https://d134sx875xrex2.cloudfront.net/4UBNIzNbRg_tiny5.png,khong_co_logo_chung_chi,,0,tot,
258,anh_000265,san_pham_0063,TinyDerm – Kem Phục Hồi Da Bé Dị Ứng Đạm Sữa Bò Nặng | Prebiotics + Postbiotics Nhật Bản Giúp Da Khỏe Từ Gốc,data\du_lieu_logo\anh_goc\san_pham_0063\anh_001_ec40ca83.jpg,ec40ca834681751553a841cffc7eb5d66936886bcf5a723c4fcd1b8cce9d1bc4,https://hathyo.com/product/218,https://d134sx875xrex2.cloudfront.net/p29U2eSidg_z7901580255718_713c5bd611915dde57d327708e6708cf.jpg,khong_co_logo_chung_chi,,0,qua_nho,
259,anh_000266,san_pham_0063,TinyDerm – Kem Phục Hồi Da Bé Dị Ứng Đạm Sữa Bò Nặng | Prebiotics + Postbiotics Nhật Bản Giúp Da Khỏe Từ Gốc,data\du_lieu_logo\anh_goc\san_pham_0063\anh_002_7b1d631c.jpg,7b1d631ca2217334a63766ec6b026a955b8b6eb3a861c5383f0781e1cd96c809,https://hathyo.com/product/218,https://d134sx875xrex2.cloudfront.net/ZKA32Axt2L_z7901580227501_d251c4c9894781627737b72050385a24.jpg,khong_co_logo_chung_chi,,0,qua_nho,
260,anh_000267,san_pham_0063,TinyDerm – Kem Phục Hồi Da Bé Dị Ứng Đạm Sữa Bò Nặng | Prebiotics + Postbiotics Nhật Bản Giúp Da Khỏe Từ Gốc,data\du_lieu_logo\anh_goc\san_pham_0063\anh_003_800bf91d.jpg,800bf91d31a89cb371996079852e5fb67e079f8fbe71dd9cf77a2b073ae0143f,https://hathyo.com/product/218,https://d134sx875xrex2.cloudfront.net/KK0booroXC_z7901580141400_6ee591e2a5bc28ac10ee08453f74d85a.jpg,khong_co_logo_chung_chi,,0,qua_nho,
261,anh_000268,san_pham_0063,TinyDerm – Kem Phục Hồi Da Bé Dị Ứng Đạm Sữa Bò Nặng | Prebiotics + Postbiotics Nhật Bản Giúp Da Khỏe Từ Gốc,data\du_lieu_logo\anh_goc\san_pham_0063\anh_004_7e197114.jpg,7e197114eecbc9e986fda0b0e2e25d396cad15a3eb0bf836bbc08aeb34d87580,https://hathyo.com/product/218,https://d134sx875xrex2.cloudfront.net/7sUkQAvUkR_z7901580169233_f0209ebf8971b349cabe1b15a57bc58e.jpg,khong_co_logo_chung_chi,,0,qua_nho,
262,anh_000269,san_pham_0063,TinyDerm – Kem Phục Hồi Da Bé Dị Ứng Đạm Sữa Bò Nặng | Prebiotics + Postbiotics Nhật Bản Giúp Da Khỏe Từ Gốc,data\du_lieu_logo\anh_goc\san_pham_0063\anh_005_ec2e35c5.jpg,ec2e35c501ca0c80f7ccdf8d1e6b520bce0288d6c5b2ad4836130c3971428bc4,https://hathyo.com/product/218,https://d134sx875xrex2.cloudfront.net/VC3ZW9Q4Fc_z7901580255719_a4e11c2ca4b9a664c02caba3185f493d.jpg,khong_co_logo_chung_chi,,0,qua_nho,
263,anh_000270,san_pham_0063,TinyDerm – Kem Phục Hồi Da Bé Dị Ứng Đạm Sữa Bò Nặng | Prebiotics + Postbiotics Nhật Bản Giúp Da Khỏe Từ Gốc,data\du_lieu_logo\anh_goc\san_pham_0063\anh_006_b64892bf.jpg,b64892bf569f28abd6998741c9b9f295aef7f5bff0fe71291d38a9e5502f381d,https://hathyo.com/product/218,https://d134sx875xrex2.cloudfront.net/ZRDqQw21V5_z7901580198645_b6c0134ebc9f56efa7e52c162afd63c8.jpg,khong_co_logo_chung_chi,,0,qua_nho,
264,anh_000271,san_pham_0063,TinyDerm – Kem Phục Hồi Da Bé Dị Ứng Đạm Sữa Bò Nặng | Prebiotics + Postbiotics Nhật Bản Giúp Da Khỏe Từ Gốc,data\du_lieu_logo\anh_goc\san_pham_0063\anh_007_1405ba38.jpg,1405ba38818567b41007fb572c3a6ee79f824cf2569718eb92c8318b688790c0,https://hathyo.com/product/218,https://d134sx875xrex2.cloudfront.net/VWS1x9I9Sk_z7901580198583_dfc5bb0a9a60c05be11c07191b70321d.jpg,khong_co_logo_chung_chi,,0,qua_nho,
265,anh_000272,san_pham_0063,TinyDerm – Kem Phục Hồi Da Bé Dị Ứng Đạm Sữa Bò Nặng | Prebiotics + Postbiotics Nhật Bản Giúp Da Khỏe Từ Gốc,data\du_lieu_logo\anh_goc\san_pham_0063\anh_008_b99ecbbe.jpg,b99ecbbee0291432f8f41fc60686b02db52a2ddfebc3795fb6a9814b2bee347a,https://hathyo.com/product/218,https://d134sx875xrex2.cloudfront.net/dLLmDpeBhI_Gi%E1%BA%A5y%20ch%E1%BB%A9ng%20nh%E1%BA%ADn_page-0001.jpg,khong_co_logo_chung_chi,,0,tot,
266,anh_000274,san_pham_0064,Viên uống tăng cường sức khỏe Growell,data\du_lieu_logo\anh_goc\san_pham_0064\anh_001_ebd24cf8.jpg,ebd24cf8601e027086c3b3ea2aac0ae2206aedf539275a0a3eb0fe306a9e1621,https://hathyo.com/product/219,https://d134sx875xrex2.cloudfront.net/32lnrWXwJk_z7901617992774_5ded9e413e4b4856e7dcf261c5bd03e3.jpg,co_logo_chung_chi,gmp|khac,2,chap_nhan_duoc,
267,anh_000275,san_pham_0064,Viên uống tăng cường sức khỏe Growell,data\du_lieu_logo\anh_goc\san_pham_0064\anh_002_986bc7a3.jpg,986bc7a339292dc6c092cb6d0bfe8d585d58b281e104b529291a4c83c88bfeec,https://hathyo.com/product/219,https://d134sx875xrex2.cloudfront.net/physhMiUJ3_z7901617992790_8eef8bd08ba4f9bde93bdf83693159a2.jpg,co_logo_chung_chi,khac,1,chap_nhan_duoc,
268,anh_000276,san_pham_0065,Viên uống trắng da - mờ nám Xavia Skin,data\du_lieu_logo\anh_goc\san_pham_0065\anh_001_4317f461.jpg,4317f46194368388ba59f3392540d837c0462938357444b649e8fd7f73e3594f,https://hathyo.com/product/220,https://d134sx875xrex2.cloudfront.net/nRMcuyBSnD_z7901655312676_9b6e892367e7fdb1fe6979f6ba7735ea.jpg,khong_co_logo_chung_chi,,0,tot,
269,anh_000277,san_pham_0065,Viên uống trắng da - mờ nám Xavia Skin,data\du_lieu_logo\anh_goc\san_pham_0065\anh_002_9c6b2699.jpg,9c6b2699b824e2b645e9cd7e6cf2ac207c2714deda4fa6d4666e47d620ed039e,https://hathyo.com/product/220,https://d134sx875xrex2.cloudfront.net/PKgZvb0Ktn_z7901644062205_fadbd141be2ea10623b010b45e20fa42.jpg,khong_co_logo_chung_chi,,0,chap_nhan_duoc,
270,anh_000278,san_pham_0065,Viên uống trắng da - mờ nám Xavia Skin,data\du_lieu_logo\anh_goc\san_pham_0065\anh_003_5b150ac1.jpg,5b150ac1aaf600bbfd0b78bc6afa57bf8262cc956b0cf473bc7f0343c5333682,https://hathyo.com/product/220,https://d134sx875xrex2.cloudfront.net/GkP5aPfimW_xavia.jpg,co_logo_chung_chi,khac,1,tot,
271,anh_000279,san_pham_0066,Mì rau củ cầu vòng,data\du_lieu_logo\anh_goc\san_pham_0066\anh_001_39632277.jpg,396322778c93d3139bad61aec78912391e8e1dbac463add4fc565a7b67f00349,https://hathyo.com/product/225,https://d134sx875xrex2.cloudfront.net/CkKrtEUbm0_5.jpeg,khong_co_logo_chung_chi,,0,tot,
272,anh_000280,san_pham_0066,Mì rau củ cầu vòng,data\du_lieu_logo\anh_goc\san_pham_0066\anh_002_0129476e.jpg,0129476e83b4cc9d8954f12ea060077bce8ad9ce30b737f3923ea5f905a91369,https://hathyo.com/product/225,https://d134sx875xrex2.cloudfront.net/w7OM0kTeQP_ISO%202200%20%202018%20(1).jpg,co_logo_chung_chi,iso_22000,1,tot,
273,anh_000281,san_pham_0067,Mì trứng vàng,data\du_lieu_logo\anh_goc\san_pham_0067\anh_001_2ee11057.png,2ee11057710af8c1ab09e7b7c8fba6055259a9e09085124f02428ecd9ad9d0ca,https://hathyo.com/product/226,https://d134sx875xrex2.cloudfront.net/0fVgTF95q2_IMG_3678.png,khong_co_logo_chung_chi,,0,tot,
274,anh_000283,san_pham_0068,Gừng thẻ vị nguyên bản,data\du_lieu_logo\anh_goc\san_pham_0068\anh_001_48dad742.jpg,48dad742f600fb3e664a79f8139d79cdd801b4b982839ab7f9fedfe7eeaa1207,https://hathyo.com/product/227,https://d134sx875xrex2.cloudfront.net/MHONNWXJUE_z7803696189903_23022a5feb6a1603ff405362dd917f96%20(1).jpg,khong_co_logo_chung_chi,,0,tot,
275,anh_000285,san_pham_0069,Cao chè vằng,data\du_lieu_logo\anh_goc\san_pham_0069\anh_001_f0de2dc4.jpg,f0de2dc4c7345994c8cf60217f4f96a980d859da447909e3b1362ebf6ee853e0,https://hathyo.com/product/2275,https://d134sx875xrex2.cloudfront.net/XAidKPy8Z6_gen-h-z7982792344891_0b90e58b56dac162521dfc10d6eff58b.jpg,khong_co_logo_chung_chi,,0,chap_nhan_duoc,
276,anh_000286,san_pham_0069,Cao chè vằng,data\du_lieu_logo\anh_goc\san_pham_0069\anh_002_443d3210.jpg,443d321096cb58bff5f4dcc26633934047a6f900e31c593ca2533b6ddbd4adbc,https://hathyo.com/product/2275,https://d134sx875xrex2.cloudfront.net/6MeHxnn0fv_gen-h-z7972768776463_5ff3e6ac385f7e0d9262556aa47793b9.jpg,khong_co_logo_chung_chi,,0,tot,
277,anh_000287,san_pham_0069,Cao chè vằng,data\du_lieu_logo\anh_goc\san_pham_0069\anh_003_38b6fe6c.jpg,38b6fe6c889d977387c1a9f1b8fac6c236d01f06dc2ed23c85644ec87238a489,https://hathyo.com/product/2275,https://d134sx875xrex2.cloudfront.net/0URGCyEJdC_gen-h-z7972768778936_87878fdc530dda3259a7f3eb79a907fb.jpg,co_logo_chung_chi,iso_22000,1,tot,
278,anh_000288,san_pham_0069,Cao chè vằng,data\du_lieu_logo\anh_goc\san_pham_0069\anh_004_62df50fd.jpg,62df50fd17305334d6cfb5bc96f5bcf7e6eaf1d913a3c0c022661a36463c0a62,https://hathyo.com/product/2275,https://d134sx875xrex2.cloudfront.net/yd9La8WLBQ_gen-h-z7972768779139_7dfb2fe0b95c059d3a1f17d7b84b6c8d.jpg,co_logo_chung_chi,khac,1,tot,
279,anh_000289,san_pham_0070,Cao cà gai leo,data\du_lieu_logo\anh_goc\san_pham_0070\anh_001_33a1e887.jpg,33a1e887b45bdbb3c62a1c82f38534cb0df4db1c5651e104a92952dc8e6af782,https://hathyo.com/product/2276,https://d134sx875xrex2.cloudfront.net/xywipoqhIh_gen-h-z7982792343914_5ab73ddd07fd55dfaa792804d114f530.jpg,co_logo_chung_chi,ocop,1,tot,
280,anh_000293,san_pham_0071,Cao an xoa,data\du_lieu_logo\anh_goc\san_pham_0071\anh_001_9fb7d64e.jpg,9fb7d64eaa25630661240af56d8a25ae49240bdba4898aa68ca998e060a19413,https://hathyo.com/product/2277,https://d134sx875xrex2.cloudfront.net/ZQY2YaRsrB_gen-h-z7982792121034_545e3d8438fb56711b38250e536a0976.jpg,co_logo_chung_chi,ocop,1,tot,
281,anh_000297,san_pham_0072,Cao dây thìa canh,data\du_lieu_logo\anh_goc\san_pham_0072\anh_001_4b6f51a6.jpg,4b6f51a674bbede6cffe7dd7f80dd3ef0c54ac084eb29b35223a7152afbd8379,https://hathyo.com/product/2279,https://d134sx875xrex2.cloudfront.net/8SQZFG9RYh_gen-h-z7982792140724_5740943773cce65a248c521d4488dd46.jpg,khong_co_logo_chung_chi,,0,tot,
282,anh_000301,san_pham_0073,Bột sắn dây,data\du_lieu_logo\anh_goc\san_pham_0073\anh_001_69a4cc19.jpg,69a4cc19cbfefdb6719daf3fb5a1587ab97e69e1a99107d621e65f1dc5659e3f,https://hathyo.com/product/228,https://d134sx875xrex2.cloudfront.net/0EYCNkHgUE_3%20(4).jpg,co_logo_chung_chi,ocop,1,chap_nhan_duoc,
283,anh_000303,san_pham_0074,Cao hà thủ ô,data\du_lieu_logo\anh_goc\san_pham_0074\anh_001_8d0c6394.jpg,8d0c63943034760d79ab57e76dfea49d61f3e065fc82ac6cdd1f07ec5bc9f7cf,https://hathyo.com/product/2280,https://d134sx875xrex2.cloudfront.net/6iiD2dqUVJ_gen-h-z7982792760326_6f2c034342b02a5df02e2ce9a3e6acce.jpg,co_logo_chung_chi,ocop,1,tot,
284,anh_000307,san_pham_0075,Cao lạc tiên,data\du_lieu_logo\anh_goc\san_pham_0075\anh_001_52c54a08.jpg,52c54a080a5576d4a08f64e742ca0cc68edad2c5953c1f4d758ec28736a42e6e,https://hathyo.com/product/2281,https://d134sx875xrex2.cloudfront.net/SrLvT5cjwl_gen-h-z7982792145766_d1e490db42fae1b6d428c4c22f16f35b.jpg,co_logo_chung_chi,ocop,1,tot,
285,anh_000311,san_pham_0076,Cao xạ đen,data\du_lieu_logo\anh_goc\san_pham_0076\anh_001_d9f65191.jpg,d9f6519115e3519d826905c39a4f31de09832d20cce83a1efda1555166060438,https://hathyo.com/product/2283,https://d134sx875xrex2.cloudfront.net/P0HpFN6dA8_gen-h-z7982792654531_ab4ead4a0402e684646f139ac6636d7f.jpg,khong_co_logo_chung_chi,,0,tot,
286,anh_000315,san_pham_0077,Cao cà gai leo linh chi hoà tan,data\du_lieu_logo\anh_goc\san_pham_0077\anh_001_f5fdcb8b.jpg,f5fdcb8b60817137d4778ff386b04e7ac61f0cc6b9960475729b8c9e8323ec77,https://hathyo.com/product/2284,https://d134sx875xrex2.cloudfront.net/X0Cu6xfzuG_gen-h-z7982792178619_e1ef840105593d37b437e43fdef77488.jpg,khong_co_logo_chung_chi,,0,tot,
287,anh_000319,san_pham_0078,Cao chè vằng linh chi hoà tan,data\du_lieu_logo\anh_goc\san_pham_0078\anh_001_36703739.jpg,367037395a7f84de3f597d9f15d2d5e194f4331156a5f4d5c498b0a34ef58bd3,https://hathyo.com/product/2285,https://d134sx875xrex2.cloudfront.net/pH0W8Q4QrE_gen-h-z7982792151623_a248e6b34fb8f3cf3078d238063d2dbd.jpg,khong_co_logo_chung_chi,,0,tot,
288,anh_000327,san_pham_0080,Cao chè vằng hoà tan linh chi,data\du_lieu_logo\anh_goc\san_pham_0080\anh_001_e9bf952d.jpg,e9bf952d8f8230cb05b1226827c74b7b85c3bf2272dc31515786cea5f82f4742,https://hathyo.com/product/2287,https://d134sx875xrex2.cloudfront.net/umIGO4CIMo_gen-h-z7982792130456_4fd882aeeea226925a2c018b36aef6bd.jpg,khong_co_logo_chung_chi,,0,tot,
289,anh_000331,san_pham_0081,Trà tía tô gừng,data\du_lieu_logo\anh_goc\san_pham_0081\anh_001_72b086b8.jpg,72b086b87ec32fbabef6b0f553c7b9a83ca7449e3ae0cd5a9b3821c28b814f61,https://hathyo.com/product/2288,https://d134sx875xrex2.cloudfront.net/nsyu0yLNJJ_gen-h-z7982792304807_70bb1a7649eb257983e9202251cf5295.jpg,khong_co_logo_chung_chi,,0,tot,
290,anh_000335,san_pham_0082,Trà cà gai leo linh chi,data\du_lieu_logo\anh_goc\san_pham_0082\anh_001_d27dc7e8.jpg,d27dc7e8b6650f41d5be0a8a895b3bb171cbc08321a09a83da9b54f835f01b11,https://hathyo.com/product/2289,https://d134sx875xrex2.cloudfront.net/HdQwnaRQwB_gen-h-z7982792684068_05c34ded7c6b211df40cc0b0295576d7.jpg,khong_co_logo_chung_chi,,0,chap_nhan_duoc,
291,anh_000339,san_pham_0083,Bột ngũ cốc gia đình,data\du_lieu_logo\anh_goc\san_pham_0083\anh_001_e89c6ae4.jpg,e89c6ae4e476ca02d545d72b5f1768427e2f9f50bce728995805fa2d55cb08c2,https://hathyo.com/product/229,https://d134sx875xrex2.cloudfront.net/v82cUPXX8w_2%20(5).jpg,khong_co_logo_chung_chi,,0,tot,
292,anh_000344,san_pham_0085,Trà lạc tiên linh chi,data\du_lieu_logo\anh_goc\san_pham_0085\anh_001_89544556.jpg,89544556d453086a3cc124c8f85626732db90d9d2b824cb6dc3ce362aae04778,https://hathyo.com/product/2291,https://d134sx875xrex2.cloudfront.net/REqfACk62f_gen-h-z7982792684875_7ded60de99556cfe4a7e1ecd1dcc4d03.jpg,khong_co_logo_chung_chi,,0,tot,
293,anh_000348,san_pham_0086,Trà chè dây,data\du_lieu_logo\anh_goc\san_pham_0086\anh_001_84e9397c.jpg,84e9397c2d208a6c36cf936682aa770c0e51040d742b6380f017234a0d196d4a,https://hathyo.com/product/2292,https://d134sx875xrex2.cloudfront.net/3CPwq8WNzh_gen-h-z7982792335581_1d7b4068ad3cd6039748cb3a44536d35.jpg,khong_co_logo_chung_chi,,0,tot,
294,anh_000352,san_pham_0087,Trà xạ đen,data\du_lieu_logo\anh_goc\san_pham_0087\anh_001_5dac4fde.jpg,5dac4fdee768a6d775b39722504d9311ae632ad72003639b4a1c50ac5a4cb5f6,https://hathyo.com/product/2297,https://d134sx875xrex2.cloudfront.net/8WaEPhCliV_gen-n-z7986915054340_aca7abd9a8b78be08813f2089313d53f.jpg,co_logo_chung_chi,khac,1,chap_nhan_duoc,Có biểu trưng Giải thưởng Chất lượng Quốc gia trên chứng nhận; gán khac.
295,anh_000356,san_pham_0088,Trà lá vằng,data\du_lieu_logo\anh_goc\san_pham_0088\anh_001_82256ebe.jpg,82256ebec46920c76a7b4056d63d6a8f260b7e7f8c66d7570c29b29695c9ebcb,https://hathyo.com/product/2298,https://d134sx875xrex2.cloudfront.net/mSynHuS2F4_gen-h-z7986917175882_ad051e16e78dd19eb7e80d30db301d52.jpg,co_logo_chung_chi,khac,1,tot,Có biểu trưng Giải thưởng Chất lượng Quốc gia trên chứng nhận; gán khac.
296,anh_000360,san_pham_0089,Tinh bột nghệ,data\du_lieu_logo\anh_goc\san_pham_0089\anh_001_71b96314.jpg,71b963148990847522ce8dedfc06aaa94d434f0e80674f89481b886be4d2ce85,https://hathyo.com/product/2299,https://d134sx875xrex2.cloudfront.net/YOa6loOGFC_gen-n-z7986919523573_ac9b9b0458c86c7d70c3e356753daffb.jpg,khong_co_logo_chung_chi,,0,chap_nhan_duoc,
297,anh_000364,san_pham_0090,Mầm ngũ cốc rau củ,data\du_lieu_logo\anh_goc\san_pham_0090\anh_001_37928ca0.jpg,37928ca0fa561a4a3eb14f469d4a4aecd78a981fae0c911c3ddc5bd7782a622c,https://hathyo.com/product/230,https://d134sx875xrex2.cloudfront.net/QFy6bpX94s_2.jpeg,khong_co_logo_chung_chi,,0,tot,
298,anh_000366,san_pham_0091,Bột sắn dây,data\du_lieu_logo\anh_goc\san_pham_0091\anh_001_ec8669c2.jpg,ec8669c2d2d8c9c9f15bf4ff4e7766cf253c2ca68257d722a205c2c0d6a89091,https://hathyo.com/product/2300,https://d134sx875xrex2.cloudfront.net/IHuKkYO9J3_gen-h-z7986934622731_46116e8b5ba0c6b8793970977a7fe783.jpg,khong_co_logo_chung_chi,,0,tot,
299,anh_000367,san_pham_0091,Bột sắn dây,data\du_lieu_logo\anh_goc\san_pham_0091\anh_002_6d85fddc.jpg,6d85fddce23d4d3a592531c12b2dd3ba7695f09d1410a62dbe9961b454c2d8d1,https://hathyo.com/product/2300,https://d134sx875xrex2.cloudfront.net/XF9suCzQhV_gen-h-z7986933551686_a50c9300432d8746c6e55fe7b3e66d3e.jpg,khong_co_logo_chung_chi,,0,tot,
300,anh_000371,san_pham_0092,Trà cà gai leo đinh lăng,data\du_lieu_logo\anh_goc\san_pham_0092\anh_001_1c11464d.jpg,1c11464dd9d24184ae99bfeec81cf4c4beb190037f87abec4e348e27070b7866,https://hathyo.com/product/2301,https://d134sx875xrex2.cloudfront.net/rTyAyNPs7O_gen-h-z7986939467340_d0d8bcc0e6d5a88ea89c4bc57146b8b0.jpg,co_logo_chung_chi,khac,1,tot,Có biểu trưng Giải thưởng Chất lượng Quốc gia trên chứng nhận; gán khac.
301,anh_000375,san_pham_0093,Cao hoa nở ngày đất,data\du_lieu_logo\anh_goc\san_pham_0093\anh_001_a1bfb531.jpg,a1bfb53117c41b0304a9d65394bf4dc75bf39144f2f9e54239f5a1303edfc092,https://hathyo.com/product/2302,https://d134sx875xrex2.cloudfront.net/G5iNb8ba68_gen-h-z7986957594089_6bd5d87898acc659355bc9065a1c700e.jpg,co_logo_chung_chi,gmp,1,tot,
302,anh_000379,san_pham_0094,Trà búp ổi non,data\du_lieu_logo\anh_goc\san_pham_0094\anh_001_5d96dc1d.jpg,5d96dc1d0fb198761517829c454c7216de896ecf711fb4d8fe37a65ad2378505,https://hathyo.com/product/2303,https://d134sx875xrex2.cloudfront.net/3C5leTnn99_gen-h-z7987133386523_8ca3e4a878d41bca043f10d349a86518.jpg,khong_co_logo_chung_chi,,0,tot,
303,anh_000383,san_pham_0095,Cao đinh lăng,data\du_lieu_logo\anh_goc\san_pham_0095\anh_001_af32927d.jpg,af32927dd4f20dcdbab3acb4c9599bd4f0f27a60d174bceec21be4c6124e412e,https://hathyo.com/product/2304,https://d134sx875xrex2.cloudfront.net/pTLFm9VNSQ_gen-h-z7987401984610_69e4dd7efd09360bba92259d0e5159b0.jpg,khong_co_logo_chung_chi,,0,tot,
304,anh_000387,san_pham_0096,Trà sâm nữ hoàng,data\du_lieu_logo\anh_goc\san_pham_0096\anh_001_65704765.jpg,657047656d0080ca9e0b87fdf4e77e349b4ae40c07966ddfa713960e8857397c,https://hathyo.com/product/2305,https://d134sx875xrex2.cloudfront.net/0mONQHFFtE_gen-h-z7990676426255_1072b7b642ba90bb18717d16e9200589.jpg,khong_co_logo_chung_chi,,0,tot,
305,anh_000388,san_pham_0097,Trà Sâm nữ hoàng cao cấp,data\du_lieu_logo\anh_goc\san_pham_0097\anh_001_ae48e445.jpg,ae48e44553e805167d3662db5cc5d927f8cc208734c557a943e6fb222c1f12d3,https://hathyo.com/product/2306,https://d134sx875xrex2.cloudfront.net/2zIBGrVpsl_gen-h-z7990676455437_423e3fa3d2746e5ca2f451cd82e19103.jpg,khong_co_logo_chung_chi,,0,tot,
306,anh_000389,san_pham_0097,Trà Sâm nữ hoàng cao cấp,data\du_lieu_logo\anh_goc\san_pham_0097\anh_002_d553e663.jpg,d553e663bb261a5a62d0a1e941e6bce748c5ad8a17cdf5a25a892f786ae1ecb4,https://hathyo.com/product/2306,https://d134sx875xrex2.cloudfront.net/gpooFl6Abr_gen-h-z7990673753310_483832a7838c3db945e153068cdc49c7.jpg,khong_co_logo_chung_chi,,0,tot,
307,anh_000390,san_pham_0098,Cao Sâm Nữ Hoàng,data\du_lieu_logo\anh_goc\san_pham_0098\anh_001_4246fdb7.jpg,4246fdb7a6536b44294ea0943fdb6473ceea21e4bfab2bc643378709ffd85de1,https://hathyo.com/product/2307,https://d134sx875xrex2.cloudfront.net/C5oohF13ly_gen-h-z7990676431239_f270aa5b99fb5308e3d8effdf7e5a878.jpg,khong_co_logo_chung_chi,,0,tot,
308,anh_000391,san_pham_0098,Cao Sâm Nữ Hoàng,data\du_lieu_logo\anh_goc\san_pham_0098\anh_002_12dbc277.jpg,12dbc277849f11e041ab7a67cdb9c40dea207d7a463e8728bc813118c5f0231e,https://hathyo.com/product/2307,https://d134sx875xrex2.cloudfront.net/yalrLzVs88_gen-h-z7990673398920_4f86f62d9b9edc08276081bfe633aab9.jpg,khong_co_logo_chung_chi,,0,tot,
309,anh_000392,san_pham_0099,Kem dưỡng sáng da Melas Clear,data\du_lieu_logo\anh_goc\san_pham_0099\anh_001_06052d3c.jpg,06052d3c1e513b3323a32dcef3e0d2569140bb68d0744504e08032dfd6779969,https://hathyo.com/product/2308,https://d134sx875xrex2.cloudfront.net/E9NOs5Mlwn_gen-h-z7990676414160_64169b607e894d8591a678995d038f85.jpg,khong_co_logo_chung_chi,,0,tot,
310,anh_000393,san_pham_0099,Kem dưỡng sáng da Melas Clear,data\du_lieu_logo\anh_goc\san_pham_0099\anh_002_4b2c7a9d.jpg,4b2c7a9d4facd313bb96d55b3aba781d94cec64f49a87ab620c1bdd4ba0dc320,https://hathyo.com/product/2308,https://d134sx875xrex2.cloudfront.net/TrpPDb3xXW_gen-h-z7990674238910_89cda874728929d787b068cd0f4d4057.jpg,khong_co_logo_chung_chi,,0,chap_nhan_duoc,
311,anh_000394,san_pham_0100,Kem chống nắng Shield Sunscreen,data\du_lieu_logo\anh_goc\san_pham_0100\anh_001_94e070f4.jpg,94e070f49a5d3f8758eb2c6b3eb67c04ad2214279f10fc989026c27e4449db78,https://hathyo.com/product/2309,https://d134sx875xrex2.cloudfront.net/kJDFXnkVAm_gen-h-z7990676384673_122af1159c557b9506b3d551c7c6a2de.jpg,khong_co_logo_chung_chi,,0,tot,
312,anh_000395,san_pham_0100,Kem chống nắng Shield Sunscreen,data\du_lieu_logo\anh_goc\san_pham_0100\anh_002_007aa73c.jpg,007aa73c83d7d54b17f6540a3878444fcb5d2e5c92f13cfd8a8dfadaf7021796,https://hathyo.com/product/2309,https://d134sx875xrex2.cloudfront.net/raXyLynAmb_gen-h-z7990674735934_54270eb587aba36d3640454683a1dbb9.jpg,khong_co_logo_chung_chi,,0,tot,
313,anh_000396,san_pham_0101,Muối mè đen đường hoa dừa,data\du_lieu_logo\anh_goc\san_pham_0101\anh_001_e43b93bf.png,e43b93bf2d83263fd8e91ec2db2b9ee8a7b37d14c50afae5fba61aa04c225624,https://hathyo.com/product/231,https://d134sx875xrex2.cloudfront.net/x10rYWUnsT_71DB9A5E-C189-46B0-B273-EF53835D0D08.png,khong_co_logo_chung_chi,,0,tot,
314,anh_000398,san_pham_0102,Kẹo Sâm Nữ Hoàng,data\du_lieu_logo\anh_goc\san_pham_0102\anh_001_24c18a5e.jpg,24c18a5e7ffc8cceb5f21a98902372c4967e64f6742721335d2ef5d7dfb9b78b,https://hathyo.com/product/2310,https://d134sx875xrex2.cloudfront.net/TeWLMgBaTe_gen-h-z7990676418931_17bc0e9998f285f19923314eaed214a5.jpg,khong_co_logo_chung_chi,,0,tot,
315,anh_000399,san_pham_0103,Tivi thông minh HXY H43B650FC UHD,data\du_lieu_logo\anh_goc\san_pham_0103\anh_001_59b79794.jpg,59b79794c7752657dde80f728da168d066884e48f04854ef531ad9e2ac8ff5b3,https://hathyo.com/product/2311,https://d134sx875xrex2.cloudfront.net/JSF0s4S5HY_43c-5009.jpg,khong_co_logo_chung_chi,,0,qua_nho,
316,anh_000400,san_pham_0103,Tivi thông minh HXY H43B650FC UHD,data\du_lieu_logo\anh_goc\san_pham_0103\anh_002_67a03c35.jpg,67a03c3528c877e7941b64b506e62d05f563d68579a2caac8aac9a027c1ea14b,https://hathyo.com/product/2311,https://d134sx875xrex2.cloudfront.net/kTOXsDch6q_43csau-1136.jpg,khong_co_logo_chung_chi,,0,qua_nho,
317,anh_000401,san_pham_0104,Tivi thông minh HXY H43B650FA FHD Android14,data\du_lieu_logo\anh_goc\san_pham_0104\anh_001_815974a6.jpg,815974a6d8ed96b13079a5f78f9720300cf8da834a506fbba34513255cf0f02c,https://hathyo.com/product/2312,https://d134sx875xrex2.cloudfront.net/uB2GrekC6J_tv43in-5805.jpg,khong_co_logo_chung_chi,,0,qua_nho,
318,anh_000402,san_pham_0105,Tivi thông minh HXY H50B650UA,data\du_lieu_logo\anh_goc\san_pham_0105\anh_001_ff3441e0.jpg,ff3441e0d96985020da5be0f1ccd9a401672279165de32b07576a28574cb7630,https://hathyo.com/product/2313,https://d134sx875xrex2.cloudfront.net/GjCW1J8eyf_50in-9096.jpg,khong_co_logo_chung_chi,,0,qua_nho,
319,anh_000403,san_pham_0106,Tivi thông minh HXY H55B650UA,data\du_lieu_logo\anh_goc\san_pham_0106\anh_001_0d8dd47e.jpg,0d8dd47e68e517c0c3638953e61c05ba59aede84d72b6febd8428a51b1e24202,https://hathyo.com/product/2314,https://d134sx875xrex2.cloudfront.net/t0P3Ya4w4S_55in-1013.jpg,khong_co_logo_chung_chi,,0,qua_nho,
320,anh_000404,san_pham_0107,Tivi thông minh HXY H65B650UA,data\du_lieu_logo\anh_goc\san_pham_0107\anh_001_f7669365.jpg,f7669365a0c4ef80d733febd6e03f031e0ec69ed0521dee87aef285182639d35,https://hathyo.com/product/2315,https://d134sx875xrex2.cloudfront.net/E2siOLtEjn_65inch-2-6176.jpg,khong_co_logo_chung_chi,,0,tot,
321,anh_000405,san_pham_0107,Tivi thông minh HXY H65B650UA,data\du_lieu_logo\anh_goc\san_pham_0107\anh_002_9e0b320b.jpg,9e0b320baa4ab357a4bd8c236016e4b0029f1ac29f732825e698c800c7b122fb,https://hathyo.com/product/2315,https://d134sx875xrex2.cloudfront.net/iPMZv1vkx1_65inch-9534.jpg,khong_co_logo_chung_chi,,0,chap_nhan_duoc,
322,anh_000407,san_pham_0109,TP - Khung treo 32 LED TP (24-43 inch ),data\du_lieu_logo\anh_goc\san_pham_0109\anh_001_dd384807.png,dd3848079c3ffd7536c0433e6f3beed08a65297d187f1c4b8e7f81e1532d8fef,https://hathyo.com/product/2317,https://d134sx875xrex2.cloudfront.net/WCpu9EO48Z_dd.png,khong_co_logo_chung_chi,,0,qua_nho,
323,anh_000408,san_pham_0110,TP - Khung treo 42 LED TP (32-50 inch),data\du_lieu_logo\anh_goc\san_pham_0110\anh_001_62c41d8c.png,62c41d8c2fec0dead46b2d0471c85c40480baf8330d8fbfa5e88eb7a77e16609,https://hathyo.com/product/2318,https://d134sx875xrex2.cloudfront.net/3dQNkamkLN_c.png,khong_co_logo_chung_chi,,0,qua_nho,
324,anh_000409,san_pham_0111,TP - Khung treo 52 LED TP (50-65),data\du_lieu_logo\anh_goc\san_pham_0111\anh_001_81e11219.png,81e11219cb046225f223e7f291bef0bd07b2087f59679c0e0abce4a469862819,https://hathyo.com/product/2319,https://d134sx875xrex2.cloudfront.net/LKru20E9vH_1.png,khong_co_logo_chung_chi,,0,qua_nho,
325,anh_000410,san_pham_0112,Trà gạo lứt hoa cúc,data\du_lieu_logo\anh_goc\san_pham_0112\anh_001_256c3a7e.jpg,256c3a7e88498b6038070aa382cb902397b3304e57723f4451d9fc0bf60ddfd7,https://hathyo.com/product/232,https://d134sx875xrex2.cloudfront.net/9TwBaLvSLW_1.jpeg,khong_co_logo_chung_chi,,0,tot,
326,anh_000412,san_pham_0113,TP - Khung treo 32 cố định TP (24-43 inch ) TA,data\du_lieu_logo\anh_goc\san_pham_0113\anh_001_87ea960e.png,87ea960efecc45a7010761f144a65b66814c5812e22bc511609871458c6025f1,https://hathyo.com/product/2320,https://d134sx875xrex2.cloudfront.net/zDrrCjIHJv_2.png,khong_co_logo_chung_chi,,0,qua_nho,
327,anh_000413,san_pham_0114,"TP - Khung treo 42 Cố Định TP (""37-65"" inch) TA",data\du_lieu_logo\anh_goc\san_pham_0114\anh_001_7d56a187.png,7d56a187f9b64b9cc1972ea03a9ca1f0899a1d1f64a43bf688eadf215f18d379,https://hathyo.com/product/2321,https://d134sx875xrex2.cloudfront.net/JvY3X6eYNh_3.png,khong_co_logo_chung_chi,,0,qua_nho,
328,anh_000414,san_pham_0115,"TP - Khung treo 75 cố định TP (""50-100"" inch) TA",data\du_lieu_logo\anh_goc\san_pham_0115\anh_001_804d9cf5.png,804d9cf51523405b82d263fb1791a2a62b617ea94766923e0a9bff85a50cfe2c,https://hathyo.com/product/2322,https://d134sx875xrex2.cloudfront.net/3gFGZ9Wqgj_4.png,khong_co_logo_chung_chi,,0,qua_nho,
329,anh_000415,san_pham_0116,XỊT KHOÁN EVOLUDERM EAU PURE ( ATOMIEUR PURE WATER ) - 400 ML,data\du_lieu_logo\anh_goc\san_pham_0116\anh_001_cacf1dc0.png,cacf1dc00aa334d212714107b9a0f61c5623a238e0348bc6bd4247ad6aa70e56,https://hathyo.com/product/2328,https://d134sx875xrex2.cloudfront.net/VRilYAIpQL_X%E1%BB%8Bt%20kho%C3%A1ng%20400ml.png,khong_co_logo_chung_chi,,0,tot,
330,anh_000417,san_pham_0116,XỊT KHOÁN EVOLUDERM EAU PURE ( ATOMIEUR PURE WATER ) - 400 ML,data\du_lieu_logo\anh_goc\san_pham_0116\anh_003_2257a1c6.jpg,2257a1c6137ea90206364e32fb5800276cce493889283adc69e77c7b4104af80,https://hathyo.com/product/2328,https://d134sx875xrex2.cloudfront.net/NcUIQrjaFg_X%E1%BB%8Bt%20kho%C3%A1n%20c%E1%BA%A5m%20%E1%BA%A9m%20cho%20m%E1%BB%8Di%20lo%E1%BA%A1i%20da.jpg,khong_co_logo_chung_chi,,0,tot,
331,anh_000418,san_pham_0116,XỊT KHOÁN EVOLUDERM EAU PURE ( ATOMIEUR PURE WATER ) - 400 ML,data\du_lieu_logo\anh_goc\san_pham_0116\anh_004_c62cd597.jpg,c62cd5970e45c3238caa135278cbf8b673a60795ae25b5413fc959380cbf87de,https://hathyo.com/product/2328,https://d134sx875xrex2.cloudfront.net/6rxsXKJvZ1_X%E1%BB%8Bt%20kho%C3%A1n-UN-1.jpg,khong_co_logo_chung_chi,,0,tot,
332,anh_000419,san_pham_0116,XỊT KHOÁN EVOLUDERM EAU PURE ( ATOMIEUR PURE WATER ) - 400 ML,data\du_lieu_logo\anh_goc\san_pham_0116\anh_005_007a4e20.jpg,007a4e208c73fb0f12e3d5090da8d4750a10237b476de8d9e31aaeb636c6f644,https://hathyo.com/product/2328,https://d134sx875xrex2.cloudfront.net/KLCsABRqvu_X%E1%BB%8Bt%20kho%C3%A1n-DV-1.jpg,khong_co_logo_chung_chi,,0,tot,
333,anh_000420,san_pham_0116,XỊT KHOÁN EVOLUDERM EAU PURE ( ATOMIEUR PURE WATER ) - 400 ML,data\du_lieu_logo\anh_goc\san_pham_0116\anh_006_e7d8a79f.jpg,e7d8a79f27d84f2a08b036c817e4c495d4b5d1ac047b4f70d05dfb8812cd31f9,https://hathyo.com/product/2328,https://d134sx875xrex2.cloudfront.net/w7amKgAJQa_X%E1%BB%8Bt%20kho%C3%A1n-%C4%91%C3%B4i.jpg,khong_co_logo_chung_chi,,0,tot,
334,anh_000421,san_pham_0117,TP - Khung treo 32 Led Nghiêng TP (24-43),data\du_lieu_logo\anh_goc\san_pham_0117\anh_001_37f78849.png,37f78849cbfc0e50230111ecc922c8139938c048f25a17b439ac67c486b9d0e1,https://hathyo.com/product/2329,https://d134sx875xrex2.cloudfront.net/3ymhAcvlRW_5.png,khong_co_logo_chung_chi,,0,qua_nho,
335,anh_000422,san_pham_0118,Yến Chưng Đông Trùng Hạ Thảo,data\du_lieu_logo\anh_goc\san_pham_0118\anh_001_8975fdf1.jpg,8975fdf1eecfe82ce0a5fb7af20023b8c112f4241cf02e1e8df63510f22a464b,https://hathyo.com/product/233,https://d134sx875xrex2.cloudfront.net/twpnPCswJQ_z7952089761618_f4eefb0aff86d4e3c66af095c623febf.jpg,khong_co_logo_chung_chi,,0,tot,
336,anh_000423,san_pham_0118,Yến Chưng Đông Trùng Hạ Thảo,data\du_lieu_logo\anh_goc\san_pham_0118\anh_002_8e6f3f54.jpg,8e6f3f545dd7f80cc5bf615c13bd68245e85639e0db133fc79c51ee7d39200a2,https://hathyo.com/product/233,https://d134sx875xrex2.cloudfront.net/0A4gK3GlKw_z7953322977619_524ffcc3a973dd3e4fd75390258607f0.jpg,co_logo_chung_chi,khac,1,chap_nhan_duoc,
337,anh_000424,san_pham_0118,Yến Chưng Đông Trùng Hạ Thảo,data\du_lieu_logo\anh_goc\san_pham_0118\anh_003_458cfef7.jpg,458cfef7da8f726b73a0323827493309a44e3679ed4a4bafd5bf126dbfa09e01,https://hathyo.com/product/233,https://d134sx875xrex2.cloudfront.net/O8pPkURFNJ_z7941669854500_067000528fe33a530ab0763dcd68ce80.jpg,co_logo_chung_chi,khac,1,chap_nhan_duoc,
338,anh_000426,san_pham_0120,"TP - Khung treo 52 Led nghiêng (""50-65 "" inch)",data\du_lieu_logo\anh_goc\san_pham_0120\anh_001_0319cee1.png,0319cee1550b745632ad5973e5483efce72da5a9ce34727c3bc2accf95d7c308,https://hathyo.com/product/2331,https://d134sx875xrex2.cloudfront.net/NjraV9KuhH_6.png,khong_co_logo_chung_chi,,0,qua_nho,
339,anh_000427,san_pham_0121,TP - Khung treo 42 Led Nghiêng TP (40-65) TA,data\du_lieu_logo\anh_goc\san_pham_0121\anh_001_90791661.png,907916611b86863590b437a112f2a434fc1b8a957a5f30c8a8b224816e12ceaf,https://hathyo.com/product/2332,https://d134sx875xrex2.cloudfront.net/diJDdEwsMY_7.png,khong_co_logo_chung_chi,,0,qua_nho,
340,anh_000428,san_pham_0122,"TP - Khung treo 32 Xoay ("" 24-42"" inch)",data\du_lieu_logo\anh_goc\san_pham_0122\anh_001_de85970b.png,de85970b787ca7dcf797bd37a20f24f7270cc06de3f103c5aca03625a34748bb,https://hathyo.com/product/2333,https://d134sx875xrex2.cloudfront.net/tfajjaUp6l_8.png,khong_co_logo_chung_chi,,0,qua_nho,
341,anh_000429,san_pham_0123,"TP - Khung treo 42 Xoay ("" 40-63"" inch)",data\du_lieu_logo\anh_goc\san_pham_0123\anh_001_3726581f.png,3726581fcf0cece518f346c96f2840c8082d5637eef800d0e61d70fc11009f20,https://hathyo.com/product/2334,https://d134sx875xrex2.cloudfront.net/tzm27yJq7U_9.png,khong_co_logo_chung_chi,,0,qua_nho,
342,anh_000430,san_pham_0124,TP - Kệ loa 360 độ,data\du_lieu_logo\anh_goc\san_pham_0124\anh_001_1217241f.png,1217241f7cc7d4f2f9d8cdd23031c9a9fc5970acc4b38203e512326e65f74bf6,https://hathyo.com/product/2335,https://d134sx875xrex2.cloudfront.net/7QQZgMnkE6_%E1%BA%A2nh%20ch%E1%BB%A5p%20m%C3%A0n%20h%C3%ACnh%202026-07-06%20143111.png,khong_co_logo_chung_chi,,0,qua_nho,
343,anh_000431,san_pham_0124,TP - Kệ loa 360 độ,data\du_lieu_logo\anh_goc\san_pham_0124\anh_002_7d9db5c2.png,7d9db5c20b9e207c8bf6cd81f39253210c1b48bfd59cd57413eed41da912c846,https://hathyo.com/product/2335,https://d134sx875xrex2.cloudfront.net/wbLgINchsq_%E1%BA%A2nh%20ch%E1%BB%A5p%20m%C3%A0n%20h%C3%ACnh%202026-07-06%20143223.png,khong_co_logo_chung_chi,,0,qua_nho,
344,anh_000432,san_pham_0125,TP - Kệ loa 979 gật gù,data\du_lieu_logo\anh_goc\san_pham_0125\anh_001_7874b643.png,7874b643362a7d9451a9f35e78a6a03693cef7474a46bab311f64be5a0b9b6c4,https://hathyo.com/product/2336,https://d134sx875xrex2.cloudfront.net/g9eI19wSrr_11.png,khong_co_logo_chung_chi,,0,qua_nho,
345,anh_000433,san_pham_0126,TP - Chân Loa nhỏ,data\du_lieu_logo\anh_goc\san_pham_0126\anh_001_9410009b.png,9410009bd6ae1b427f9a67341f403e156ecdd9dc7c60f9bff010cb18b4cb2116,https://hathyo.com/product/2337,https://d134sx875xrex2.cloudfront.net/szto0OfesF_%E1%BA%A2nh%20ch%E1%BB%A5p%20m%C3%A0n%20h%C3%ACnh%202026-07-06%20144059.png,khong_co_logo_chung_chi,,0,chap_nhan_duoc,
346,anh_000434,san_pham_0127,TP - Chân Loa lớn,data\du_lieu_logo\anh_goc\san_pham_0127\anh_001_9fc5884c.png,9fc5884cff49498ea0f418e24b8fa1a79117d1dd2e822c6b5efc0f0e319f78fa,https://hathyo.com/product/2338,https://d134sx875xrex2.cloudfront.net/quzVgFBKKa_%E1%BA%A2nh%20ch%E1%BB%A5p%20m%C3%A0n%20h%C3%ACnh%202026-07-06%20144210.png,khong_co_logo_chung_chi,,0,qua_nho,
347,anh_000435,san_pham_0128,CHÂN EKE MÁY LẠNH,data\du_lieu_logo\anh_goc\san_pham_0128\anh_001_2ddda524.png,2ddda524d7a4df68e543347a9c5b01f37051b7bec736a6b0af66e462f87c305b,https://hathyo.com/product/2339,https://d134sx875xrex2.cloudfront.net/RDtNvnBB2A_%E1%BA%A2nh%20ch%E1%BB%A5p%20m%C3%A0n%20h%C3%ACnh%202026-07-06%20144354.png,khong_co_logo_chung_chi,,0,qua_nho,
348,anh_000436,san_pham_0129,Yến chưng đường ăn kiêng,data\du_lieu_logo\anh_goc\san_pham_0129\anh_001_cbb86c61.jpg,cbb86c614a84d20a5f6bab2763b3c07553dee1e6fd194066a3193e5d494340df,https://hathyo.com/product/234,https://d134sx875xrex2.cloudfront.net/iAqbQbFFGQ_z7952089749741_2ca7cdcf3ca8ff283243a1100bee0692.jpg,khong_co_logo_chung_chi,,0,tot,
349,anh_000437,san_pham_0129,Yến chưng đường ăn kiêng,data\du_lieu_logo\anh_goc\san_pham_0129\anh_002_86762c93.jpg,86762c93a2460fdc8b8fc313bf3108f5f224e0bbe365f4ab12f958f24689e677,https://hathyo.com/product/234,https://d134sx875xrex2.cloudfront.net/UtUbE02Nds_z7953326959282_76783d3c4aa4aa23788966c3c8a9c03a.jpg,co_logo_chung_chi,khac,1,chap_nhan_duoc,
350,anh_000438,san_pham_0129,Yến chưng đường ăn kiêng,data\du_lieu_logo\anh_goc\san_pham_0129\anh_003_1509e720.jpg,1509e720590e2f826e13c198f3abe31d4321cc3484cd8ba896b1576623012125,https://hathyo.com/product/234,https://d134sx875xrex2.cloudfront.net/zLX4pAfFYr_z7941670110239_f90305732b3898191c0b54293be609b6.jpg,co_logo_chung_chi,khac,1,chap_nhan_duoc,
351,anh_000439,san_pham_0130,Chân lọc nước,data\du_lieu_logo\anh_goc\san_pham_0130\anh_001_9212b349.png,9212b349145f72c17c395ae5869c7eb93f34466c1ad3b456de994d11d3dd45a1,https://hathyo.com/product/2340,https://d134sx875xrex2.cloudfront.net/70IECQGo0B_15.png,khong_co_logo_chung_chi,,0,qua_nho,
352,anh_000441,san_pham_0132,Khung treo TV di động GL AVA1500-1PG (32''-75''),data\du_lieu_logo\anh_goc\san_pham_0132\anh_001_81145de4.png,81145de4067cf1e75666723458311a81158a0dffce9d220ae1c9e76ae897a21c,https://hathyo.com/product/2342,https://d134sx875xrex2.cloudfront.net/Odx3LDzKsP_%E1%BA%A2nh%20ch%E1%BB%A5p%20m%C3%A0n%20h%C3%ACnh%202026-07-06%20144847.png,khong_co_logo_chung_chi,,0,qua_nho,
353,anh_000442,san_pham_0133,Khung treo TV di động GL AVA1800-1PG (55''-90''),data\du_lieu_logo\anh_goc\san_pham_0133\anh_001_ac769a17.png,ac769a177bcbab6f86b45dc8479e8275a22a67e5f01bcc5b18587ba51c7dd58e,https://hathyo.com/product/2343,https://d134sx875xrex2.cloudfront.net/sUZa1Unf5a_%E1%BA%A2nh%20ch%E1%BB%A5p%20m%C3%A0n%20h%C3%ACnh%202026-07-06%20145405.png,khong_co_logo_chung_chi,,0,chap_nhan_duoc,
354,anh_000443,san_pham_0134,Khung treo TV di động AVA 1500 (32''-65''),data\du_lieu_logo\anh_goc\san_pham_0134\anh_001_4e9c8cef.png,4e9c8cefdf76e292dca613919db37059e30b6c68e18dbdb3aacce415b7eaea6e,https://hathyo.com/product/2344,https://d134sx875xrex2.cloudfront.net/pp0Z4WHu7q_%E1%BA%A2nh%20ch%E1%BB%A5p%20m%C3%A0n%20h%C3%ACnh%202026-07-06%20145751.png,khong_co_logo_chung_chi,,0,chap_nhan_duoc,
355,anh_000444,san_pham_0135,Khung treo tivi di động NB AVA1800 (55''- 90'),data\du_lieu_logo\anh_goc\san_pham_0135\anh_001_d983240c.png,d983240cf03ce1b6e20ab76b82c54d22c74bd289f5872dde9df4a708baab51d8,https://hathyo.com/product/2345,https://d134sx875xrex2.cloudfront.net/FSK4VV3E8l_%E1%BA%A2nh%20ch%E1%BB%A5p%20m%C3%A0n%20h%C3%ACnh%202026-07-06%20150059.png,khong_co_logo_chung_chi,,0,chap_nhan_duoc,
356,anh_000445,san_pham_0136,TN - Khung treo tivi NB-P4 (32''-55'),data\du_lieu_logo\anh_goc\san_pham_0136\anh_001_6f4d4fbb.png,6f4d4fbbde174c5bfe630b6031676fbbb874d0e92cd458c7a173e022d4b3a40d,https://hathyo.com/product/2346,https://d134sx875xrex2.cloudfront.net/ePqYS89Xy1_%E1%BA%A2nh%20ch%E1%BB%A5p%20m%C3%A0n%20h%C3%ACnh%202026-07-06%20150517.png,khong_co_logo_chung_chi,,0,chap_nhan_duoc,
357,anh_000446,san_pham_0137,TN - Khung treo tivi NB-P6 (32''-55'),data\du_lieu_logo\anh_goc\san_pham_0137\anh_001_5736ff76.png,5736ff769b1736a11aa9c4a2d0c96b138041e8ddff5d0a4dddae41ceea44b0e9,https://hathyo.com/product/2347,https://d134sx875xrex2.cloudfront.net/SucQ5sD1Wh_%E1%BA%A2nh%20ch%E1%BB%A5p%20m%C3%A0n%20h%C3%ACnh%202026-07-06%20150938.png,khong_co_logo_chung_chi,,0,chap_nhan_duoc,
358,anh_000447,san_pham_0138,Khung treo cố định 32 inch 14''-43'',data\du_lieu_logo\anh_goc\san_pham_0138\anh_001_5c6d6527.png,5c6d6527c2ca23a3e80fd614c60f349dbc82d75f332e25ba3b2e003a0ffd770f,https://hathyo.com/product/2348,https://d134sx875xrex2.cloudfront.net/qmET01TCsO_22.png,khong_co_logo_chung_chi,,0,qua_nho,
359,anh_000449,san_pham_0140,Yến chưng đường phèn,data\du_lieu_logo\anh_goc\san_pham_0140\anh_001_e012d427.jpg,e012d42766015d0e8232f9cc2fb6c305e8b974800ad927d9065cb23eda8bdf76,https://hathyo.com/product/235,https://d134sx875xrex2.cloudfront.net/Z6bJ1NXK3E_z7952090307544_8fe56a9c61a89313267752e0259780c5.jpg,khong_co_logo_chung_chi,,0,qua_nho,
360,anh_000450,san_pham_0140,Yến chưng đường phèn,data\du_lieu_logo\anh_goc\san_pham_0140\anh_002_f470faf7.jpg,f470faf72d27f545ecc0bba8c9e1c5c3702ce6085ffde20641b9d177e6c41124,https://hathyo.com/product/235,https://d134sx875xrex2.cloudfront.net/sTmfkriUrK_z7953314258207_91aa8dd591d638e26c910f149c3e9c56.jpg,co_logo_chung_chi,khac,1,tot,
361,anh_000451,san_pham_0140,Yến chưng đường phèn,data\du_lieu_logo\anh_goc\san_pham_0140\anh_003_71023944.jpg,71023944a615eda0731d1b4955ad71f764288136645bca2e566beef281234cab,https://hathyo.com/product/235,https://d134sx875xrex2.cloudfront.net/McJc9vKXxM_z7941670346898_162a1020e8f0a9cefc93c402b93da938.jpg,co_logo_chung_chi,khac,1,chap_nhan_duoc,
362,anh_000452,san_pham_0141,Loa 1100W - 2 BASS 25CM,data\du_lieu_logo\anh_goc\san_pham_0141\anh_001_682a3c8d.png,682a3c8d4f89dbbe4acb797d4060f42f1db97ef285b4605c788454eb5c15bd43,https://hathyo.com/product/2350,https://d134sx875xrex2.cloudfront.net/xzJs3IgzCC_l1.png,khong_co_logo_chung_chi,,0,qua_nho,
363,anh_000453,san_pham_0142,Loa 450W - 2 BASS 20CM,data\du_lieu_logo\anh_goc\san_pham_0142\anh_001_c6d7418e.png,c6d7418e46190294f6f2e8ee4ded24ebd509021a6efd22bf37c81617261b1fd0,https://hathyo.com/product/2351,https://d134sx875xrex2.cloudfront.net/VUWBwtNjbJ_l2.png,khong_co_logo_chung_chi,,0,qua_nho,
364,anh_000454,san_pham_0143,Loa 650W - 2 BASS 25CM,data\du_lieu_logo\anh_goc\san_pham_0143\anh_001_c5fcd662.png,c5fcd662f6a206d7a22b4c8299f58ac3e2ef6dfb76db591a59d35b058c3b4389,https://hathyo.com/product/2352,https://d134sx875xrex2.cloudfront.net/vLXXv7azKK_l3.png,khong_co_logo_chung_chi,,0,qua_nho,
365,anh_000455,san_pham_0144,Loa 450W - 2 BASS 25CM,data\du_lieu_logo\anh_goc\san_pham_0144\anh_001_c8ed2034.png,c8ed2034fea7e31f5c23a1ed37bb3e16b36e879cf6b84d8a48928274068cc4d2,https://hathyo.com/product/2353,https://d134sx875xrex2.cloudfront.net/aL5uWBo5GW_l4.png,khong_co_logo_chung_chi,,0,qua_nho,
366,anh_000456,san_pham_0145,Loa 1200W - 2 BASS 25CM,data\du_lieu_logo\anh_goc\san_pham_0145\anh_001_408043f5.png,408043f52080b466eb0221044d473f98f672a7f3da57adec47e7af068e6a7da8,https://hathyo.com/product/2354,https://d134sx875xrex2.cloudfront.net/GGb8Fvx8NK_l5.png,khong_co_logo_chung_chi,,0,qua_nho,
367,anh_000457,san_pham_0146,Loa 950W - BASS 40CM (1513PRO),data\du_lieu_logo\anh_goc\san_pham_0146\anh_001_f36ad1dc.png,f36ad1dc91075c247c64961435c42f858d67fde7e2e6dd95c5c28d874feb24dd,https://hathyo.com/product/2355,https://d134sx875xrex2.cloudfront.net/xTFCgqV9Ey_l6.png,khong_co_logo_chung_chi,,0,qua_nho,
368,anh_000458,san_pham_0147,Loa 350W - 2 BASS 16CM,data\du_lieu_logo\anh_goc\san_pham_0147\anh_001_d1fff734.png,d1fff73475feafe92c05e074df3cd1e3c2cc47fd08e57573054e093fa9042df0,https://hathyo.com/product/2356,https://d134sx875xrex2.cloudfront.net/0uUu6SRDxR_l7.png,khong_co_logo_chung_chi,,0,qua_nho,
369,anh_000459,san_pham_0148,Loa 950W - BASS 40CM (1535G),data\du_lieu_logo\anh_goc\san_pham_0148\anh_001_d1d38bde.png,d1d38bde0214b6dd18ebb96a0acad728a995009eaa6246a09c0a16a241084a9f,https://hathyo.com/product/2357,https://d134sx875xrex2.cloudfront.net/ZyAgIbXrMp_l8.png,khong_co_logo_chung_chi,,0,qua_nho,
370,anh_000460,san_pham_0149,Loa 1050W - BASS 40CM,data\du_lieu_logo\anh_goc\san_pham_0149\anh_001_23a21b4b.png,23a21b4b52ae237165217575ebc258f9147b3cf42623161520812af85533dbe4,https://hathyo.com/product/2358,https://d134sx875xrex2.cloudfront.net/bRhZiPe4J2_l9.png,khong_co_logo_chung_chi,,0,qua_nho,
371,anh_000461,san_pham_0150,Loa 880W - 2 BASS 25CM,data\du_lieu_logo\anh_goc\san_pham_0150\anh_001_c5554037.png,c555403767762e840ec7d0da221c09f533d74042d1a9ee0bacfc1fa2c56bbc99,https://hathyo.com/product/2359,https://d134sx875xrex2.cloudfront.net/WzhMGnLS70_l10.png,khong_co_logo_chung_chi,,0,qua_nho,
372,anh_000462,san_pham_0151,Yến chưng For Kids,data\du_lieu_logo\anh_goc\san_pham_0151\anh_001_d2f8a1e4.jpg,d2f8a1e43fe6ddc3da65c43e6912d7ca5c35d4c12d216d26cda1f099c124f7ad,https://hathyo.com/product/236,https://d134sx875xrex2.cloudfront.net/5TJo4BiqIv_z7952089764736_3dac398d5382b5a91d2b0b9287cc6995.jpg,khong_co_logo_chung_chi,,0,tot,
373,anh_000463,san_pham_0151,Yến chưng For Kids,data\du_lieu_logo\anh_goc\san_pham_0151\anh_002_db069546.jpg,db0695463c5deb592b17bdee69feb8cefac8be839d60aea7db047580f79f51c0,https://hathyo.com/product/236,https://d134sx875xrex2.cloudfront.net/FhQ5d2cWuo_z7953330140456_a815e7bb5bdd8d19bca12f378cf91494.jpg,co_logo_chung_chi,khac,1,chap_nhan_duoc,
374,anh_000464,san_pham_0151,Yến chưng For Kids,data\du_lieu_logo\anh_goc\san_pham_0151\anh_003_9aab06c2.jpg,9aab06c2f2d1f2b553b12149b1702e2bed516930aa2e30d07a9de1f10fdefdb1,https://hathyo.com/product/236,https://d134sx875xrex2.cloudfront.net/1sRkBdCFp0_z7941670690989_024e3665316e491c6ef1b37af8bfeb5d.jpg,co_logo_chung_chi,khac,1,chap_nhan_duoc,
375,anh_000465,san_pham_0152,Loa 1150W - 2 BASS 25CM,data\du_lieu_logo\anh_goc\san_pham_0152\anh_001_0e7f69d1.png,0e7f69d1a68827b36c4c2dd5d489a871c501d35d9c22180e7d8cde31608d0674,https://hathyo.com/product/2360,https://d134sx875xrex2.cloudfront.net/BC55nY0MMG_l11.png,khong_co_logo_chung_chi,,0,qua_nho,
376,anh_000466,san_pham_0153,Loa 1300W - 2 BASS 50CM,data\du_lieu_logo\anh_goc\san_pham_0153\anh_001_f3d96203.png,f3d962033fb8ee7ac9ecfc8682d26224bc058cc7a055cbe31a644459c094c2f3,https://hathyo.com/product/2361,https://d134sx875xrex2.cloudfront.net/sENcBDKPUE_l12.png,khong_co_logo_chung_chi,,0,qua_nho,
377,anh_000467,san_pham_0154,Loa 1150W - 2 BASS 25CM,data\du_lieu_logo\anh_goc\san_pham_0154\anh_001_0bd937ff.png,0bd937ff5f7d7628021193e2d15affcf2f6ff87569c678ad821ccdc66073d7df,https://hathyo.com/product/2362,https://d134sx875xrex2.cloudfront.net/vqUCF9y7lE_l13.png,khong_co_logo_chung_chi,,0,qua_nho,
378,anh_000468,san_pham_0155,Loa 650W - 2 BASS 25CM,data\du_lieu_logo\anh_goc\san_pham_0155\anh_001_be72e25b.png,be72e25bb26efa227244d3fd1d017e3264e51f08d8fea17a7f7b49dc841dc871,https://hathyo.com/product/2363,https://d134sx875xrex2.cloudfront.net/oQ88gkaDpe_l14.png,khong_co_logo_chung_chi,,0,qua_nho,
379,anh_000469,san_pham_0156,LLoa 450W - 2 BASS 20CM,data\du_lieu_logo\anh_goc\san_pham_0156\anh_001_51bfd92a.png,51bfd92a2a6d81a6febe3403b8883fe06696dabe9aed7a06948cba7db1d02ca4,https://hathyo.com/product/2364,https://d134sx875xrex2.cloudfront.net/uNT2FF3hts_%C3%A2.png,khong_co_logo_chung_chi,,0,qua_nho,
380,anh_000470,san_pham_0157,Loa 650W - 2 BASS 25CM,data\du_lieu_logo\anh_goc\san_pham_0157\anh_001_29c0d140.png,29c0d140ed8f4753bf8dd665c24f0511bf6e65d1d139730d77c6ea1502a9ef20,https://hathyo.com/product/2365,https://d134sx875xrex2.cloudfront.net/7Oa2UmlqeN_b.png,khong_co_logo_chung_chi,,0,qua_nho,
381,anh_000471,san_pham_0158,Loa 350W - 2 BASS 16CM,data\du_lieu_logo\anh_goc\san_pham_0158\anh_001_6bd7ab4e.png,6bd7ab4e57d7db123a084f9b6669fdef60b22516d30d8ac502eb0747c99765de,https://hathyo.com/product/2366,https://d134sx875xrex2.cloudfront.net/JfYWj9cQH6_23.png,khong_co_logo_chung_chi,,0,tot,
382,anh_000472,san_pham_0159,Loa 980W - 2 BASS 25CM,data\du_lieu_logo\anh_goc\san_pham_0159\anh_001_dc595643.png,dc59564399d5a941f484a151a3be0a08652c5c9c2c0028882eb8014f24a9eeb1,https://hathyo.com/product/2367,https://d134sx875xrex2.cloudfront.net/fTqZrX10Xi_a1.png,khong_co_logo_chung_chi,,0,qua_nho,
383,anh_000473,san_pham_0160,Loa 1150W - 2 BASS 25CM,data\du_lieu_logo\anh_goc\san_pham_0160\anh_001_bb71bddd.png,bb71bddd43ac7af5cd3ee568bba3ac5d06467705013eca5e230d1c9c7309215b,https://hathyo.com/product/2368,https://d134sx875xrex2.cloudfront.net/ga85Iq6aNP_a2.png,khong_co_logo_chung_chi,,0,qua_nho,
384,anh_000474,san_pham_0161,Loa 460W - 2 BASS 20CM,data\du_lieu_logo\anh_goc\san_pham_0161\anh_001_b1fdd216.png,b1fdd2167cf0296fb420d92e9909a08e8d6834a974e8941403e9408546ca73ac,https://hathyo.com/product/2369,https://d134sx875xrex2.cloudfront.net/0Z6lFDWgKJ_a22.png,khong_co_logo_chung_chi,,0,qua_nho,
385,anh_000475,san_pham_0162,Yến tinh chế,data\du_lieu_logo\anh_goc\san_pham_0162\anh_001_9c75f89f.jpg,9c75f89ffb2e4f55d318010706fb56e74b53d79e70840fe64debdeff03309651,https://hathyo.com/product/237,https://d134sx875xrex2.cloudfront.net/HBPz7o3xIV_z7941703497490_ad33125a8b04cc7a76428a59baf7e4ed.jpg,khong_co_logo_chung_chi,,0,tot,
386,anh_000476,san_pham_0163,Loa 420W - 2 BASS 20CM,data\du_lieu_logo\anh_goc\san_pham_0163\anh_001_a1d2e4b2.png,a1d2e4b23e3aeb30889a06bec6eb3fd03900b2980507cb15b20f3d25f7fbff7e,https://hathyo.com/product/2370,https://d134sx875xrex2.cloudfront.net/Vq5bkZcKMt_d.png,khong_co_logo_chung_chi,,0,qua_nho,
387,anh_000477,san_pham_0164,Loa 1250W - 2 BASS 30CM,data\du_lieu_logo\anh_goc\san_pham_0164\anh_001_37b9093f.png,37b9093f70638cf1996853bafe85f1ba7fb6ef384c62a9773532c698739fe7cd,https://hathyo.com/product/2371,https://d134sx875xrex2.cloudfront.net/YD8KWzss82_t1.png,khong_co_logo_chung_chi,,0,qua_nho,
388,anh_000478,san_pham_0165,Loa 960W - 2 BASS 25CM,data\du_lieu_logo\anh_goc\san_pham_0165\anh_001_04fd015d.png,04fd015dc7e6ebd50279ba37d238e4371f70d3cd827e4330a496abe5b2ff7d88,https://hathyo.com/product/2372,https://d134sx875xrex2.cloudfront.net/FsDrf4TBNw_t2.png,khong_co_logo_chung_chi,,0,qua_nho,
389,anh_000479,san_pham_0166,Loa 600W - 2 BASS 25CM,data\du_lieu_logo\anh_goc\san_pham_0166\anh_001_a16f96af.png,a16f96af8348f6beb8a9304c148a6c41c447e0fde4f98055047092e4e40c7f81,https://hathyo.com/product/2373,https://d134sx875xrex2.cloudfront.net/n8LP2whCN5_t22.png,khong_co_logo_chung_chi,,0,qua_nho,
390,anh_000480,san_pham_0167,450W - 2 BASS 20CM,data\du_lieu_logo\anh_goc\san_pham_0167\anh_001_60eed69d.png,60eed69dcd464ed784236c8433eb97c538340e2495e0492eef1596779ddf352a,https://hathyo.com/product/2374,https://d134sx875xrex2.cloudfront.net/6YGAFtPnFX_aa.png,khong_co_logo_chung_chi,,0,qua_nho,
391,anh_000481,san_pham_0168,Loa 450W - 2 BASS 16CM,data\du_lieu_logo\anh_goc\san_pham_0168\anh_001_0cc6fe66.png,0cc6fe666206ef5f441841aadb1b7f50fc02b4a56cd56f3e2820de8f600cb283,https://hathyo.com/product/2375,https://d134sx875xrex2.cloudfront.net/3QMumj3aN0_ss.png,khong_co_logo_chung_chi,,0,qua_nho,
392,anh_000482,san_pham_0169,Loa 450W - 2 BASS 20CM,data\du_lieu_logo\anh_goc\san_pham_0169\anh_001_360bc11e.png,360bc11e56af114948a1f62e50fb21ece830c02a665bfd53960512905f6fab40,https://hathyo.com/product/2376,https://d134sx875xrex2.cloudfront.net/6CkIs1DTuO_aaa.png,khong_co_logo_chung_chi,,0,qua_nho,
393,anh_000483,san_pham_0170,Máy lọc nước RO 5 cấp tinh khiết,data\du_lieu_logo\anh_goc\san_pham_0170\anh_001_aa4a014a.png,aa4a014a6e6759deabde5da9ce7818c47dd9c99f84d8659697cd97ade83b1f1d,https://hathyo.com/product/2377,https://d134sx875xrex2.cloudfront.net/0TguHikUgk_%E1%BA%A2nh%20ch%E1%BB%A5p%20m%C3%A0n%20h%C3%ACnh%202026-07-04%20215704.png,khong_co_logo_chung_chi,,0,qua_nho,
394,anh_000484,san_pham_0171,35OW - 2 BASS 20CM,data\du_lieu_logo\anh_goc\san_pham_0171\anh_001_8c69cd2e.png,8c69cd2ef8a50ddf87162d17b42dd0116080e288d24b11f333edb5e5e687e2a2,https://hathyo.com/product/2378,https://d134sx875xrex2.cloudfront.net/NgYfUkyxjS_bb.png,khong_co_logo_chung_chi,,0,qua_nho,
395,anh_000485,san_pham_0172,Loa 450W-2 BASS 20CM,data\du_lieu_logo\anh_goc\san_pham_0172\anh_001_600100cb.png,600100cba57aad5f7ef64b406ebb4a1c279b3a786e9ed2af993db982fffb91a9,https://hathyo.com/product/2379,https://d134sx875xrex2.cloudfront.net/vZBpyB7AbL_zz.png,khong_co_logo_chung_chi,,0,qua_nho,
396,anh_000486,san_pham_0173,Yến thô,data\du_lieu_logo\anh_goc\san_pham_0173\anh_001_2c29782a.jpg,2c29782a41baa6c3228a0b1ff313578d448a31e59bc710bd0f4999d944cf7943,https://hathyo.com/product/238,https://d134sx875xrex2.cloudfront.net/hBs2fm9Xk0_z7952093373400_9a7b3f0b2d3d19d912a95b66e9590d68.jpg,khong_co_logo_chung_chi,,0,tot,
397,anh_000487,san_pham_0174,Máy lọc nước RO 8 cấp tạo khoáng,data\du_lieu_logo\anh_goc\san_pham_0174\anh_001_72359106.png,72359106d641f43d087848d488e9d7e055f0c816c94fbadf344a1c969e187944,https://hathyo.com/product/2380,https://d134sx875xrex2.cloudfront.net/RgglbOLaMj_%E1%BA%A2nh%20ch%E1%BB%A5p%20m%C3%A0n%20h%C3%ACnh%202026-07-04%20224015.png,khong_co_logo_chung_chi,,0,qua_nho,
398,anh_000488,san_pham_0175,Loa 35OW - 2 BASS 20CM,data\du_lieu_logo\anh_goc\san_pham_0175\anh_001_73510d0f.png,73510d0f01d589786d984c60a3eba28001658436967dd558cf649d085c8bbe5c,https://hathyo.com/product/2381,https://d134sx875xrex2.cloudfront.net/mG0T6vjTh5_x.png,khong_co_logo_chung_chi,,0,qua_nho,
399,anh_000489,san_pham_0176,Máy lọc nước RO 8 cấp cao cấp tạo Hydrogen kiềm - vòi rời,data\du_lieu_logo\anh_goc\san_pham_0176\anh_001_7052cb82.png,7052cb82ff1e675dfa747c752577d0799bc6fe597ea31c41b0bbcd07366a83c9,https://hathyo.com/product/2382,https://d134sx875xrex2.cloudfront.net/j8TbQUzB4N_%E1%BA%A2nh%20ch%E1%BB%A5p%20m%C3%A0n%20h%C3%ACnh%202026-07-04%20222600.png,khong_co_logo_chung_chi,,0,qua_nho,
400,anh_000490,san_pham_0177,Loa 390W-2 BASS 20CM,data\du_lieu_logo\anh_goc\san_pham_0177\anh_001_d3049141.png,d3049141d92542c6434f53cdcf10e05b21a897c67ffea91797ef85209487d50f,https://hathyo.com/product/2383,https://d134sx875xrex2.cloudfront.net/sqLjMT4Xz4_v.png,khong_co_logo_chung_chi,,0,qua_nho,
401,anh_000491,san_pham_0178,Loa 680W - 2 BASS 25CM,data\du_lieu_logo\anh_goc\san_pham_0178\anh_001_27705c98.png,27705c98a88641336ab0eee4aaa899c11d1ba2f3aa0f9e3ddce27a24fcd7330a,https://hathyo.com/product/2384,https://d134sx875xrex2.cloudfront.net/sgqTdxIFoN_cc.png,khong_co_logo_chung_chi,,0,qua_nho,
402,anh_000492,san_pham_0179,Loa 380W - 2 BASS 20CM,data\du_lieu_logo\anh_goc\san_pham_0179\anh_001_a0f3637d.png,a0f3637d7196cbd42f0693ad1e536c9c6fd43b4296ce7d4e42038049391e6186,https://hathyo.com/product/2385,https://d134sx875xrex2.cloudfront.net/WPJTupvsSa_qq.png,khong_co_logo_chung_chi,,0,qua_nho,
403,anh_000493,san_pham_0180,Loa 800W - 2 BASS 25CM,data\du_lieu_logo\anh_goc\san_pham_0180\anh_001_fa3a7d57.png,fa3a7d574c39faf5f42ab33efa41ac525ec09e9c1fbb33784137d4ff73bc8f1d,https://hathyo.com/product/2386,https://d134sx875xrex2.cloudfront.net/4tjUN6XPxn_ttt.png,khong_co_logo_chung_chi,,0,qua_nho,
404,anh_000495,san_pham_0182,Loa 500W - 2 BASS 20CM,data\du_lieu_logo\anh_goc\san_pham_0182\anh_001_0c785376.png,0c785376a78eb20cafccdffca2e83bf609e807ed19362b7ce79de3a383235036,https://hathyo.com/product/2388,https://d134sx875xrex2.cloudfront.net/3j6NDrreFN_bbb.png,khong_co_logo_chung_chi,,0,qua_nho,
405,anh_000496,san_pham_0183,Loa 450W - 2 BASS 20CM,data\du_lieu_logo\anh_goc\san_pham_0183\anh_001_93641690.png,93641690a856122d3c1e08cedcb40f822e8c4981ef27bb29bbf386be069cba90,https://hathyo.com/product/2389,https://d134sx875xrex2.cloudfront.net/r5rmQCShfb_ccc.png,khong_co_logo_chung_chi,,0,qua_nho,
406,anh_000497,san_pham_0184,Máy lọc nước RO 8 cấp cao cấp tạo Hydrogen kiềm - vòi trên máy,data\du_lieu_logo\anh_goc\san_pham_0184\anh_001_e00d67c7.png,e00d67c71051925e0b5864bec48764bfa3ebf82386f2e037646108304e888d86,https://hathyo.com/product/2390,https://d134sx875xrex2.cloudfront.net/DNczYE9CAh_%E1%BA%A2nh%20ch%E1%BB%A5p%20m%C3%A0n%20h%C3%ACnh%202026-07-04%20225649.png,khong_co_logo_chung_chi,,0,qua_nho,
407,anh_000498,san_pham_0185,Loa 450W - 2 BASS 20CM (3609PPRO ),data\du_lieu_logo\anh_goc\san_pham_0185\anh_001_534c8ce1.png,534c8ce11be32a8edccad7f3257005898b857c51abc927aceaddedf8d5815d61,https://hathyo.com/product/2391,https://d134sx875xrex2.cloudfront.net/RC6XJFKq8o_ddd.png,khong_co_logo_chung_chi,,0,qua_nho,
408,anh_000499,san_pham_0186,Loa 450W - 2 BASS 20CM (S90),data\du_lieu_logo\anh_goc\san_pham_0186\anh_001_da3fc6c9.png,da3fc6c904180123631f9614539258eabd93c723bed975628e17c6bdef3d3bc7,https://hathyo.com/product/2392,https://d134sx875xrex2.cloudfront.net/5srNmAiXud_r.png,khong_co_logo_chung_chi,,0,qua_nho,
409,anh_000500,san_pham_0187,Loa 450W-2 BASS 20CM (S28),data\du_lieu_logo\anh_goc\san_pham_0187\anh_001_c3ddbc08.png,c3ddbc08c5d5547c463c06f0f1ce92dab67384ff672b4cbcc415f43579ff534f,https://hathyo.com/product/2393,https://d134sx875xrex2.cloudfront.net/WsQ5UNRy1h_aaaaa.png,khong_co_logo_chung_chi,,0,qua_nho,
410,anh_000501,san_pham_0188,Máy lọc nước RO 8 cấp tạo khoáng có tủ KCL,data\du_lieu_logo\anh_goc\san_pham_0188\anh_001_a9219913.png,a92199139ce9785e5f5ed87321234ecc66f77657ce7c037b50e085bc4a20c996,https://hathyo.com/product/2394,https://d134sx875xrex2.cloudfront.net/z3U9y44ypg_%E1%BA%A2nh%20ch%E1%BB%A5p%20m%C3%A0n%20h%C3%ACnh%202026-07-04%20230558.png,khong_co_logo_chung_chi,,0,qua_nho,
411,anh_000502,san_pham_0189,Máy lọc nước RO 9 cấp cao cấp tạo Hydrogen kiềm,data\du_lieu_logo\anh_goc\san_pham_0189\anh_001_0ee70bda.png,0ee70bdab326dd0615deaed38ef2bced4967013d7cdf95d0d60ce013d2c852f2,https://hathyo.com/product/2395,https://d134sx875xrex2.cloudfront.net/WBxPAyqdli_%E1%BA%A2nh%20ch%E1%BB%A5p%20m%C3%A0n%20h%C3%ACnh%202026-07-04%20231455.png,khong_co_logo_chung_chi,,0,qua_nho,
412,anh_000503,san_pham_0190,Máy lọc nước RO 9 cấp cao cấp tạo Hydrogen kiềm có tủ KCL,data\du_lieu_logo\anh_goc\san_pham_0190\anh_001_37c02169.png,37c021692cac6bc63edb6bf5bec048b786bbebe064d2392ef018e0a1cad07fd4,https://hathyo.com/product/2396,https://d134sx875xrex2.cloudfront.net/f80v06CWld_%E1%BA%A2nh%20ch%E1%BB%A5p%20m%C3%A0n%20h%C3%ACnh%202026-07-04%20232601.png,khong_co_logo_chung_chi,,0,qua_nho,
413,anh_000504,san_pham_0191,Pin Alkaline AA Premium - 4 Viên,data\du_lieu_logo\anh_goc\san_pham_0191\anh_001_6e6dcbea.png,6e6dcbea2e65a430ea9258c2195c9fe3427c11a4c47be754fb02daca1a8dae5f,https://hathyo.com/product/2397,https://d134sx875xrex2.cloudfront.net/RHFGAzQ28W_p.png,khong_co_logo_chung_chi,,0,qua_nho,
414,anh_000505,san_pham_0192,Pin Alkaline AAA Premium - 4 Viên,data\du_lieu_logo\anh_goc\san_pham_0192\anh_001_5ec3ddf8.png,5ec3ddf81350208fabbd02b38a4309ddc5e04e6d755542728b917e3b88e7216f,https://hathyo.com/product/2398,https://d134sx875xrex2.cloudfront.net/wAscnsVJHc_t4.png,khong_co_logo_chung_chi,,0,qua_nho,
415,anh_000506,san_pham_0193,Pin Carbon AAA - 4 Viên/L,data\du_lieu_logo\anh_goc\san_pham_0193\anh_001_2782ff47.png,2782ff47b3fcad74c290bdcf6abe51be7aff28b77188a824506e0b662a0258c1,https://hathyo.com/product/2399,https://d134sx875xrex2.cloudfront.net/S9Kveh0tpK_t3.png,khong_co_logo_chung_chi,,0,qua_nho,
416,anh_000507,san_pham_0194,Pin Carbon AA - 4 Viên/L,data\du_lieu_logo\anh_goc\san_pham_0194\anh_001_1e1b3909.png,1e1b39098390f2f6868cd8ba5f8bcabd863c0c4dc8362c9854794327ff9a09bc,https://hathyo.com/product/2400,https://d134sx875xrex2.cloudfront.net/OsdR9J0tBe_t6.png,khong_co_logo_chung_chi,,0,qua_nho,
417,anh_000508,san_pham_0195,Pin cúc áo Premium-4V,data\du_lieu_logo\anh_goc\san_pham_0195\anh_001_b13fe387.png,b13fe3875f79526befab72f3b1aa4e9b2309d13a48bd19010bed5815b6a36bdb,https://hathyo.com/product/2401,https://d134sx875xrex2.cloudfront.net/J9eDYRiWl2_T7.png,khong_co_logo_chung_chi,,0,qua_nho,
418,anh_000509,san_pham_0196,Pin Carbon AAA - 2 Viên,data\du_lieu_logo\anh_goc\san_pham_0196\anh_001_e4f8e151.png,e4f8e151d2171df8c81e6865e85cb52138a5e16d6ef4c6e7ffccde081f777699,https://hathyo.com/product/2402,https://d134sx875xrex2.cloudfront.net/xgusyqnAub_T8.png,khong_co_logo_chung_chi,,0,qua_nho,
419,anh_000510,san_pham_0197,Pin Carbon AA - 2 Viên,data\du_lieu_logo\anh_goc\san_pham_0197\anh_001_043251a6.png,043251a671b9debbc3cbd538c08aea2c0c77b314d049743648b6ef04961ce7f2,https://hathyo.com/product/2403,https://d134sx875xrex2.cloudfront.net/D42mWxADVJ_T9.png,khong_co_logo_chung_chi,,0,qua_nho,
420,anh_000511,san_pham_0198,Máy xay đa năng công suất lớn SAMONO SW-C300 Trắng xám,data\du_lieu_logo\anh_goc\san_pham_0198\anh_001_dfdcb90a.png,dfdcb90ad714202e3e4b2f2f61b06127695378ad30a930191de9ddc125ee93ec,https://hathyo.com/product/2404,https://d134sx875xrex2.cloudfront.net/4VOy7hy6za_%E1%BA%A2nh%20ch%E1%BB%A5p%20m%C3%A0n%20h%C3%ACnh%202026-07-06%20103718.png,khong_co_logo_chung_chi,,0,chap_nhan_duoc,
421,anh_000512,san_pham_0198,Máy xay đa năng công suất lớn SAMONO SW-C300 Trắng xám,data\du_lieu_logo\anh_goc\san_pham_0198\anh_002_6fcf11f3.png,6fcf11f3d1dbea3f640a0b081f6c0d673f6cc0baa5fbcf06baee23b05aa5a7c7,https://hathyo.com/product/2404,https://d134sx875xrex2.cloudfront.net/1uhJEs3aA2_%E1%BA%A2nh%20ch%E1%BB%A5p%20m%C3%A0n%20h%C3%ACnh%202026-07-06%20103628.png,khong_co_logo_chung_chi,,0,chap_nhan_duoc,
422,anh_000513,san_pham_0199,Nồi lẩu điện đa năng 1.5L SAMONO SW-DG01P Xanh,data\du_lieu_logo\anh_goc\san_pham_0199\anh_001_aaa772ef.png,aaa772ef245fb876816b6f5819a562b8a63020d65bf5d9037d00682a4606d49e,https://hathyo.com/product/2405,https://d134sx875xrex2.cloudfront.net/UFe8uWXQpB_%E1%BA%A2nh%20ch%E1%BB%A5p%20m%C3%A0n%20h%C3%ACnh%202026-07-06%20104027.png,khong_co_logo_chung_chi,,0,qua_nho,
423,anh_000514,san_pham_0199,Nồi lẩu điện đa năng 1.5L SAMONO SW-DG01P Xanh,data\du_lieu_logo\anh_goc\san_pham_0199\anh_002_a058bbc2.png,a058bbc291be618a8699f5365edc0bf948f736e5ec0c3be31af51ed4acd483ee,https://hathyo.com/product/2405,https://d134sx875xrex2.cloudfront.net/4C7H0TTdvj_%E1%BA%A2nh%20ch%E1%BB%A5p%20m%C3%A0n%20h%C3%ACnh%202026-07-06%20104209.png,khong_co_logo_chung_chi,,0,qua_nho,
424,anh_000515,san_pham_0200,Nồi điện đa năng 3L SAMONO SW-MC3L Trắng,data\du_lieu_logo\anh_goc\san_pham_0200\anh_001_092d7cc2.png,092d7cc224d3831bb068c0ec0239a97398727c86624b308330a54f82482d528b,https://hathyo.com/product/2406,https://d134sx875xrex2.cloudfront.net/BWdglg4azJ_%E1%BA%A2nh%20ch%E1%BB%A5p%20m%C3%A0n%20h%C3%ACnh%202026-07-06%20104653.png,khong_co_logo_chung_chi,,0,qua_nho,
425,anh_000516,san_pham_0200,Nồi điện đa năng 3L SAMONO SW-MC3L Trắng,data\du_lieu_logo\anh_goc\san_pham_0200\anh_002_83d41fa2.png,83d41fa23d7edb79d854dd62499718030e479818806868fd038fea81029b6ab1,https://hathyo.com/product/2406,https://d134sx875xrex2.cloudfront.net/leaW12HBOW_%E1%BA%A2nh%20ch%E1%BB%A5p%20m%C3%A0n%20h%C3%ACnh%202026-07-06%20104807.png,khong_co_logo_chung_chi,,0,qua_nho,
426,anh_000517,san_pham_0201,Bếp điện từ cảm ứng thông minh SAMONO WS-02 Xám,data\du_lieu_logo\anh_goc\san_pham_0201\anh_001_6cb0b116.png,6cb0b11644dc7ec5d7dfa7284310a344f5b57f15215cfb6e3e058e773ded5d4d,https://hathyo.com/product/2407,https://d134sx875xrex2.cloudfront.net/9DgkpdgiN4_%E1%BA%A2nh%20ch%E1%BB%A5p%20m%C3%A0n%20h%C3%ACnh%202026-07-06%20105049.png,khong_co_logo_chung_chi,,0,qua_nho,
427,anh_000518,san_pham_0201,Bếp điện từ cảm ứng thông minh SAMONO WS-02 Xám,data\du_lieu_logo\anh_goc\san_pham_0201\anh_002_9e5451be.png,9e5451beef6f6df3fdf5474bb58bc227769978437f8f242aa4443f7bd0a34514,https://hathyo.com/product/2407,https://d134sx875xrex2.cloudfront.net/MusGTDjJsj_%E1%BA%A2nh%20ch%E1%BB%A5p%20m%C3%A0n%20h%C3%ACnh%202026-07-06%20105229.png,khong_co_logo_chung_chi,,0,qua_nho,
428,anh_000519,san_pham_0202,Máy tạo bọt sữa SAMONO SW-MFB11 Đen,data\du_lieu_logo\anh_goc\san_pham_0202\anh_001_80276288.jpg,80276288aff4794865f8b871f3e71379d32fb78a9359a8cecd22030e6a7211a5,https://hathyo.com/product/2408,https://d134sx875xrex2.cloudfront.net/49gozvGDM9_9094ed0a8d0740c6bd5ddc9256b82c5a.jpg,khong_co_logo_chung_chi,,0,chap_nhan_duoc,
429,anh_000520,san_pham_0202,Máy tạo bọt sữa SAMONO SW-MFB11 Đen,data\du_lieu_logo\anh_goc\san_pham_0202\anh_002_d1a3253f.jpg,d1a3253fb9ec756f2ecad2e08ef00a56d60b6ad3222cb86a9e05cb0aec696018,https://hathyo.com/product/2408,https://d134sx875xrex2.cloudfront.net/r6XYWDuscA_sg-11134201-7qve6-lgdjxx0i7jh223.jpg,khong_co_logo_chung_chi,,0,chap_nhan_duoc,
430,anh_000521,san_pham_0203,Bàn chải điện (gồm 4 đầu chải) SAMONO SW-ET01 Trắng,data\du_lieu_logo\anh_goc\san_pham_0203\anh_001_16efe0b6.png,16efe0b6d9a6372f46dfb3f8f4bb35bb8254a5e9d2e37e1490ffc5fa400a7c99,https://hathyo.com/product/2409,https://d134sx875xrex2.cloudfront.net/XhGToMfYW0_%E1%BA%A2nh%20ch%E1%BB%A5p%20m%C3%A0n%20h%C3%ACnh%202026-07-06%20105452.png,khong_co_logo_chung_chi,,0,qua_nho,
431,anh_000522,san_pham_0203,Bàn chải điện (gồm 4 đầu chải) SAMONO SW-ET01 Trắng,data\du_lieu_logo\anh_goc\san_pham_0203\anh_002_d6b5e571.png,d6b5e571fb9db1efecfaaf770993150b4be361a7f6f1523e418ac067cfde2896,https://hathyo.com/product/2409,https://d134sx875xrex2.cloudfront.net/I3FOxFxbID_%E1%BA%A2nh%20ch%E1%BB%A5p%20m%C3%A0n%20h%C3%ACnh%202026-07-06%20105648.png,khong_co_logo_chung_chi,,0,qua_nho,
432,anh_000523,san_pham_0204,ƯU ĐÃI - Mũ bảo hiểm lỗ thông gió NÓN SƠN chính hãng ATG-TR002,data\du_lieu_logo\anh_goc\san_pham_0204\anh_001_0f99de11.jpg,0f99de11e3a2f275e0a74401369847a4562b7aec226ff7c4422a55a406d6f87b,https://hathyo.com/product/241,https://d134sx875xrex2.cloudfront.net/cJ7yn6itIA_fd73fabb48054437924ac39006c06ba8~tplv-aphluv4xwc-origin-jpeg.jpeg,khong_co_logo_chung_chi,,0,tot,
433,anh_000524,san_pham_0204,ƯU ĐÃI - Mũ bảo hiểm lỗ thông gió NÓN SƠN chính hãng ATG-TR002,data\du_lieu_logo\anh_goc\san_pham_0204\anh_002_4a1b9bde.jpg,4a1b9bdeec2d9f675e360499870b8d3c54fc088b1d1025a22b8c4024639f81ad,https://hathyo.com/product/241,https://d134sx875xrex2.cloudfront.net/I2jgPnFa8c_74646140afd9406d907672ee537df6ac~tplv-aphluv4xwc-origin-jpeg.jpeg,khong_co_logo_chung_chi,,0,tot,
434,anh_000525,san_pham_0204,ƯU ĐÃI - Mũ bảo hiểm lỗ thông gió NÓN SƠN chính hãng ATG-TR002,data\du_lieu_logo\anh_goc\san_pham_0204\anh_003_c1134042.jpg,c113404290d2b440c0d8263fdfe0add58dcc1d9d423b6fab4ec5ed43db07b34c,https://hathyo.com/product/241,https://d134sx875xrex2.cloudfront.net/bUXmWCikbO_ac87afee0ba34777b6ba57ca3c98a978~tplv-aphluv4xwc-origin-jpeg.jpeg,khong_co_logo_chung_chi,,0,tot,
435,anh_000526,san_pham_0204,ƯU ĐÃI - Mũ bảo hiểm lỗ thông gió NÓN SƠN chính hãng ATG-TR002,data\du_lieu_logo\anh_goc\san_pham_0204\anh_004_0f9ee02c.jpg,0f9ee02cfd991451aaad458b82d0039b6ac724782f2a2244718f676e1749c1ad,https://hathyo.com/product/241,https://d134sx875xrex2.cloudfront.net/qkzJsq627K_5013d1ca30de486e815b4226ba16d86e~tplv-aphluv4xwc-origin-jpeg.jpeg,khong_co_logo_chung_chi,,0,tot,
436,anh_000527,san_pham_0204,ƯU ĐÃI - Mũ bảo hiểm lỗ thông gió NÓN SƠN chính hãng ATG-TR002,data\du_lieu_logo\anh_goc\san_pham_0204\anh_005_f1961d61.jpg,f1961d612fc1f38fe6396e3cf836cc08e2b6c78bbf97c404bb09859548666c1d,https://hathyo.com/product/241,https://d134sx875xrex2.cloudfront.net/siTRY7jAgO_251a86f1ac134416859c6bb5f1b45088~tplv-aphluv4xwc-origin-jpeg.jpeg,khong_co_logo_chung_chi,,0,tot,
437,anh_000528,san_pham_0204,ƯU ĐÃI - Mũ bảo hiểm lỗ thông gió NÓN SƠN chính hãng ATG-TR002,data\du_lieu_logo\anh_goc\san_pham_0204\anh_006_76f97072.jpg,76f970729cecebdbdbb4b92367e22623f29d9e7eeb8c6a6e281a74f8f82b3bb3,https://hathyo.com/product/241,https://d134sx875xrex2.cloudfront.net/2gT1zpS1D8_167d106ba7624c1581101170e42bfe15~tplv-aphluv4xwc-origin-jpeg.jpeg,khong_co_logo_chung_chi,,0,tot,
438,anh_000529,san_pham_0204,ƯU ĐÃI - Mũ bảo hiểm lỗ thông gió NÓN SƠN chính hãng ATG-TR002,data\du_lieu_logo\anh_goc\san_pham_0204\anh_007_8b664a9a.jpg,8b664a9ae1186102766a952e93b9aeab30af7d15ff7e91e312c419dba908fa28,https://hathyo.com/product/241,https://d134sx875xrex2.cloudfront.net/rTnO2rtTU9_02e47912e46b4925935defce98b3624d~tplv-aphluv4xwc-origin-jpeg.jpeg,khong_co_logo_chung_chi,,0,tot,
439,anh_000530,san_pham_0205,Cân sức khỏe thông minh (có kèm pin) SAMONO SW-BS01 Trắng,data\du_lieu_logo\anh_goc\san_pham_0205\anh_001_7c216453.png,7c216453366291f333ba19c768f5750e4084b1461d86c7ac00790774b9fee49f,https://hathyo.com/product/2410,https://d134sx875xrex2.cloudfront.net/0mcjcpjOqp_%E1%BA%A2nh%20ch%E1%BB%A5p%20m%C3%A0n%20h%C3%ACnh%202026-07-06%20110001.png,khong_co_logo_chung_chi,,0,qua_nho,
440,anh_000531,san_pham_0205,Cân sức khỏe thông minh (có kèm pin) SAMONO SW-BS01 Trắng,data\du_lieu_logo\anh_goc\san_pham_0205\anh_002_bf5bc5a0.png,bf5bc5a01ac3b271353d6a0ed5bf15b674600fb3821e72d4a4fe0c86fa56ff3e,https://hathyo.com/product/2410,https://d134sx875xrex2.cloudfront.net/vfAShgWZh5_%E1%BA%A2nh%20ch%E1%BB%A5p%20m%C3%A0n%20h%C3%ACnh%202026-07-06%20110137.png,khong_co_logo_chung_chi,,0,qua_nho,
441,anh_000532,san_pham_0206,Bộ lọc nước tại vòi SAMONO SW-WPW11 Trắng,data\du_lieu_logo\anh_goc\san_pham_0206\anh_001_cf22fc2c.png,cf22fc2c311395223ced92ebafed9ca69cc841e5899239ff992efbe9596ea89b,https://hathyo.com/product/2411,https://d134sx875xrex2.cloudfront.net/ksfAHcR9ko_%E1%BA%A2nh%20ch%E1%BB%A5p%20m%C3%A0n%20h%C3%ACnh%202026-07-06%20110918.png,khong_co_logo_chung_chi,,0,qua_nho,
442,anh_000533,san_pham_0206,Bộ lọc nước tại vòi SAMONO SW-WPW11 Trắng,data\du_lieu_logo\anh_goc\san_pham_0206\anh_002_587a9d0e.png,587a9d0ea2d4295bc325d56adcb826050dfd9e93dbe252fa42bd8506fdd05821,https://hathyo.com/product/2411,https://d134sx875xrex2.cloudfront.net/hz12kRlWIf_%E1%BA%A2nh%20ch%E1%BB%A5p%20m%C3%A0n%20h%C3%ACnh%202026-07-06%20110751.png,khong_co_logo_chung_chi,,0,qua_nho,
443,anh_000534,san_pham_0207,Bình đun siêu tốc 1.8L SAMONO SW-EKW18 Trắng,data\du_lieu_logo\anh_goc\san_pham_0207\anh_001_e66247e2.png,e66247e2c3fcd883a76be0f1155721c42c16b8e8b19cf9c8bd87d835b7a99d3b,https://hathyo.com/product/2412,https://d134sx875xrex2.cloudfront.net/KVG09qyMxY_%E1%BA%A2nh%20ch%E1%BB%A5p%20m%C3%A0n%20h%C3%ACnh%202026-07-06%20111631.png,khong_co_logo_chung_chi,,0,chap_nhan_duoc,
444,anh_000535,san_pham_0207,Bình đun siêu tốc 1.8L SAMONO SW-EKW18 Trắng,data\du_lieu_logo\anh_goc\san_pham_0207\anh_002_7c161a11.png,7c161a1142bcb7622d117ac7bc8d49a8bc10cf3d05f15c467389ba4f27a90786,https://hathyo.com/product/2412,https://d134sx875xrex2.cloudfront.net/nEkRAUQhvW_%E1%BA%A2nh%20ch%E1%BB%A5p%20m%C3%A0n%20h%C3%ACnh%202026-07-06%20111512.png,khong_co_logo_chung_chi,,0,chap_nhan_duoc,
445,anh_000536,san_pham_0208,Bình đun siêu tốc 1.8L SAMONO SW-EKB18L Trắng Xám (Có giữ ấm),data\du_lieu_logo\anh_goc\san_pham_0208\anh_001_d48ad577.png,d48ad57738e732f41c148b711046cf5e05918a6af92195e2b471c023f290c2de,https://hathyo.com/product/2413,https://d134sx875xrex2.cloudfront.net/6Qxw4orT3y_%E1%BA%A2nh%20ch%E1%BB%A5p%20m%C3%A0n%20h%C3%ACnh%202026-07-06%20112148.png,khong_co_logo_chung_chi,,0,chap_nhan_duoc,
446,anh_000537,san_pham_0208,Bình đun siêu tốc 1.8L SAMONO SW-EKB18L Trắng Xám (Có giữ ấm),data\du_lieu_logo\anh_goc\san_pham_0208\anh_002_80f0bfcc.png,80f0bfcc8ef966a142d5309286547a2bed133bb3ae24929b6d42153b31b5b4ca,https://hathyo.com/product/2413,https://d134sx875xrex2.cloudfront.net/KsBMHPfO4j_%E1%BA%A2nh%20ch%E1%BB%A5p%20m%C3%A0n%20h%C3%ACnh%202026-07-06%20111920.png,khong_co_logo_chung_chi,,0,chap_nhan_duoc,
447,anh_000538,san_pham_0209,Máy xay đa năng hình vỏ trứng SAMONO SW- MC200S Trắng Xanh,data\du_lieu_logo\anh_goc\san_pham_0209\anh_001_4f6bfc03.jpg,4f6bfc03ab365e6f255c843e46e99bf3ff8317ec0d5817ee5e9bff981fb7a1f1,https://hathyo.com/product/2414,https://d134sx875xrex2.cloudfront.net/ezGFEN9tXz_vn-11134207-820l4-mfrr25j0e2h5aa.jpg,khong_co_logo_chung_chi,,0,tot,
448,anh_000539,san_pham_0210,Nồi nấu chậm đa năng lòng nồi 1L bằng sứ SAMONO SW-SC10 Trắng,data\du_lieu_logo\anh_goc\san_pham_0210\anh_001_5da70718.png,5da70718fa3977445cee603298e6897cf290ebf6d215c79ed80d46b611bfa252,https://hathyo.com/product/2415,https://d134sx875xrex2.cloudfront.net/Yb0KrCFSPP_%E1%BA%A2nh%20ch%E1%BB%A5p%20m%C3%A0n%20h%C3%ACnh%202026-07-06%20112658.png,khong_co_logo_chung_chi,,0,qua_nho,
449,anh_000540,san_pham_0210,Nồi nấu chậm đa năng lòng nồi 1L bằng sứ SAMONO SW-SC10 Trắng,data\du_lieu_logo\anh_goc\san_pham_0210\anh_002_85080623.png,85080623ca855882f88f0db2ca68addfc87921fb89e985acd66e2fb1a1efc815,https://hathyo.com/product/2415,https://d134sx875xrex2.cloudfront.net/z9mCVwqx5m_%E1%BA%A2nh%20ch%E1%BB%A5p%20m%C3%A0n%20h%C3%ACnh%202026-07-06%20112556.png,khong_co_logo_chung_chi,,0,chap_nhan_duoc,
450,anh_000541,san_pham_0211,"Bàn chải điện con hươu (phiên bản trẻ em) SAMONO SW-ET02 xanh, hồng",data\du_lieu_logo\anh_goc\san_pham_0211\anh_001_979e401d.jpg,979e401d12f051b14801b98a3f44187100dd16fe2f1f0a2701c68416edd23d55,https://hathyo.com/product/2416,https://d134sx875xrex2.cloudfront.net/V28eo2FXAl_vn-11134207-7ras8-mdpxp5qqiwud9a.jpg,khong_co_logo_chung_chi,,0,tot,
451,anh_000542,san_pham_0211,"Bàn chải điện con hươu (phiên bản trẻ em) SAMONO SW-ET02 xanh, hồng",data\du_lieu_logo\anh_goc\san_pham_0211\anh_002_021ef79a.png,021ef79a97bb1dc0bbb785bf9671f352b6b2a13c5bbd877edbc735cbdc22a253,https://hathyo.com/product/2416,https://d134sx875xrex2.cloudfront.net/nDNZoEAPvR_%E1%BA%A2nh%20ch%E1%BB%A5p%20m%C3%A0n%20h%C3%ACnh%202026-07-06%20115805.png,khong_co_logo_chung_chi,,0,qua_nho,
452,anh_000543,san_pham_0211,"Bàn chải điện con hươu (phiên bản trẻ em) SAMONO SW-ET02 xanh, hồng",data\du_lieu_logo\anh_goc\san_pham_0211\anh_003_7efc6528.png,7efc6528655afbe27675614b2a59aac98ad9807251d05c02ada8b84873029989,https://hathyo.com/product/2416,https://d134sx875xrex2.cloudfront.net/OrG612xYBq_%E1%BA%A2nh%20ch%E1%BB%A5p%20m%C3%A0n%20h%C3%ACnh%202026-07-06%20115911.png,khong_co_logo_chung_chi,,0,qua_nho,
453,anh_000544,san_pham_0212,Máy lọc nước RO tích hợp nóng lạnh 7 cấp 2 vòi Nóng Lạnh,data\du_lieu_logo\anh_goc\san_pham_0212\anh_001_ff49dbef.png,ff49dbef085a55ebc83fe0c9aab63bee73960682684b3c6421ba924e69f5ce01,https://hathyo.com/product/2417,https://d134sx875xrex2.cloudfront.net/sQxS5prU9j_%E1%BA%A2nh%20ch%E1%BB%A5p%20m%C3%A0n%20h%C3%ACnh%202026-07-05%20125237.png,khong_co_logo_chung_chi,,0,qua_nho,
454,anh_000545,san_pham_0213,Nồi cơm điện tử 1L giảm đường & điều khiển bằng giọng nói SAMONO SW-RCED10 Trắng,data\du_lieu_logo\anh_goc\san_pham_0213\anh_001_97453675.png,97453675957c32d1d1187e3c3aafa3edd9f6da378c179686de850f693b8b64f4,https://hathyo.com/product/2418,https://d134sx875xrex2.cloudfront.net/qPiHG19E0S_%E1%BA%A2nh%20ch%E1%BB%A5p%20m%C3%A0n%20h%C3%ACnh%202026-07-06%20120405.png,khong_co_logo_chung_chi,,0,qua_nho,
455,anh_000546,san_pham_0213,Nồi cơm điện tử 1L giảm đường & điều khiển bằng giọng nói SAMONO SW-RCED10 Trắng,data\du_lieu_logo\anh_goc\san_pham_0213\anh_002_72058b0a.png,72058b0a82c0421f7bd1c91cd035518f5a02995f02c97638dfc64ed000e956ce,https://hathyo.com/product/2418,https://d134sx875xrex2.cloudfront.net/ZhcIic4kKh_%E1%BA%A2nh%20ch%E1%BB%A5p%20m%C3%A0n%20h%C3%ACnh%202026-07-06%20120309.png,khong_co_logo_chung_chi,,0,chap_nhan_duoc,
456,anh_000547,san_pham_0214,Máy xay sinh tố cầm tay có nắp đậy 800ml SAMONO SW-Y10 Trắng,data\du_lieu_logo\anh_goc\san_pham_0214\anh_001_6683a537.png,6683a5374676093951252e9ce46e2f25e7ff10f00a16eacf3ec813149ef64558,https://hathyo.com/product/2419,https://d134sx875xrex2.cloudfront.net/z6Q9v8HoJV_%E1%BA%A2nh%20ch%E1%BB%A5p%20m%C3%A0n%20h%C3%ACnh%202026-07-06%20120733.png,khong_co_logo_chung_chi,,0,chap_nhan_duoc,
457,anh_000548,san_pham_0214,Máy xay sinh tố cầm tay có nắp đậy 800ml SAMONO SW-Y10 Trắng,data\du_lieu_logo\anh_goc\san_pham_0214\anh_002_1c48c158.png,1c48c1588d5403d6ad243d305c0cb293a911ead4c8aa1929a8f3ce91e7a4952a,https://hathyo.com/product/2419,https://d134sx875xrex2.cloudfront.net/8ii8oTZVqo_%E1%BA%A2nh%20ch%E1%BB%A5p%20m%C3%A0n%20h%C3%ACnh%202026-07-06%20120639.png,khong_co_logo_chung_chi,,0,qua_nho,
458,anh_000549,san_pham_0215,Nước giặt xả 5IN1 DRSOFTLY Hương Hoa Lavender - Hương Hoa Hồng,data\du_lieu_logo\anh_goc\san_pham_0215\anh_001_b8dbdd08.jpg,b8dbdd0853106047e0f139f90aa942ce10932af19e191a272b31edb5797f6dcd,https://hathyo.com/product/242,https://d134sx875xrex2.cloudfront.net/2iF20if132_z7962683263866_fd39adddf43c4a8e270387f493bf8b9d.jpg,khong_co_logo_chung_chi,,0,tot,
459,anh_000550,san_pham_0215,Nước giặt xả 5IN1 DRSOFTLY Hương Hoa Lavender - Hương Hoa Hồng,data\du_lieu_logo\anh_goc\san_pham_0215\anh_002_832e7d2d.jpg,832e7d2da2396579af3e7bf6584148a18a6b1d1634ad1e68531ad75984af42ee,https://hathyo.com/product/242,https://d134sx875xrex2.cloudfront.net/EE5kkvH9Bp_z7973519922997_36d8dbebff072cd5e5d92922e94a0eef.jpg,khong_co_logo_chung_chi,,0,tot,"Tài liệu tiêu chuẩn cơ sở; chỉ thấy chữ và con dấu, không có logo chứng chỉ."
460,anh_000551,san_pham_0216,Máy xay đa năng mini 300ml SAMONO SW- MFC200,data\du_lieu_logo\anh_goc\san_pham_0216\anh_001_c1572176.png,c1572176271f6f1ab60e35d8b2a3786262133c4319b8958b74b2aef6e42f4dbc,https://hathyo.com/product/2420,https://d134sx875xrex2.cloudfront.net/mpJwGsjCxg_vn-11134208-7ra0g-m9qv5pt9gu9wb6%20(1).png,khong_co_logo_chung_chi,,0,tot,
461,anh_000552,san_pham_0216,Máy xay đa năng mini 300ml SAMONO SW- MFC200,data\du_lieu_logo\anh_goc\san_pham_0216\anh_002_f68c80b3.jpg,f68c80b3c2a995c5f72d54db00e5de8e31b11989bfeaa9078ff209553099f3b1,https://hathyo.com/product/2420,https://d134sx875xrex2.cloudfront.net/tWVLImBILv_sg-11134201-82587-mfwsfnjzj6rw8a.jpg,khong_co_logo_chung_chi,,0,tot,
462,anh_000553,san_pham_0217,Máy sấy tóc gấp gọn 1200W SAMONO SW- HD30,data\du_lieu_logo\anh_goc\san_pham_0217\anh_001_c393bc7f.png,c393bc7fcbdea5c5afc84e68b5d06af44cf0a52ed3314d6d65ca2c3cac5a1e62,https://hathyo.com/product/2421,https://d134sx875xrex2.cloudfront.net/xYSDiWwNzL_%E1%BA%A2nh%20ch%E1%BB%A5p%20m%C3%A0n%20h%C3%ACnh%202026-07-06%20121142.png,khong_co_logo_chung_chi,,0,qua_nho,
463,anh_000554,san_pham_0217,Máy sấy tóc gấp gọn 1200W SAMONO SW- HD30,data\du_lieu_logo\anh_goc\san_pham_0217\anh_002_52cebd74.png,52cebd743d81ea0d6b00c7a4d6a69fb4c13ddb92df76d7aaf0191243f58c5a82,https://hathyo.com/product/2421,https://d134sx875xrex2.cloudfront.net/REToWcOokE_%E1%BA%A2nh%20ch%E1%BB%A5p%20m%C3%A0n%20h%C3%ACnh%202026-07-06%20121229.png,khong_co_logo_chung_chi,,0,qua_nho,
464,anh_000555,san_pham_0218,Bình đun đa năng 1.8L SAMONO SW-HP18L,data\du_lieu_logo\anh_goc\san_pham_0218\anh_001_c14c49f5.png,c14c49f524a76094d6e56a2d3b305ea0d68d87eb08bfefb5b35067c5430d581a,https://hathyo.com/product/2422,https://d134sx875xrex2.cloudfront.net/ovVMNBLz6v_%E1%BA%A2nh%20ch%E1%BB%A5p%20m%C3%A0n%20h%C3%ACnh%202026-07-06%20121535.png,khong_co_logo_chung_chi,,0,qua_nho,
465,anh_000556,san_pham_0218,Bình đun đa năng 1.8L SAMONO SW-HP18L,data\du_lieu_logo\anh_goc\san_pham_0218\anh_002_0d49f8a6.png,0d49f8a61cd4a33a43bcd3fa7b1fb7200f11903643d0d06a885cf242e1617d05,https://hathyo.com/product/2422,https://d134sx875xrex2.cloudfront.net/eZhI2JDi7G_%E1%BA%A2nh%20ch%E1%BB%A5p%20m%C3%A0n%20h%C3%ACnh%202026-07-06%20122320.png,khong_co_logo_chung_chi,,0,chap_nhan_duoc,
466,anh_000557,san_pham_0219,"Nồi chiên không dầu dung tích 3,2L",data\du_lieu_logo\anh_goc\san_pham_0219\anh_001_728024a1.png,728024a18ec9f3e1c7ac9bc0a400e8fc2752a430cb952af3d106f24774bf46c5,https://hathyo.com/product/2423,https://d134sx875xrex2.cloudfront.net/5AKG87hibH_%E1%BA%A2nh%20ch%E1%BB%A5p%20m%C3%A0n%20h%C3%ACnh%202026-07-06%20123010.png,khong_co_logo_chung_chi,,0,chap_nhan_duoc,
467,anh_000558,san_pham_0219,"Nồi chiên không dầu dung tích 3,2L",data\du_lieu_logo\anh_goc\san_pham_0219\anh_002_cb78efda.png,cb78efdaff762db01342d42056161e746b569cb0bc26ac1f32f6756f0420af54,https://hathyo.com/product/2423,https://d134sx875xrex2.cloudfront.net/Pzza1AlZrk_%E1%BA%A2nh%20ch%E1%BB%A5p%20m%C3%A0n%20h%C3%ACnh%202026-07-06%20123515.png,khong_co_logo_chung_chi,,0,qua_nho,
468,anh_000559,san_pham_0220,Nồi điện đa năng 4.2L SAMONO SW-MC4L,data\du_lieu_logo\anh_goc\san_pham_0220\anh_001_5b48108d.png,5b48108d8e9e60ce004f20484fb9e1a077fc06ef2d816dc849e2619d1ac02a16,https://hathyo.com/product/2424,https://d134sx875xrex2.cloudfront.net/okfFGass1r_%E1%BA%A2nh%20ch%E1%BB%A5p%20m%C3%A0n%20h%C3%ACnh%202026-07-06%20123821.png,khong_co_logo_chung_chi,,0,qua_nho,
469,anh_000560,san_pham_0220,Nồi điện đa năng 4.2L SAMONO SW-MC4L,data\du_lieu_logo\anh_goc\san_pham_0220\anh_002_d5d4fd14.png,d5d4fd14c14e53eead82df0afea65cd9e16d88f8540e68249befb44f6ba6908a,https://hathyo.com/product/2424,https://d134sx875xrex2.cloudfront.net/CeJKWedDS1_%E1%BA%A2nh%20ch%E1%BB%A5p%20m%C3%A0n%20h%C3%ACnh%202026-07-06%20123931.png,khong_co_logo_chung_chi,,0,qua_nho,
470,anh_000561,san_pham_0221,Máy lọc nước RO tích hợp nóng lạnh 7 cấp 3 vòi Nóng Lạnh Nguội,data\du_lieu_logo\anh_goc\san_pham_0221\anh_001_3e45201b.png,3e45201b165eaa500c19720812f06fe75e361f2600fcfd0d0ff4d3733c5a26c1,https://hathyo.com/product/2425,https://d134sx875xrex2.cloudfront.net/n1MGzjIp2J_%E1%BA%A2nh%20ch%E1%BB%A5p%20m%C3%A0n%20h%C3%ACnh%202026-07-05%20134334.png,khong_co_logo_chung_chi,,0,qua_nho,
471,anh_000562,san_pham_0222,Máy lọc nước RO tích hợp nóng lạnh 8 cấp 2 vòi 3 chức năng Nóng Lạnh Nguội,data\du_lieu_logo\anh_goc\san_pham_0222\anh_001_4c9f501d.png,4c9f501d3b23e287ab89ac411ed57fecd08416ded627d7b7e1254969b63d502b,https://hathyo.com/product/2426,https://d134sx875xrex2.cloudfront.net/PJYDaQcqoS_%E1%BA%A2nh%20ch%E1%BB%A5p%20m%C3%A0n%20h%C3%ACnh%202026-07-05%20135258.png,khong_co_logo_chung_chi,,0,qua_nho,
472,anh_000563,san_pham_0223,Máy xay thực phẩm đa năng 600ml SAMONO SW-MFC600,data\du_lieu_logo\anh_goc\san_pham_0223\anh_001_4a33c8d7.png,4a33c8d7ba80f08e5ac121522faaa0bea1f90a95cb486a7a29850101303f5878,https://hathyo.com/product/2427,https://d134sx875xrex2.cloudfront.net/LjEbc7rmhC_%E1%BA%A2nh%20ch%E1%BB%A5p%20m%C3%A0n%20h%C3%ACnh%202026-07-06%20124118.png,khong_co_logo_chung_chi,,0,qua_nho,
473,anh_000564,san_pham_0223,Máy xay thực phẩm đa năng 600ml SAMONO SW-MFC600,data\du_lieu_logo\anh_goc\san_pham_0223\anh_002_2e56b7e5.png,2e56b7e5ea18a389c93c368cd1b71f4219b3f41b44e8a71fa97b68a42ee70016,https://hathyo.com/product/2427,https://d134sx875xrex2.cloudfront.net/qIPxRzh1Ba_%E1%BA%A2nh%20ch%E1%BB%A5p%20m%C3%A0n%20h%C3%ACnh%202026-07-06%20124428.png,khong_co_logo_chung_chi,,0,chap_nhan_duoc,
474,anh_000565,san_pham_0224,Nồi nấu chậm đa năng 0.8L SAMONO SW- SC08B,data\du_lieu_logo\anh_goc\san_pham_0224\anh_001_be0b79bd.jpg,be0b79bdfd72b0b153329ba8478485f8ceedaaf676a76099a44d6d5febcdc4e9,https://hathyo.com/product/2428,https://d134sx875xrex2.cloudfront.net/CbszVYz5YU_vn-11134207-7ras8-mckb0drlaun085.jpg,khong_co_logo_chung_chi,,0,tot,
475,anh_000566,san_pham_0225,Máy xay thực phẩm đa năng 600ml SAMONO SW-CD200,data\du_lieu_logo\anh_goc\san_pham_0225\anh_001_04594cbe.jpg,04594cbe8fcc867e24173a28b1fcad3c5b73acfe8f87606d64fba0f1dd35404e,https://hathyo.com/product/2429,https://d134sx875xrex2.cloudfront.net/KD1ZfmuEDh_R.jpg,khong_co_logo_chung_chi,,0,qua_nho,
476,anh_000567,san_pham_0226,Kem chống nắng nâng tone NUTRI QUEST,data\du_lieu_logo\anh_goc\san_pham_0226\anh_001_ca970531.jpg,ca970531b53052ae8d636c994913ebda56381f2034c01bd1897d432da0ea5000,https://hathyo.com/product/243,https://d134sx875xrex2.cloudfront.net/VJoeNThbIG_z7962627182323_f20e4904085b425fe4c5881cea79eded.jpg,khong_co_logo_chung_chi,,0,tot,
477,anh_000568,san_pham_0226,Kem chống nắng nâng tone NUTRI QUEST,data\du_lieu_logo\anh_goc\san_pham_0226\anh_002_df38660c.jpg,df38660c61184f60adadc750e0558086215a0acac49262fdc2a18aff7df8499e,https://hathyo.com/product/243,https://d134sx875xrex2.cloudfront.net/lAVJApkqwW_z7962627217737_b8a566650363de93d3d78613d4299f12.jpg,khong_co_logo_chung_chi,,0,tot,
478,anh_000569,san_pham_0226,Kem chống nắng nâng tone NUTRI QUEST,data\du_lieu_logo\anh_goc\san_pham_0226\anh_003_8a8aefff.jpg,8a8aefff1ab834346445f8cf1d4636565a698d0c6218adfafc9c77f1f17c16ac,https://hathyo.com/product/243,https://d134sx875xrex2.cloudfront.net/h9GUReMrCP_z7962627268372_8da130329c552c538fd143c0361c231d.jpg,khong_co_logo_chung_chi,,0,tot,
479,anh_000570,san_pham_0226,Kem chống nắng nâng tone NUTRI QUEST,data\du_lieu_logo\anh_goc\san_pham_0226\anh_004_8e4f6c96.jpg,8e4f6c960d38f99fec3a1517494bd3e5f8c5f45e41c275505a02036f6392bbe1,https://hathyo.com/product/243,https://d134sx875xrex2.cloudfront.net/fJ5abbV2gM_z7962627304676_2a800a82efe3995be03a72310ddadab8.jpg,khong_co_logo_chung_chi,,0,tot,Không thấy logo chứng chỉ; badge '100 authentic guarantee' là yếu tố quảng cáo.
480,anh_000571,san_pham_0226,Kem chống nắng nâng tone NUTRI QUEST,data\du_lieu_logo\anh_goc\san_pham_0226\anh_005_2453d7e3.jpg,2453d7e38cdb1066015735cae25a09b5dd5323954e30d361e2e4b617f99f8663,https://hathyo.com/product/243,https://d134sx875xrex2.cloudfront.net/qn6KcRqCOq_z7973573368878_b813e17e80e5536606bd42e3b399f409.jpg,khong_co_logo_chung_chi,,0,tot,"Phiếu công bố mỹ phẩm; chỉ thấy con dấu/chữ ký, không có logo chứng chỉ."
481,anh_000572,san_pham_0227,Nồi nấu chậm đa năng 3.2L SAMONO SW- SC30,data\du_lieu_logo\anh_goc\san_pham_0227\anh_001_631a8f6d.png,631a8f6db4aa3961e6d94e4783bced3a27e4c13e897dd8dc8727f19e12298d3d,https://hathyo.com/product/2430,https://d134sx875xrex2.cloudfront.net/Al2Se3UWzH_%E1%BA%A2nh%20ch%E1%BB%A5p%20m%C3%A0n%20h%C3%ACnh%202026-07-06%20125649.png,khong_co_logo_chung_chi,,0,qua_nho,
482,anh_000573,san_pham_0228,Nồi điện đa năng 3L (500W & 1000W) SAMONO SW-DG06,data\du_lieu_logo\anh_goc\san_pham_0228\anh_001_59454fd6.png,59454fd6eb84d49c847c67bebd37b8efcea6517758bfffc722f52cf62ff14d06,https://hathyo.com/product/2431,https://d134sx875xrex2.cloudfront.net/OcrYxaeG6E_%E1%BA%A2nh%20ch%E1%BB%A5p%20m%C3%A0n%20h%C3%ACnh%202026-07-06%20130120.png,khong_co_logo_chung_chi,,0,qua_nho,
483,anh_000574,san_pham_0228,Nồi điện đa năng 3L (500W & 1000W) SAMONO SW-DG06,data\du_lieu_logo\anh_goc\san_pham_0228\anh_002_86e187c0.png,86e187c0b45d9ef82c747f7c70f31ff23d284461a7ab1c43fe31e46dc5ab5896,https://hathyo.com/product/2431,https://d134sx875xrex2.cloudfront.net/wenN2llFGr_%E1%BA%A2nh%20ch%E1%BB%A5p%20m%C3%A0n%20h%C3%ACnh%202026-07-06%20130500.png,khong_co_logo_chung_chi,,0,chap_nhan_duoc,
484,anh_000575,san_pham_0229,Máy xay thực phẩm đa năng 300W 4 cối xay (1.2L+150ml*3) SAMONO SW-MFC300,data\du_lieu_logo\anh_goc\san_pham_0229\anh_001_520e032f.png,520e032f54b285eda99519600f7e5ef3b9cab3aa75b7703bd74f671844211d8e,https://hathyo.com/product/2432,https://d134sx875xrex2.cloudfront.net/bR5egKbDvj_%E1%BA%A2nh%20ch%E1%BB%A5p%20m%C3%A0n%20h%C3%ACnh%202026-07-06%20130729.png,khong_co_logo_chung_chi,,0,qua_nho,
485,anh_000576,san_pham_0229,Máy xay thực phẩm đa năng 300W 4 cối xay (1.2L+150ml*3) SAMONO SW-MFC300,data\du_lieu_logo\anh_goc\san_pham_0229\anh_002_861b8375.png,861b8375a4aba10373210e27f73c13a2a76bbb44fdd17c3a770dd5e7f223410e,https://hathyo.com/product/2432,https://d134sx875xrex2.cloudfront.net/G6eWHASL9L_%E1%BA%A2nh%20ch%E1%BB%A5p%20m%C3%A0n%20h%C3%ACnh%202026-07-06%20130844.png,khong_co_logo_chung_chi,,0,qua_nho,
486,anh_000577,san_pham_0230,Máy ép chậm SAMONO SW-JCS40,data\du_lieu_logo\anh_goc\san_pham_0230\anh_001_e05321b6.jpg,e05321b6f0927c1aac84e593fb7836482c692e29637826e413610e4dd2753e68,https://hathyo.com/product/2433,https://d134sx875xrex2.cloudfront.net/v6C05e5Kze_id-11134207-8224x-mfz6knwi9gy586.jpg,khong_co_logo_chung_chi,,0,tot,
487,anh_000578,san_pham_0230,Máy ép chậm SAMONO SW-JCS40,data\du_lieu_logo\anh_goc\san_pham_0230\anh_002_0d964b1f.jpg,0d964b1f1bd70f22142e595c37e28ea4a35704c37627d23e6b38643b3b6a106a,https://hathyo.com/product/2433,https://d134sx875xrex2.cloudfront.net/eHNXTTVrVP_id-11134207-81zti-mf7npxtxr8cr0c.jpg,khong_co_logo_chung_chi,,0,chap_nhan_duoc,
488,anh_000579,san_pham_0231,Máy lọc nước RO tích hợp nóng 8 cấp 2 vòi Nóng - Nguội,data\du_lieu_logo\anh_goc\san_pham_0231\anh_001_c6a44b61.png,c6a44b61a6e6e3fb567c449beed8f9bd90c6e9b2cb579b9d5d5c68c407f54a9b,https://hathyo.com/product/2435,https://d134sx875xrex2.cloudfront.net/nZa51e4Q2P_%E1%BA%A2nh%20ch%E1%BB%A5p%20m%C3%A0n%20h%C3%ACnh%202026-07-05%20143757.png,khong_co_logo_chung_chi,,0,qua_nho,
489,anh_000580,san_pham_0232,Cây nóng lạnh úp bình chạy Block,data\du_lieu_logo\anh_goc\san_pham_0232\anh_001_40a7a4e9.png,40a7a4e94bd5ce466a662c19f9815363ca644a04b4e817fc4296a1bbca0b2d88,https://hathyo.com/product/2436,https://d134sx875xrex2.cloudfront.net/PnznufKN20_%E1%BA%A2nh%20ch%E1%BB%A5p%20m%C3%A0n%20h%C3%ACnh%202026-07-05%20145529.png,khong_co_logo_chung_chi,,0,qua_nho,
490,anh_000581,san_pham_0233,Lọc tổng dành cho chung cư 3 ly lọc Bigflow 10inch khung inox,data\du_lieu_logo\anh_goc\san_pham_0233\anh_001_81b7878d.png,81b7878dbec4f33877760b390e1f0cf801f0338b14d9ddf014cffaa2db11d564,https://hathyo.com/product/2437,https://d134sx875xrex2.cloudfront.net/jbmawpFE0e_%E1%BA%A2nh%20ch%E1%BB%A5p%20m%C3%A0n%20h%C3%ACnh%202026-07-05%20150515.png,khong_co_logo_chung_chi,,0,qua_nho,
491,anh_000582,san_pham_0234,Lọc tổng dành cho chung cư 2 ly lọc Bigflow 10inch,data\du_lieu_logo\anh_goc\san_pham_0234\anh_001_a3ce6be3.png,a3ce6be3a6f1aa51be14e7100fca6e9cab0bf4081c407482e643d46b492bf6cc,https://hathyo.com/product/2438,https://d134sx875xrex2.cloudfront.net/CJ4FqxaUb0_%E1%BA%A2nh%20ch%E1%BB%A5p%20m%C3%A0n%20h%C3%ACnh%202026-07-05%20151356.png,khong_co_logo_chung_chi,,0,qua_nho,
492,anh_000583,san_pham_0235,Lọc tổng dành cho chung cư/nhà phố 2 ly lọc Bigflow 20 inch khung inox,data\du_lieu_logo\anh_goc\san_pham_0235\anh_001_6fb95820.png,6fb95820ed51c6f65f5ac8f5d46456843054fd2d282794e981bb8ee42334b725,https://hathyo.com/product/2439,https://d134sx875xrex2.cloudfront.net/XEY0wGTKFe_%E1%BA%A2nh%20ch%E1%BB%A5p%20m%C3%A0n%20h%C3%ACnh%202026-07-05%20152106.png,khong_co_logo_chung_chi,,0,qua_nho,
493,anh_000584,san_pham_0236,"Combo 2 Hộp Cà Phê Hòa Tan Laura Coffee Nhật Kim Anh (2 Vị Đông Trùng + Nấm Linh Chi, Hộp 10 Gói)",data\du_lieu_logo\anh_goc\san_pham_0236\anh_001_21883cb1.jpg,21883cb18a45d2b27091fbfe69b1d0a5cc97516373cc8e2fe720501d7d44411a,https://hathyo.com/product/244,https://d134sx875xrex2.cloudfront.net/7G8Hzgu3KK_z7962630089692_d7a5ab1aedf258d9a91ba51c2f8079bb.jpg,khong_co_logo_chung_chi,,0,tot,
494,anh_000585,san_pham_0236,"Combo 2 Hộp Cà Phê Hòa Tan Laura Coffee Nhật Kim Anh (2 Vị Đông Trùng + Nấm Linh Chi, Hộp 10 Gói)",data\du_lieu_logo\anh_goc\san_pham_0236\anh_002_37ea4e22.jpg,37ea4e22f8823d2043ab6be7f868a3b9e39f33700dbb4588ca679367f5df4431,https://hathyo.com/product/244,https://d134sx875xrex2.cloudfront.net/NuZ8LiCjMi_z7962630082004_60ef67e101951d4dd8b11d875f765e59.jpg,khong_co_logo_chung_chi,,0,tot,
495,anh_000586,san_pham_0236,"Combo 2 Hộp Cà Phê Hòa Tan Laura Coffee Nhật Kim Anh (2 Vị Đông Trùng + Nấm Linh Chi, Hộp 10 Gói)",data\du_lieu_logo\anh_goc\san_pham_0236\anh_003_ad6fb857.jpg,ad6fb857340b9898b5e9aa319eb9f5c72923240df4dd6b9b6d9671711fa2e4d3,https://hathyo.com/product/244,https://d134sx875xrex2.cloudfront.net/Wz9bYkItaq_z7962630095270_12f43054612d8305b69669009ae7d25b.jpg,khong_co_logo_chung_chi,,0,chap_nhan_duoc,
496,anh_000587,san_pham_0236,"Combo 2 Hộp Cà Phê Hòa Tan Laura Coffee Nhật Kim Anh (2 Vị Đông Trùng + Nấm Linh Chi, Hộp 10 Gói)",data\du_lieu_logo\anh_goc\san_pham_0236\anh_004_b8e594e6.jpg,b8e594e6971efc6d98562bafac6bcd63a4dffb859d1af28a0c2c71983f75f247,https://hathyo.com/product/244,https://d134sx875xrex2.cloudfront.net/LZRbf1xtnh_z7962630099491_f90c3ca87c2f961c9b462f0c0f706b34.jpg,khong_co_logo_chung_chi,,0,tot,
497,anh_000588,san_pham_0237,Lọc tổng dành cho chung cư/nhà phố 3 ly lọc Bigflow 20 inch khung inox,data\du_lieu_logo\anh_goc\san_pham_0237\anh_001_7808e3bc.png,7808e3bcbb740daa61ad06432c06030af7353f31a4674b174f09dcff21002f17,https://hathyo.com/product/2440,https://d134sx875xrex2.cloudfront.net/5ov3rduRFt_%E1%BA%A2nh%20ch%E1%BB%A5p%20m%C3%A0n%20h%C3%ACnh%202026-07-05%20152853.png,khong_co_logo_chung_chi,,0,qua_nho,
498,anh_000589,san_pham_0238,Hệ lọc 2 cột composite 1054 dùng cho nước máy,data\du_lieu_logo\anh_goc\san_pham_0238\anh_001_4251ed4f.png,4251ed4f1ce3e5bf9f9d39be9849e6587fae61a72dcfabc3b4aca6ac7ff37ca2,https://hathyo.com/product/2441,https://d134sx875xrex2.cloudfront.net/fQECM4xBqx_%E1%BA%A2nh%20ch%E1%BB%A5p%20m%C3%A0n%20h%C3%ACnh%202026-07-05%20153617.png,khong_co_logo_chung_chi,,0,qua_nho,
499,anh_000590,san_pham_0239,Hệ lọc 2 cột composite 1054 dùng cho nước giếng (phèn < 2mg/l),data\du_lieu_logo\anh_goc\san_pham_0239\anh_001_d37c22e3.png,d37c22e3db6339104aa70af9837407936eda6972d600fe367c92c81211eabc11,https://hathyo.com/product/2442,https://d134sx875xrex2.cloudfront.net/Gn7nh1fvXX_%E1%BA%A2nh%20ch%E1%BB%A5p%20m%C3%A0n%20h%C3%ACnh%202026-07-05%20155930.png,khong_co_logo_chung_chi,,0,qua_nho,
500,anh_000591,san_pham_0240,Hệ lọc 3 cột composite 1054 dùng cho nước giếng nhiễm phèn vôi,data\du_lieu_logo\anh_goc\san_pham_0240\anh_001_2c380021.png,2c38002121553972f43ed697e9d161f7604b8d152900b818ce96be73a6ff40db,https://hathyo.com/product/2443,https://d134sx875xrex2.cloudfront.net/liipwn1n7d_%E1%BA%A2nh%20ch%E1%BB%A5p%20m%C3%A0n%20h%C3%ACnh%202026-07-05%20160428.png,khong_co_logo_chung_chi,,0,qua_nho,
501,anh_000592,san_pham_0241,Hệ lọc 2 cột INOX 1054 dùng cho nước máy,data\du_lieu_logo\anh_goc\san_pham_0241\anh_001_ffc3ac50.png,ffc3ac50d32f13f712cb84413ad98980b56aef8bb5ee23362d07c5165a76b099,https://hathyo.com/product/2444,https://d134sx875xrex2.cloudfront.net/FWZp3gMhki_%E1%BA%A2nh%20ch%E1%BB%A5p%20m%C3%A0n%20h%C3%ACnh%202026-07-05%20162047.png,khong_co_logo_chung_chi,,0,qua_nho,
502,anh_000593,san_pham_0242,HỖN HỢP DINH DƯỠNG METABO,data\du_lieu_logo\anh_goc\san_pham_0242\anh_001_555a7838.jpg,555a7838d126d7f1e3bd1c4a6745d8f47b22a373f25bc7794750267803b7f739,https://hathyo.com/product/2445,https://d134sx875xrex2.cloudfront.net/nBWa73No8i_HH%C4%90%20Metabo.jpg,khong_co_logo_chung_chi,,0,tot,
503,anh_000594,san_pham_0242,HỖN HỢP DINH DƯỠNG METABO,data\du_lieu_logo\anh_goc\san_pham_0242\anh_002_5bdbbe49.jpg,5bdbbe49b7b17c9d7a172ebf91ebe7c35243a3db31e80846e11b9d909775cfbf,https://hathyo.com/product/2445,https://d134sx875xrex2.cloudfront.net/2rYX1Vf5Yv_%E1%BA%A2nh%20m%E1%BA%ABu%201.jpg,khong_co_logo_chung_chi,,0,chap_nhan_duoc,
504,anh_000595,san_pham_0242,HỖN HỢP DINH DƯỠNG METABO,data\du_lieu_logo\anh_goc\san_pham_0242\anh_003_5a36a7af.jpg,5a36a7aff52b5ae7b5f8c3d8976bc72e0e9751f1c1133819100afce70a72c36c,https://hathyo.com/product/2445,https://d134sx875xrex2.cloudfront.net/bRPs3V0V5Z_1783240191101_3133435260542866362_3133435260542866362_67ce4285cac9896e908089fe0e050ff2.jpg,khong_co_logo_chung_chi,,0,chap_nhan_duoc,
505,anh_000596,san_pham_0242,HỖN HỢP DINH DƯỠNG METABO,data\du_lieu_logo\anh_goc\san_pham_0242\anh_004_38b9fbce.jpg,38b9fbce9ad0bfa1a547d1c0b0acc8936830a3efc5f08ed7b49baafb1efafcec,https://hathyo.com/product/2445,https://d134sx875xrex2.cloudfront.net/Q5RPxsfefU_1783240191054_3133435260542866362_3133435260542866362_4fa57849ee625974b5a7c8ede1272aeb.jpg,khong_co_logo_chung_chi,,0,tot,
506,anh_000597,san_pham_0243,Hệ thống lưu trữ năng lượng di động Model: JY- 911-SP200-6A (Kèm tấm pin 15W),data\du_lieu_logo\anh_goc\san_pham_0243\anh_001_fdd39ab0.jpg,fdd39ab0f5c6ad5d70ed121210b955b15cfc06953c8b71674a4f4701a86270e6,https://hathyo.com/product/2446,https://d134sx875xrex2.cloudfront.net/2t9pK8JsII_1783244356560_5921542848464370000_5921542848464370000_8dfbb3a007ae1dbf31eff7b640952725.jpg,khong_co_logo_chung_chi,,0,qua_nho,
507,anh_000598,san_pham_0243,Hệ thống lưu trữ năng lượng di động Model: JY- 911-SP200-6A (Kèm tấm pin 15W),data\du_lieu_logo\anh_goc\san_pham_0243\anh_002_4b458668.jpg,4b458668e49cc9d399feaa90f1ca6748cf684a7776f8e3ff05fb62f6cb175ca3,https://hathyo.com/product/2446,https://d134sx875xrex2.cloudfront.net/c5oYw5ZC3I_1783244356585_5921542848464370000_5921542848464370000_b584a3cd0e8c864aca9b3542b0c823ce.jpg,khong_co_logo_chung_chi,,0,qua_nho,
508,anh_000600,san_pham_0244,Hệ thống lưu trữ năng lượng di động Model No.JY- 911-SP200-15A (kèm tấm pin 30W),data\du_lieu_logo\anh_goc\san_pham_0244\anh_002_6d8a86e9.jpg,6d8a86e9f53e4440a47f39e782a47f90adaa298a56cb091546601623ca2a4674,https://hathyo.com/product/2447,https://d134sx875xrex2.cloudfront.net/m89EJHRl9C_1783244356609_5921542848464370000_5921542848464370000_bf81575ff7d4040b8755125d1cfd8a3b.jpg,khong_co_logo_chung_chi,,0,qua_nho,
509,anh_000601,san_pham_0245,TRÀ MÓC CÂU,data\du_lieu_logo\anh_goc\san_pham_0245\anh_001_ff7eb9b9.jpg,ff7eb9b9f021133ad3a2599e3305fd0762cc541aaad20e89fef3cfdb8929bd58,https://hathyo.com/product/2448,https://d134sx875xrex2.cloudfront.net/ff9YXZgIZW_%E1%BA%A2nh%20Cover%20Thay.jpg,khong_co_logo_chung_chi,,0,tot,
510,anh_000602,san_pham_0245,TRÀ MÓC CÂU,data\du_lieu_logo\anh_goc\san_pham_0245\anh_002_c0534e7b.jpg,c0534e7bede893f0b1ff669a104230d9cb84d7354d4d1d352440e887f6f4e7dd,https://hathyo.com/product/2448,https://d134sx875xrex2.cloudfront.net/LI8a1r6gPT_UY%C3%8AN%20NHI%20TI%E1%BA%BEP%20KH%C3%81CH%20TR%C3%80%20M%C3%93C%20C%C3%82U.jpg,khong_co_logo_chung_chi,,0,chap_nhan_duoc,
511,anh_000603,san_pham_0245,TRÀ MÓC CÂU,data\du_lieu_logo\anh_goc\san_pham_0245\anh_003_1c04212f.jpg,1c04212ff8c56d683bd7139fd0b1a92ccd000e99b825865fd4db32f65982408b,https://hathyo.com/product/2448,https://d134sx875xrex2.cloudfront.net/w4TiPXhUeG_UYEN%20NHI%20h%C3%A1i%20tr%C3%A0%20t%E1%BA%A1i%20Th%C3%A1i%20Nguy%C3%AAn.jpg,khong_co_logo_chung_chi,,0,tot,
512,anh_000604,san_pham_0246,GEL TẮM THIÊN NHIÊN THUẦN CHAY TINH CHẤT HOA SỨ,data\du_lieu_logo\anh_goc\san_pham_0246\anh_001_75f2b55f.jpg,75f2b55f470f7079e0272c8f8a638c05a6c2546e3fa5fff163b3b89a398202b8,https://hathyo.com/product/2449,https://d134sx875xrex2.cloudfront.net/3HkDjE24Y6_Gel%20t%E1%BA%AFm%20hoa%20s%E1%BB%A9%20tr%E1%BA%AFng%20-Evoluderm-Ph%C3%A1p.jpg,khong_co_logo_chung_chi,,0,tot,
513,anh_000605,san_pham_0246,GEL TẮM THIÊN NHIÊN THUẦN CHAY TINH CHẤT HOA SỨ,data\du_lieu_logo\anh_goc\san_pham_0246\anh_002_2d5e2238.png,2d5e2238ef9f1ef11a16c61f277f2e84905b7d9843a3f805a735999158052db0,https://hathyo.com/product/2449,https://d134sx875xrex2.cloudfront.net/pcQBUMqD8P_1.png,khong_co_logo_chung_chi,,0,tot,
514,anh_000606,san_pham_0246,GEL TẮM THIÊN NHIÊN THUẦN CHAY TINH CHẤT HOA SỨ,data\du_lieu_logo\anh_goc\san_pham_0246\anh_003_0776b614.png,0776b6141c5946e515388c304eabda9b0e708d369a5c230e448afa010db573c8,https://hathyo.com/product/2449,https://d134sx875xrex2.cloudfront.net/8hjn5WBQkU_2.png,khong_co_logo_chung_chi,,0,tot,
515,anh_000607,san_pham_0246,GEL TẮM THIÊN NHIÊN THUẦN CHAY TINH CHẤT HOA SỨ,data\du_lieu_logo\anh_goc\san_pham_0246\anh_004_d65c2428.png,d65c2428ff5057e94ac965b1ab5804aac4068a8896ca36ea5492e94fa79fd543,https://hathyo.com/product/2449,https://d134sx875xrex2.cloudfront.net/83RpyUkSow_3.png,khong_co_logo_chung_chi,,0,tot,
516,anh_000608,san_pham_0246,GEL TẮM THIÊN NHIÊN THUẦN CHAY TINH CHẤT HOA SỨ,data\du_lieu_logo\anh_goc\san_pham_0246\anh_005_2a920c7b.png,2a920c7ba253a8344b992560633d2c4b5a52098174bdcfdea1ccdcfe8bfe3ef8,https://hathyo.com/product/2449,https://d134sx875xrex2.cloudfront.net/cRhCllbtYw_4.png,khong_co_logo_chung_chi,,0,tot,
517,anh_000609,san_pham_0246,GEL TẮM THIÊN NHIÊN THUẦN CHAY TINH CHẤT HOA SỨ,data\du_lieu_logo\anh_goc\san_pham_0246\anh_006_77501654.png,77501654e4c9a725d00e762f3ac3481871f85ac2bc57229634fc4e9019a8c800,https://hathyo.com/product/2449,https://d134sx875xrex2.cloudfront.net/3V0OWrHoWg_5.png,khong_co_logo_chung_chi,,0,tot,
518,anh_000610,san_pham_0246,GEL TẮM THIÊN NHIÊN THUẦN CHAY TINH CHẤT HOA SỨ,data\du_lieu_logo\anh_goc\san_pham_0246\anh_007_6dd89a90.png,6dd89a9064259f2ed47b625a0065da56b621fc40b18ff405f39666381c8a6518,https://hathyo.com/product/2449,https://d134sx875xrex2.cloudfront.net/LV2BNtyagM_8.png,khong_co_logo_chung_chi,,0,tot,
519,anh_000615,san_pham_0248,GEL TẮM THIÊN NHIÊN THUẦN CHAY EVOLUDERM TINH CHẤT BƠ HẠT MỠ - 500 ML,data\du_lieu_logo\anh_goc\san_pham_0248\anh_001_2e76d252.jpg,2e76d252d4329b3a63ea6716924fd1a62787b7c430495f196a68fe52faa19a47,https://hathyo.com/product/2450,https://d134sx875xrex2.cloudfront.net/tTTeHLthq4_Gel%20t%E1%BA%AFm%20tinh%20ch%E1%BA%A5t%20b%C6%A1%20h%E1%BA%A1t%20m%E1%BB%A1%20-Evoluderm-Ph%C3%A1p.jpg,khong_co_logo_chung_chi,,0,tot,
520,anh_000616,san_pham_0248,GEL TẮM THIÊN NHIÊN THUẦN CHAY EVOLUDERM TINH CHẤT BƠ HẠT MỠ - 500 ML,data\du_lieu_logo\anh_goc\san_pham_0248\anh_002_3f1a4b2e.jpg,3f1a4b2ed5e4ac7e5b8d77cca28e8f7c88decc8c3c2443b4100d758d6a2adde1,https://hathyo.com/product/2450,https://d134sx875xrex2.cloudfront.net/GzEiwIaSDD_h%C3%ACnh%20%C4%91ai%20di%E1%BB%87n-03.jpg,khong_co_logo_chung_chi,,0,tot,
521,anh_000617,san_pham_0248,GEL TẮM THIÊN NHIÊN THUẦN CHAY EVOLUDERM TINH CHẤT BƠ HẠT MỠ - 500 ML,data\du_lieu_logo\anh_goc\san_pham_0248\anh_003_c6f39866.jpg,c6f39866e58529324b49800ffe16115b34381f8b169f786946cd42b9b5d26847,https://hathyo.com/product/2450,https://d134sx875xrex2.cloudfront.net/XxlI7MCDG4_%E1%BA%A2nh%20Ovan.jpg,khong_co_logo_chung_chi,,0,tot,
522,anh_000618,san_pham_0248,GEL TẮM THIÊN NHIÊN THUẦN CHAY EVOLUDERM TINH CHẤT BƠ HẠT MỠ - 500 ML,data\du_lieu_logo\anh_goc\san_pham_0248\anh_004_18a3f25a.jpg,18a3f25a7710835e5d388cc73c14a619fde69f021bd1d19915a551068ce03f9e,https://hathyo.com/product/2450,https://d134sx875xrex2.cloudfront.net/PLypCpHHz1_%E1%BA%A2nh%20Ovan%20(1).jpg,khong_co_logo_chung_chi,,0,tot,
523,anh_000619,san_pham_0248,GEL TẮM THIÊN NHIÊN THUẦN CHAY EVOLUDERM TINH CHẤT BƠ HẠT MỠ - 500 ML,data\du_lieu_logo\anh_goc\san_pham_0248\anh_005_1237399c.jpg,1237399c21b4b021d018430de907c34ac5122edaf1774e21efc71027ae1bf8d0,https://hathyo.com/product/2450,https://d134sx875xrex2.cloudfront.net/xKjvcC51Hq_%E1%BA%A2nh%20Ovan%20(2).jpg,khong_co_logo_chung_chi,,0,tot,
524,anh_000620,san_pham_0248,GEL TẮM THIÊN NHIÊN THUẦN CHAY EVOLUDERM TINH CHẤT BƠ HẠT MỠ - 500 ML,data\du_lieu_logo\anh_goc\san_pham_0248\anh_006_f8fbbfc7.jpg,f8fbbfc72a1c4053dc5794f212ad35f8af405df493e265aaec6afd6378ceaac6,https://hathyo.com/product/2450,https://d134sx875xrex2.cloudfront.net/VOCYPlWpsh_%E1%BA%A2nh%20Ovan%20(3).jpg,khong_co_logo_chung_chi,,0,tot,
525,anh_000621,san_pham_0248,GEL TẮM THIÊN NHIÊN THUẦN CHAY EVOLUDERM TINH CHẤT BƠ HẠT MỠ - 500 ML,data\du_lieu_logo\anh_goc\san_pham_0248\anh_007_c96e2912.jpg,c96e2912c31bf36f18842cc8871c3aea634a5efd08523c623536f5be0c487d1a,https://hathyo.com/product/2450,https://d134sx875xrex2.cloudfront.net/os7zd2xEel_%E1%BA%A2nh%20Ovan%20(4).jpg,khong_co_logo_chung_chi,,0,tot,
526,anh_000622,san_pham_0248,GEL TẮM THIÊN NHIÊN THUẦN CHAY EVOLUDERM TINH CHẤT BƠ HẠT MỠ - 500 ML,data\du_lieu_logo\anh_goc\san_pham_0248\anh_008_bf3b852a.jpg,bf3b852a1fd07eeb61efd1d600e1516b132c3522fad2a8469004f97ac028f367,https://hathyo.com/product/2450,https://d134sx875xrex2.cloudfront.net/pUoNb9UNVD_%E1%BA%A2nh%20Ovan%20(5).jpg,khong_co_logo_chung_chi,,0,tot,
527,anh_000623,san_pham_0249,GEL RỬA MẶT VITAMIN C THIÊN NHIÊN THUẦN CHAY EVOLUDERM CHO DA TRẮNG SÁNG - 500ML,data\du_lieu_logo\anh_goc\san_pham_0249\anh_001_b9474452.jpg,b94744524b9cb3aa3ac96f49b11b9aa894a3b9b4f5ef2bae03a1c942e44ead4f,https://hathyo.com/product/2451,https://d134sx875xrex2.cloudfront.net/iNKa0L2VXd_Gel%20t%E1%BA%AFm%20Vitamin%20C%20thi%C3%AAn%20nhi%C3%AAn%20thu%E1%BA%A7n%20chay%20-Evoluderm-Ph%C3%A1p.jpg,khong_co_logo_chung_chi,,0,tot,
528,anh_000624,san_pham_0249,GEL RỬA MẶT VITAMIN C THIÊN NHIÊN THUẦN CHAY EVOLUDERM CHO DA TRẮNG SÁNG - 500ML,data\du_lieu_logo\anh_goc\san_pham_0249\anh_002_6df95eb7.jpg,6df95eb7009c3a29d510de218a8a418df059de5db5013bd53b00aa11e498d800,https://hathyo.com/product/2451,https://d134sx875xrex2.cloudfront.net/kzCFvfqA8i_SRM%20Vitamin%20C%20500ML.jpg,khong_co_logo_chung_chi,,0,tot,
529,anh_000625,san_pham_0249,GEL RỬA MẶT VITAMIN C THIÊN NHIÊN THUẦN CHAY EVOLUDERM CHO DA TRẮNG SÁNG - 500ML,data\du_lieu_logo\anh_goc\san_pham_0249\anh_003_a48aef10.png,a48aef1011478d698455f364d8c6f8cdb2a522e9529fb8caa2279fc891fb725c,https://hathyo.com/product/2451,https://d134sx875xrex2.cloudfront.net/p7EEjlk7ZV_1.png,khong_co_logo_chung_chi,,0,tot,
530,anh_000626,san_pham_0249,GEL RỬA MẶT VITAMIN C THIÊN NHIÊN THUẦN CHAY EVOLUDERM CHO DA TRẮNG SÁNG - 500ML,data\du_lieu_logo\anh_goc\san_pham_0249\anh_004_547d60ea.jpg,547d60ea528d5b7958baab7a8c0727a3fdadcaf5c705effc4d81b43daca440ea,https://hathyo.com/product/2451,https://d134sx875xrex2.cloudfront.net/PLlX2G9xkl_Gel-Vitamin%20C%20-%20Evoluderm.jpg,khong_co_logo_chung_chi,,0,tot,
531,anh_000627,san_pham_0250,Hệ thống lưu trữ năng lượng di động Model No.: JY- 911-SP400-15A (kèm tấm pin mặt trời 30W),data\du_lieu_logo\anh_goc\san_pham_0250\anh_001_3a0a6ba5.png,3a0a6ba53be5d8f5bb4d9d78001456aebb21d306124aac12385d0c36e02ec482,https://hathyo.com/product/2456,https://d134sx875xrex2.cloudfront.net/L7D7XLlZ0W_%E1%BA%A2nh%20ch%E1%BB%A5p%20m%C3%A0n%20h%C3%ACnh%202026-07-07%20121313.png,khong_co_logo_chung_chi,,0,chap_nhan_duoc,
532,anh_000628,san_pham_0250,Hệ thống lưu trữ năng lượng di động Model No.: JY- 911-SP400-15A (kèm tấm pin mặt trời 30W),data\du_lieu_logo\anh_goc\san_pham_0250\anh_002_b91bc101.png,b91bc101bd4501f8ceb772a25e84bd2cca066fa9f7d916c76929a5a80d4ec7bc,https://hathyo.com/product/2456,https://d134sx875xrex2.cloudfront.net/0p1ZoqWmny_%E1%BA%A2nh%20ch%E1%BB%A5p%20m%C3%A0n%20h%C3%ACnh%202026-07-07%20121405.png,khong_co_logo_chung_chi,,0,chap_nhan_duoc,
533,anh_000629,san_pham_0251,Hệ thống lưu trữ năng lượng di động Model No.: JY- 905-C800 (Tấm pin 100W),data\du_lieu_logo\anh_goc\san_pham_0251\anh_001_a8659e5b.png,a8659e5b3d95f1387dc7003b191be248ae8cf68099e3a874635d8c85448dd082,https://hathyo.com/product/2457,https://d134sx875xrex2.cloudfront.net/o1nZK2IN7a_%E1%BA%A2nh%20ch%E1%BB%A5p%20m%C3%A0n%20h%C3%ACnh%202026-07-07%20123413.png,khong_co_logo_chung_chi,,0,chap_nhan_duoc,
534,anh_000630,san_pham_0252,Hệ thống lưu trữ năng lượng di động Model No.: JY- 905-1000W (Tấm pin 150W),data\du_lieu_logo\anh_goc\san_pham_0252\anh_001_e6114847.png,e6114847adb8d7a562592f3998652c4b4a8ba951967d3ec71bb78b50d3b24588,https://hathyo.com/product/2458,https://d134sx875xrex2.cloudfront.net/8TzmCe1AS2_%E1%BA%A2nh%20ch%E1%BB%A5p%20m%C3%A0n%20h%C3%ACnh%202026-07-07%20124426.png,khong_co_logo_chung_chi,,0,chap_nhan_duoc,
535,anh_000631,san_pham_0253,Hệ thống lưu trữ năng lượng di động Model No.: JY- 905-1500W (Tấm pin 200W),data\du_lieu_logo\anh_goc\san_pham_0253\anh_001_e30f7111.png,e30f7111962e5adc80ed849141403f11a92cbdcfb9b57919ed184a4041c6ca0b,https://hathyo.com/product/2459,https://d134sx875xrex2.cloudfront.net/HDWsyGoBYE_%E1%BA%A2nh%20ch%E1%BB%A5p%20m%C3%A0n%20h%C3%ACnh%202026-07-07%20125805.png,khong_co_logo_chung_chi,,0,chap_nhan_duoc,
536,anh_000632,san_pham_0254,Kem Chống Nắng Vitamin Tone-Up Sun Cream JHK Queen,data\du_lieu_logo\anh_goc\san_pham_0254\anh_001_93b63ad7.jpg,93b63ad7b78af0e7939a38eea82bfc17deb3cd36721d1e266ab8f5bcf12c45d8,https://hathyo.com/product/246,https://d134sx875xrex2.cloudfront.net/n52wBjJDaG_z7962643954926_9c096cf252a955797088e6e82e044f93.jpg,khong_co_logo_chung_chi,,0,chap_nhan_duoc,
537,anh_000634,san_pham_0254,Kem Chống Nắng Vitamin Tone-Up Sun Cream JHK Queen,data\du_lieu_logo\anh_goc\san_pham_0254\anh_003_4a9fc488.jpg,4a9fc488f17679de27d0cde6dd39dfba83dfa8759a6fd527f157ccad3dea8a9c,https://hathyo.com/product/246,https://d134sx875xrex2.cloudfront.net/FFPkKpvQKj_z7973524889048_8d59707574a7a1da764bb943f025b961.jpg,khong_co_logo_chung_chi,,0,tot,"Phiếu công bố mỹ phẩm; chỉ thấy con dấu/chữ ký, không có logo chứng chỉ."
538,anh_000635,san_pham_0255,GEL TẮM THIÊN NHIÊN THUẦN CHAY EVOLUDERM TINH CHẤT HẠNH NHÂN - 500ML,data\du_lieu_logo\anh_goc\san_pham_0255\anh_001_d89b9cc6.jpg,d89b9cc6b98894a70fda4582fbe29ca4c1c8622323ead931d5912cfa458e30d5,https://hathyo.com/product/2460,https://d134sx875xrex2.cloudfront.net/pjENcxAP5z_Gel%20tinh%20ch%E1%BA%A5t%20h%E1%BA%A1nh%20nh%C3%A2n%20thi%C3%AAn%20nhi%C3%AAn%20thu%E1%BA%A7n%20chay%20-Evoluderm-Ph%C3%A1p.jpg,khong_co_logo_chung_chi,,0,tot,
539,anh_000636,san_pham_0255,GEL TẮM THIÊN NHIÊN THUẦN CHAY EVOLUDERM TINH CHẤT HẠNH NHÂN - 500ML,data\du_lieu_logo\anh_goc\san_pham_0255\anh_002_b2384873.jpg,b238487335646c92023903c1ab3c4c22afcde418b8e97558d9f7fb3bd381934f,https://hathyo.com/product/2460,https://d134sx875xrex2.cloudfront.net/shWlrKr80p_10.jpg,khong_co_logo_chung_chi,,0,tot,
540,anh_000637,san_pham_0255,GEL TẮM THIÊN NHIÊN THUẦN CHAY EVOLUDERM TINH CHẤT HẠNH NHÂN - 500ML,data\du_lieu_logo\anh_goc\san_pham_0255\anh_003_4c923556.jpg,4c923556046937c14b6f58fe3a35bcf895ebf4bce345c5d8366e00dfc0656826,https://hathyo.com/product/2460,https://d134sx875xrex2.cloudfront.net/Z5N6PUE89n_11.jpg,khong_co_logo_chung_chi,,0,tot,
541,anh_000638,san_pham_0255,GEL TẮM THIÊN NHIÊN THUẦN CHAY EVOLUDERM TINH CHẤT HẠNH NHÂN - 500ML,data\du_lieu_logo\anh_goc\san_pham_0255\anh_004_c5148a42.jpg,c5148a42f64cbfd98d3fa4d2282d51d5cf366cb410f410ed9425d974e1bee119,https://hathyo.com/product/2460,https://d134sx875xrex2.cloudfront.net/mJ55jpoL7D_12.jpg,khong_co_logo_chung_chi,,0,tot,
542,anh_000639,san_pham_0255,GEL TẮM THIÊN NHIÊN THUẦN CHAY EVOLUDERM TINH CHẤT HẠNH NHÂN - 500ML,data\du_lieu_logo\anh_goc\san_pham_0255\anh_005_1f6c32d3.jpg,1f6c32d3b5785ce523837788c57763d59a93e4c08bbc3b97ff48ebcc0a8c6c8d,https://hathyo.com/product/2460,https://d134sx875xrex2.cloudfront.net/yGYCkcMWsh_13.jpg,khong_co_logo_chung_chi,,0,tot,
543,anh_000640,san_pham_0255,GEL TẮM THIÊN NHIÊN THUẦN CHAY EVOLUDERM TINH CHẤT HẠNH NHÂN - 500ML,data\du_lieu_logo\anh_goc\san_pham_0255\anh_006_48aa42bd.jpg,48aa42bd26990ff95600f536f602bdc798cec953466af8c08852dc741b49442b,https://hathyo.com/product/2460,https://d134sx875xrex2.cloudfront.net/aR2Iqsdh2t_14.jpg,khong_co_logo_chung_chi,,0,tot,
544,anh_000641,san_pham_0256,GEL TẮM THIÊN NHIÊN THUẦN CHAY EVOLUDERM TINH CHẤT ARGAN 500ML,data\du_lieu_logo\anh_goc\san_pham_0256\anh_001_22185174.jpg,221851741eeb297f10f066ba96c5f32ec7b1dfd43fb3fdaf0de5fe6f60bc7f08,https://hathyo.com/product/2461,https://d134sx875xrex2.cloudfront.net/gxWMKhR6MF_Gel%20tinh%20ch%E1%BA%A5t%20ARGAN%20thi%C3%AAn%20nhi%C3%AAn%20thu%E1%BA%A7n%20chay%20-Evoluderm-Ph%C3%A1p.jpg,khong_co_logo_chung_chi,,0,tot,
545,anh_000642,san_pham_0256,GEL TẮM THIÊN NHIÊN THUẦN CHAY EVOLUDERM TINH CHẤT ARGAN 500ML,data\du_lieu_logo\anh_goc\san_pham_0256\anh_002_d091b85b.png,d091b85b50ba8b093751b8bf8a423392c297d046ea5be06a841ad7f5488b04ab,https://hathyo.com/product/2461,https://d134sx875xrex2.cloudfront.net/nWyI6c45Hf_1.png,khong_co_logo_chung_chi,,0,tot,
546,anh_000643,san_pham_0256,GEL TẮM THIÊN NHIÊN THUẦN CHAY EVOLUDERM TINH CHẤT ARGAN 500ML,data\du_lieu_logo\anh_goc\san_pham_0256\anh_003_9549d3c1.png,9549d3c124337d063f62d9337b53457c9efd2e78a0fe85626baf5081ebf019fd,https://hathyo.com/product/2461,https://d134sx875xrex2.cloudfront.net/BtTobNsWD1_2.png,khong_co_logo_chung_chi,,0,tot,
547,anh_000644,san_pham_0256,GEL TẮM THIÊN NHIÊN THUẦN CHAY EVOLUDERM TINH CHẤT ARGAN 500ML,data\du_lieu_logo\anh_goc\san_pham_0256\anh_004_3b966110.jpg,3b9661100fc6ea502c19151697e10216d32f000273b0049a43a6c50601591b96,https://hathyo.com/product/2461,https://d134sx875xrex2.cloudfront.net/Nix6pjrvSp_2aOboQdtgRyIFDJWbhKURn4jnYJmUXVsRttg57Gi.jpg,khong_co_logo_chung_chi,,0,tot,
548,anh_000645,san_pham_0256,GEL TẮM THIÊN NHIÊN THUẦN CHAY EVOLUDERM TINH CHẤT ARGAN 500ML,data\du_lieu_logo\anh_goc\san_pham_0256\anh_005_be63d674.jpg,be63d674f0902adb1a78571ee7cb6a07185f16c41a3c15d8fde35573cf1e423d,https://hathyo.com/product/2461,https://d134sx875xrex2.cloudfront.net/p6VwCcu4Zv_2aOboQdtgS4Ub25Q8VQfp2uMrzsDNwd7AJRyig6a.jpg,khong_co_logo_chung_chi,,0,tot,
549,anh_000646,san_pham_0256,GEL TẮM THIÊN NHIÊN THUẦN CHAY EVOLUDERM TINH CHẤT ARGAN 500ML,data\du_lieu_logo\anh_goc\san_pham_0256\anh_006_653b51eb.jpg,653b51eb948385f1998975528684d84bdaa7fb1da43ef0de99e1020a39b3e0b9,https://hathyo.com/product/2461,https://d134sx875xrex2.cloudfront.net/MFtrz8fF04_2aOboQdtgS9TXNfZ3sQw1r0H9qIp2aR7xonVNJRI.jpg,khong_co_logo_chung_chi,,0,tot,
550,anh_000647,san_pham_0256,GEL TẮM THIÊN NHIÊN THUẦN CHAY EVOLUDERM TINH CHẤT ARGAN 500ML,data\du_lieu_logo\anh_goc\san_pham_0256\anh_007_c01d4e36.jpg,c01d4e36fbec887b68b27c0f12ff1bfec6d379e43c4d89bedac6c99d82e4e5ac,https://hathyo.com/product/2461,https://d134sx875xrex2.cloudfront.net/lyXuDdkl0z_2aOboQdtgSkEtFwlhRPvzgLwfy2huqspkpRUWjOy.jpg,khong_co_logo_chung_chi,,0,tot,
551,anh_000648,san_pham_0256,GEL TẮM THIÊN NHIÊN THUẦN CHAY EVOLUDERM TINH CHẤT ARGAN 500ML,data\du_lieu_logo\anh_goc\san_pham_0256\anh_008_9a11ddf1.png,9a11ddf12871db7784aa0ab1233e2335028b8695dc7abddf4d65379484c031c6,https://hathyo.com/product/2461,https://d134sx875xrex2.cloudfront.net/4KHb3Bp28K_3.png,khong_co_logo_chung_chi,,0,tot,
552,anh_000649,san_pham_0256,GEL TẮM THIÊN NHIÊN THUẦN CHAY EVOLUDERM TINH CHẤT ARGAN 500ML,data\du_lieu_logo\anh_goc\san_pham_0256\anh_009_b9bf1b99.png,b9bf1b999461ba43d2891acabfb442a28a6087e40a21cceeb1b87d4fdb8b7fe4,https://hathyo.com/product/2461,https://d134sx875xrex2.cloudfront.net/OlVFAwGwDc_4.png,khong_co_logo_chung_chi,,0,tot,
553,anh_000650,san_pham_0257,"GEL TẮM THIÊN NHIÊN THUẦN CHAY EVOLUDERM TINH CHẤT DỪA, TRÀ XANH EVOLUDERM - 500ML",data\du_lieu_logo\anh_goc\san_pham_0257\anh_001_b5990b1d.jpg,b5990b1d994f400324422e43efe9f94e8cc0971eef6901763d6037a5c6921a6b,https://hathyo.com/product/2462,"https://d134sx875xrex2.cloudfront.net/erfFdIiRxp_Gel%20tinh%20ch%E1%BA%A5t%20d%E1%BB%ABa,%20tr%C3%A0%20xanh%20thi%C3%AAn%20nhi%C3%AAn%20thu%E1%BA%A7n%20chay%20-Evoluderm-Ph%C3%A1p.jpg",khong_co_logo_chung_chi,,0,tot,
554,anh_000651,san_pham_0257,"GEL TẮM THIÊN NHIÊN THUẦN CHAY EVOLUDERM TINH CHẤT DỪA, TRÀ XANH EVOLUDERM - 500ML",data\du_lieu_logo\anh_goc\san_pham_0257\anh_002_565470a5.jpg,565470a583916ff4aa1f649de13cc4c824a7ba8ad4711ccbcc5d3cf192c1981d,https://hathyo.com/product/2462,https://d134sx875xrex2.cloudfront.net/qCKj9exAJO_h%C3%ACnh%20%C4%91ai%20di%E1%BB%87n-01.jpg,khong_co_logo_chung_chi,,0,tot,
555,anh_000652,san_pham_0257,"GEL TẮM THIÊN NHIÊN THUẦN CHAY EVOLUDERM TINH CHẤT DỪA, TRÀ XANH EVOLUDERM - 500ML",data\du_lieu_logo\anh_goc\san_pham_0257\anh_003_77eeb9e5.jpg,77eeb9e57bd134bb5758da2df1e3a70078619fba3c8d5c333a6bffc4781ff56c,https://hathyo.com/product/2462,https://d134sx875xrex2.cloudfront.net/PUy6Sl7me7_17.jpg,khong_co_logo_chung_chi,,0,tot,
556,anh_000653,san_pham_0257,"GEL TẮM THIÊN NHIÊN THUẦN CHAY EVOLUDERM TINH CHẤT DỪA, TRÀ XANH EVOLUDERM - 500ML",data\du_lieu_logo\anh_goc\san_pham_0257\anh_004_d33434f8.jpg,d33434f81d4117bb37196b304473d2d0e8e426d3334e10dbcaaed105c88fd8a0,https://hathyo.com/product/2462,https://d134sx875xrex2.cloudfront.net/To4IkeYeiT_18.jpg,khong_co_logo_chung_chi,,0,tot,
557,anh_000654,san_pham_0257,"GEL TẮM THIÊN NHIÊN THUẦN CHAY EVOLUDERM TINH CHẤT DỪA, TRÀ XANH EVOLUDERM - 500ML",data\du_lieu_logo\anh_goc\san_pham_0257\anh_005_94af6206.jpg,94af620691e33284657154fa47a56f8c0177be8a16c78a0ab82e06b35809ea04,https://hathyo.com/product/2462,https://d134sx875xrex2.cloudfront.net/AMgVmjArCI_19.jpg,khong_co_logo_chung_chi,,0,tot,
558,anh_000655,san_pham_0257,"GEL TẮM THIÊN NHIÊN THUẦN CHAY EVOLUDERM TINH CHẤT DỪA, TRÀ XANH EVOLUDERM - 500ML",data\du_lieu_logo\anh_goc\san_pham_0257\anh_006_bf7cab57.jpg,bf7cab579ddf530ecc71d0f596349e5422f81ff24acaca5ac0a745c1488e73ce,https://hathyo.com/product/2462,https://d134sx875xrex2.cloudfront.net/h8nrbQaAWV_20.jpg,khong_co_logo_chung_chi,,0,tot,
559,anh_000656,san_pham_0257,"GEL TẮM THIÊN NHIÊN THUẦN CHAY EVOLUDERM TINH CHẤT DỪA, TRÀ XANH EVOLUDERM - 500ML",data\du_lieu_logo\anh_goc\san_pham_0257\anh_007_3e50dd27.jpg,3e50dd27f2c1adb005a008d970ba4cfda2775399cca13958747ea401ae5570e2,https://hathyo.com/product/2462,https://d134sx875xrex2.cloudfront.net/VE0d6RKusj_21.jpg,khong_co_logo_chung_chi,,0,tot,
560,anh_000657,san_pham_0257,"GEL TẮM THIÊN NHIÊN THUẦN CHAY EVOLUDERM TINH CHẤT DỪA, TRÀ XANH EVOLUDERM - 500ML",data\du_lieu_logo\anh_goc\san_pham_0257\anh_008_3a675c6c.jpg,3a675c6cb6e1e1acae9d2ae3f62886d282c0251c19e35fd6a49513e06f6bfee4,https://hathyo.com/product/2462,https://d134sx875xrex2.cloudfront.net/qB8SH3wUWB_22.jpg,khong_co_logo_chung_chi,,0,tot,
561,anh_000658,san_pham_0257,"GEL TẮM THIÊN NHIÊN THUẦN CHAY EVOLUDERM TINH CHẤT DỪA, TRÀ XANH EVOLUDERM - 500ML",data\du_lieu_logo\anh_goc\san_pham_0257\anh_009_e8e1b34f.jpg,e8e1b34f3609d508e3bb19fdd4d9e3b9acda65cd4fba55c3f67e377d8f984b05,https://hathyo.com/product/2462,https://d134sx875xrex2.cloudfront.net/VZNKoQQkSN_23.jpg,khong_co_logo_chung_chi,,0,tot,
562,anh_000659,san_pham_0258,GEL TẮM THIÊN NHIÊN THUẦN CHAY EVOLUDERM TINH CHẤT NHA ĐAM - 500ML,data\du_lieu_logo\anh_goc\san_pham_0258\anh_001_49e7911c.jpg,49e7911c12ca5f78ac0dec39a3980bbb85f7740c5b0a7512ecd899bc7ddd304f,https://hathyo.com/product/2463,https://d134sx875xrex2.cloudfront.net/dRkPtlO74g_Gel%20tinh%20ch%E1%BA%A5t%20nha%20%C4%91am%20thi%C3%AAn%20nhi%C3%AAn%20thu%E1%BA%A7n%20chay%20-Evoluderm-Ph%C3%A1p.jpg,khong_co_logo_chung_chi,,0,tot,
563,anh_000660,san_pham_0258,GEL TẮM THIÊN NHIÊN THUẦN CHAY EVOLUDERM TINH CHẤT NHA ĐAM - 500ML,data\du_lieu_logo\anh_goc\san_pham_0258\anh_002_2da12449.jpg,2da124497b96dcc9f677ed6da6bde77c4b73c13f05cf7941f8ffde6efd21cbe8,https://hathyo.com/product/2463,https://d134sx875xrex2.cloudfront.net/22LU2rG4Aj_25.jpg,khong_co_logo_chung_chi,,0,tot,
564,anh_000661,san_pham_0258,GEL TẮM THIÊN NHIÊN THUẦN CHAY EVOLUDERM TINH CHẤT NHA ĐAM - 500ML,data\du_lieu_logo\anh_goc\san_pham_0258\anh_003_64e55582.jpg,64e555828376b9d39edcc766eca2dfc9ddfdb675f667a37f7bf798461399c82a,https://hathyo.com/product/2463,https://d134sx875xrex2.cloudfront.net/04yGr4GtuK_26.jpg,khong_co_logo_chung_chi,,0,tot,
565,anh_000662,san_pham_0258,GEL TẮM THIÊN NHIÊN THUẦN CHAY EVOLUDERM TINH CHẤT NHA ĐAM - 500ML,data\du_lieu_logo\anh_goc\san_pham_0258\anh_004_b5e6ef09.jpg,b5e6ef09ab3b6a0f21136f1854193330418a3d1ceb669b2dbd34542e9e5c91d1,https://hathyo.com/product/2463,https://d134sx875xrex2.cloudfront.net/KtlM5i4ZpZ_27.jpg,khong_co_logo_chung_chi,,0,tot,
566,anh_000663,san_pham_0258,GEL TẮM THIÊN NHIÊN THUẦN CHAY EVOLUDERM TINH CHẤT NHA ĐAM - 500ML,data\du_lieu_logo\anh_goc\san_pham_0258\anh_005_1f64e581.jpg,1f64e581ce1dca2681010dffae8410aee4897498d2a37e9f3d142cfa3de2d0bc,https://hathyo.com/product/2463,https://d134sx875xrex2.cloudfront.net/9oeBU9jrSt_28.jpg,khong_co_logo_chung_chi,,0,tot,
567,anh_000664,san_pham_0258,GEL TẮM THIÊN NHIÊN THUẦN CHAY EVOLUDERM TINH CHẤT NHA ĐAM - 500ML,data\du_lieu_logo\anh_goc\san_pham_0258\anh_006_3f0fb23b.jpg,3f0fb23b58bdce7aafbd8d92b1e5fba48c29a18fe13f3bb904d967c861c144aa,https://hathyo.com/product/2463,https://d134sx875xrex2.cloudfront.net/1IUP0BLPzx_29.jpg,khong_co_logo_chung_chi,,0,tot,
568,anh_000665,san_pham_0258,GEL TẮM THIÊN NHIÊN THUẦN CHAY EVOLUDERM TINH CHẤT NHA ĐAM - 500ML,data\du_lieu_logo\anh_goc\san_pham_0258\anh_007_7b09b27e.jpg,7b09b27e6eed21f0432cad9d2bd9057fa84281d9762e0da939025059070760bf,https://hathyo.com/product/2463,https://d134sx875xrex2.cloudfront.net/5dNTxHQrvw_30.jpg,khong_co_logo_chung_chi,,0,tot,
569,anh_000666,san_pham_0258,GEL TẮM THIÊN NHIÊN THUẦN CHAY EVOLUDERM TINH CHẤT NHA ĐAM - 500ML,data\du_lieu_logo\anh_goc\san_pham_0258\anh_008_87bfe451.jpg,87bfe45134c8cf787a361985e2203c32a301bfbe795c1e0087ef209fcd263f2a,https://hathyo.com/product/2463,https://d134sx875xrex2.cloudfront.net/YcqlYvdY8y_31.jpg,khong_co_logo_chung_chi,,0,tot,
570,anh_000667,san_pham_0258,GEL TẮM THIÊN NHIÊN THUẦN CHAY EVOLUDERM TINH CHẤT NHA ĐAM - 500ML,data\du_lieu_logo\anh_goc\san_pham_0258\anh_009_ceda00dc.jpg,ceda00dcd4d5955bebc4f0853149bab69c522540216710f180aa176cf8dd6353,https://hathyo.com/product/2463,https://d134sx875xrex2.cloudfront.net/8kKhGQEk1g_32.jpg,khong_co_logo_chung_chi,,0,tot,
571,anh_000668,san_pham_0259,GEL TẮM THIÊN NHIÊN THUẦN CHAY EVOLUDERM TINH CHẤT HOA BLOSSOM - 500ML,data\du_lieu_logo\anh_goc\san_pham_0259\anh_001_697d19c9.jpg,697d19c9de01bbbeb8864aba4fbe858e53c184823e837bca3fdfe28726a912a5,https://hathyo.com/product/2464,https://d134sx875xrex2.cloudfront.net/9rU3xsnUX7_Gel%20tinh%20ch%E1%BA%A5t%20hoa%20cam%20blossom%20thi%C3%AAn%20nhi%C3%AAn%20thu%E1%BA%A7n%20chay%20-Evoluderm-Ph%C3%A1p.jpg,khong_co_logo_chung_chi,,0,tot,
572,anh_000669,san_pham_0259,GEL TẮM THIÊN NHIÊN THUẦN CHAY EVOLUDERM TINH CHẤT HOA BLOSSOM - 500ML,data\du_lieu_logo\anh_goc\san_pham_0259\anh_002_5a4bdc12.jpg,5a4bdc12129a4797d8a1837527514bf78b3bf35eee2806bd18be953259fb68df,https://hathyo.com/product/2464,https://d134sx875xrex2.cloudfront.net/SXEajT8bYS_h%C3%ACnh%20%C4%91ai%20di%E1%BB%87n-01.jpg,khong_co_logo_chung_chi,,0,tot,
573,anh_000670,san_pham_0259,GEL TẮM THIÊN NHIÊN THUẦN CHAY EVOLUDERM TINH CHẤT HOA BLOSSOM - 500ML,data\du_lieu_logo\anh_goc\san_pham_0259\anh_003_e899804b.jpg,e899804bb614705d7e3dd24f9a083fa8a3600be689fa1d10e040c5e2587169c4,https://hathyo.com/product/2464,https://d134sx875xrex2.cloudfront.net/pMm0erGJck_h%C3%ACnh%20%C4%91ai%20di%E1%BB%87n-02.jpg,khong_co_logo_chung_chi,,0,tot,
574,anh_000671,san_pham_0259,GEL TẮM THIÊN NHIÊN THUẦN CHAY EVOLUDERM TINH CHẤT HOA BLOSSOM - 500ML,data\du_lieu_logo\anh_goc\san_pham_0259\anh_004_ae31a3ad.jpg,ae31a3ad6d6e072fac8bfe6df2ed80d127ebb4fa1afbd729f44df003728bfb18,https://hathyo.com/product/2464,https://d134sx875xrex2.cloudfront.net/Z8Uyse5D1C_h%C3%ACnh%20%C4%91ai%20di%E1%BB%87n-03.jpg,khong_co_logo_chung_chi,,0,tot,
575,anh_000672,san_pham_0259,GEL TẮM THIÊN NHIÊN THUẦN CHAY EVOLUDERM TINH CHẤT HOA BLOSSOM - 500ML,data\du_lieu_logo\anh_goc\san_pham_0259\anh_005_133a8b1a.jpg,133a8b1a723e0929a6d5e09bad1c0228f05f92e32705938c77c7f250dceb3bf3,https://hathyo.com/product/2464,https://d134sx875xrex2.cloudfront.net/cqdc6tPHWU_h%C3%ACnh%20%C4%91ai%20di%E1%BB%87n-04.jpg,khong_co_logo_chung_chi,,0,tot,
576,anh_000673,san_pham_0259,GEL TẮM THIÊN NHIÊN THUẦN CHAY EVOLUDERM TINH CHẤT HOA BLOSSOM - 500ML,data\du_lieu_logo\anh_goc\san_pham_0259\anh_006_7fb764ba.jpg,7fb764baadc8880f7798a9854d47d41a3b2ec427ba82f3bb5cd846cfb9bbce3c,https://hathyo.com/product/2464,https://d134sx875xrex2.cloudfront.net/uMUtvDBRn6_h%C3%ACnh%20m%C3%B4%20t%E1%BA%A3-01.jpg,khong_co_logo_chung_chi,,0,tot,
577,anh_000674,san_pham_0259,GEL TẮM THIÊN NHIÊN THUẦN CHAY EVOLUDERM TINH CHẤT HOA BLOSSOM - 500ML,data\du_lieu_logo\anh_goc\san_pham_0259\anh_007_f5498bf4.jpg,f5498bf416d8385e19ac3be172865a398a4bd8057ca333de5984a1eadd33d923,https://hathyo.com/product/2464,https://d134sx875xrex2.cloudfront.net/rowaCo5T6s_h%C3%ACnh%20m%C3%B4%20t%E1%BA%A3-02.jpg,khong_co_logo_chung_chi,,0,tot,
578,anh_000675,san_pham_0259,GEL TẮM THIÊN NHIÊN THUẦN CHAY EVOLUDERM TINH CHẤT HOA BLOSSOM - 500ML,data\du_lieu_logo\anh_goc\san_pham_0259\anh_008_cf5608a5.jpg,cf5608a50e53ffe9d1bfd2b07eccbc502d0dd80828fec94446a1c392ee1225a6,https://hathyo.com/product/2464,https://d134sx875xrex2.cloudfront.net/fYsNVmtFcS_h%C3%ACnh%20m%C3%B4%20t%E1%BA%A3-03.jpg,khong_co_logo_chung_chi,,0,tot,
579,anh_000676,san_pham_0259,GEL TẮM THIÊN NHIÊN THUẦN CHAY EVOLUDERM TINH CHẤT HOA BLOSSOM - 500ML,data\du_lieu_logo\anh_goc\san_pham_0259\anh_009_3deab5b6.jpg,3deab5b6c36ccf622970e15c83c3519cd94018797ef3fecedff1813bbcdcba11,https://hathyo.com/product/2464,https://d134sx875xrex2.cloudfront.net/tmojLvNzeR_h%C3%ACnh%20m%C3%B4%20t%E1%BA%A3-04.jpg,khong_co_logo_chung_chi,,0,tot,
580,anh_000677,san_pham_0260,GEL TẮM THIÊN NHIÊN THUẦN CHAY EVOLUDERM TINH CHẤT LAVENDER - 500ML,data\du_lieu_logo\anh_goc\san_pham_0260\anh_001_185bb048.jpg,185bb0481625142120a4867fc89c47601f0cdf921cf0b6cb8785c5882fddf059,https://hathyo.com/product/2465,https://d134sx875xrex2.cloudfront.net/ucSc4hbhwP_Gel%20tinh%20ch%E1%BA%A5t%20Lavender%20thi%C3%AAn%20nhi%C3%AAn%20thu%E1%BA%A7n%20chay%20-Evoluderm-Ph%C3%A1p.jpg,khong_co_logo_chung_chi,,0,tot,
581,anh_000678,san_pham_0260,GEL TẮM THIÊN NHIÊN THUẦN CHAY EVOLUDERM TINH CHẤT LAVENDER - 500ML,data\du_lieu_logo\anh_goc\san_pham_0260\anh_002_85b7b905.jpg,85b7b905ab9688cdcbad0bd01abdc0f9476757fc0333badfd43c110a5e2739bc,https://hathyo.com/product/2465,https://d134sx875xrex2.cloudfront.net/Fug51WNR2x_h%C3%ACnh%20%C4%91ai%20di%E1%BB%87n-01.jpg,khong_co_logo_chung_chi,,0,tot,
582,anh_000679,san_pham_0260,GEL TẮM THIÊN NHIÊN THUẦN CHAY EVOLUDERM TINH CHẤT LAVENDER - 500ML,data\du_lieu_logo\anh_goc\san_pham_0260\anh_003_3583bc3d.jpg,3583bc3d2a45b98b8eb0e101354dfa22436be150826b5c9d7400f297f28b99f9,https://hathyo.com/product/2465,https://d134sx875xrex2.cloudfront.net/UBme0FAQEI_h%C3%ACnh%20%C4%91ai%20di%E1%BB%87n-02.jpg,khong_co_logo_chung_chi,,0,tot,
583,anh_000680,san_pham_0260,GEL TẮM THIÊN NHIÊN THUẦN CHAY EVOLUDERM TINH CHẤT LAVENDER - 500ML,data\du_lieu_logo\anh_goc\san_pham_0260\anh_004_77ca532d.jpg,77ca532d114b1ffab9bbdb70d280f0c45a0a140b7b264d1744d6ec62786c4eb0,https://hathyo.com/product/2465,https://d134sx875xrex2.cloudfront.net/whSX2t9wBl_h%C3%ACnh%20%C4%91ai%20di%E1%BB%87n-03.jpg,khong_co_logo_chung_chi,,0,tot,
584,anh_000681,san_pham_0260,GEL TẮM THIÊN NHIÊN THUẦN CHAY EVOLUDERM TINH CHẤT LAVENDER - 500ML,data\du_lieu_logo\anh_goc\san_pham_0260\anh_005_a7d10dfc.jpg,a7d10dfc87884baacf05be41f132be94f31584dcb5aaeb04b63d9674124873f9,https://hathyo.com/product/2465,https://d134sx875xrex2.cloudfront.net/w4CIRY1OEp_h%C3%ACnh%20%C4%91ai%20di%E1%BB%87n-04.jpg,khong_co_logo_chung_chi,,0,tot,
585,anh_000682,san_pham_0260,GEL TẮM THIÊN NHIÊN THUẦN CHAY EVOLUDERM TINH CHẤT LAVENDER - 500ML,data\du_lieu_logo\anh_goc\san_pham_0260\anh_006_ed7f264d.jpg,ed7f264de2f9dd21b4ed1005597c1bbfe1b78a499c73f389bf804d7339442192,https://hathyo.com/product/2465,https://d134sx875xrex2.cloudfront.net/moYvEub9sO_h%C3%ACnh%20m%C3%B4%20t%E1%BA%A3-01.jpg,khong_co_logo_chung_chi,,0,tot,
586,anh_000683,san_pham_0260,GEL TẮM THIÊN NHIÊN THUẦN CHAY EVOLUDERM TINH CHẤT LAVENDER - 500ML,data\du_lieu_logo\anh_goc\san_pham_0260\anh_007_1bf011bd.jpg,1bf011bde0a9771bd59f6cb067c313156c7b3c5df1dd7cf41b5348feff945607,https://hathyo.com/product/2465,https://d134sx875xrex2.cloudfront.net/h2Qtrk5iNK_h%C3%ACnh%20m%C3%B4%20t%E1%BA%A3-02.jpg,khong_co_logo_chung_chi,,0,tot,
587,anh_000684,san_pham_0260,GEL TẮM THIÊN NHIÊN THUẦN CHAY EVOLUDERM TINH CHẤT LAVENDER - 500ML,data\du_lieu_logo\anh_goc\san_pham_0260\anh_008_98da789c.jpg,98da789c42c9a7ef75eb7c9a3edf3459cc362517ff423af65184b3b265c7d53e,https://hathyo.com/product/2465,https://d134sx875xrex2.cloudfront.net/rQOZPUOOOO_h%C3%ACnh%20m%C3%B4%20t%E1%BA%A3-03.jpg,khong_co_logo_chung_chi,,0,tot,
588,anh_000685,san_pham_0260,GEL TẮM THIÊN NHIÊN THUẦN CHAY EVOLUDERM TINH CHẤT LAVENDER - 500ML,data\du_lieu_logo\anh_goc\san_pham_0260\anh_009_ee48d209.jpg,ee48d20946faf5fc0ad0f69b59f663bfb56f1756295f7176a7a0e92f6301fbfd,https://hathyo.com/product/2465,https://d134sx875xrex2.cloudfront.net/65rISQ1FWi_h%C3%ACnh%20m%C3%B4%20t%E1%BA%A3-04.jpg,khong_co_logo_chung_chi,,0,tot,
589,anh_000686,san_pham_0261,SỮA TẮM GỘI THIÊN NHIÊN THUẦN CHAY EVOLUDERM DỊU NHẸ CHO BÉ - 500ML,data\du_lieu_logo\anh_goc\san_pham_0261\anh_001_df891cce.jpg,df891cce2823fcc13ea844f5c69d0581ae5aa78b4007b39f93ff00c6ee9f1426,https://hathyo.com/product/2466,https://d134sx875xrex2.cloudfront.net/Rh1FmMMr5o_GelD%C6%B0%E1%BB%A1ng%20da%20d%E1%BB%8Bu%20nh%E1%BA%B9%20cho%20b%C3%A9%20y%C3%AAu%20thi%C3%AAn%20nhi%C3%AAn%20thu%E1%BA%A7n%20chay%20-Evoluderm-Ph%C3%A1p.jpg,khong_co_logo_chung_chi,,0,tot,
590,anh_000687,san_pham_0261,SỮA TẮM GỘI THIÊN NHIÊN THUẦN CHAY EVOLUDERM DỊU NHẸ CHO BÉ - 500ML,data\du_lieu_logo\anh_goc\san_pham_0261\anh_002_f746a677.png,f746a67707a0f7d900b39979bc9fde09e2b7626c298fc2d43ca10cf7f3097785,https://hathyo.com/product/2466,https://d134sx875xrex2.cloudfront.net/QKi3EKa4TR_h%C3%ACnh%20%C4%91ai%20di%E1%BB%87n-01.png,khong_co_logo_chung_chi,,0,tot,
591,anh_000688,san_pham_0261,SỮA TẮM GỘI THIÊN NHIÊN THUẦN CHAY EVOLUDERM DỊU NHẸ CHO BÉ - 500ML,data\du_lieu_logo\anh_goc\san_pham_0261\anh_003_81cba866.png,81cba86659117f6433a4eb652e5e46d080dcd7f27dc1a3aa16aec84b6e2b84b7,https://hathyo.com/product/2466,https://d134sx875xrex2.cloudfront.net/7y6wG37UK0_h%C3%ACnh%20%C4%91ai%20di%E1%BB%87n-02.png,khong_co_logo_chung_chi,,0,tot,
592,anh_000689,san_pham_0261,SỮA TẮM GỘI THIÊN NHIÊN THUẦN CHAY EVOLUDERM DỊU NHẸ CHO BÉ - 500ML,data\du_lieu_logo\anh_goc\san_pham_0261\anh_004_51e29461.png,51e29461393eb8a80c29d79fa3764fc533dd081e0c064bef6f9ad1b529d97883,https://hathyo.com/product/2466,https://d134sx875xrex2.cloudfront.net/jb4v5bRb1f_h%C3%ACnh%20%C4%91ai%20di%E1%BB%87n-03.png,khong_co_logo_chung_chi,,0,tot,
593,anh_000690,san_pham_0261,SỮA TẮM GỘI THIÊN NHIÊN THUẦN CHAY EVOLUDERM DỊU NHẸ CHO BÉ - 500ML,data\du_lieu_logo\anh_goc\san_pham_0261\anh_005_cbe572cf.png,cbe572cf9827cbd3ed56fe68a82d4b30f6f801386c2bd70685ec6f8a712590a1,https://hathyo.com/product/2466,https://d134sx875xrex2.cloudfront.net/RAnTIEdFzl_h%C3%ACnh%20%C4%91ai%20di%E1%BB%87n-04.png,khong_co_logo_chung_chi,,0,chap_nhan_duoc,
594,anh_000691,san_pham_0261,SỮA TẮM GỘI THIÊN NHIÊN THUẦN CHAY EVOLUDERM DỊU NHẸ CHO BÉ - 500ML,data\du_lieu_logo\anh_goc\san_pham_0261\anh_006_75157a0f.jpg,75157a0f8c42a7431c64823c24019275d22781a2edb2f5a3ea6f935686a6b7a9,https://hathyo.com/product/2466,https://d134sx875xrex2.cloudfront.net/39qRxKTtZL_H%C3%ACnh%20m%C3%B4%20t%E1%BA%A3%2001.jpg,khong_co_logo_chung_chi,,0,tot,
595,anh_000692,san_pham_0261,SỮA TẮM GỘI THIÊN NHIÊN THUẦN CHAY EVOLUDERM DỊU NHẸ CHO BÉ - 500ML,data\du_lieu_logo\anh_goc\san_pham_0261\anh_007_40827afb.jpg,40827afb6ce3146f40f4e090b2d80bb1f559c1197a08939a0f3081ea195c568b,https://hathyo.com/product/2466,https://d134sx875xrex2.cloudfront.net/aENjbyFcvH_H%C3%ACnh%20m%C3%B4%20t%E1%BA%A3%203.jpg,khong_co_logo_chung_chi,,0,tot,
596,anh_000694,san_pham_0262,THỰC PHẨM BỔ SUNG DINH DƯỠNG HT GOLD NUTRI PLUS +,data\du_lieu_logo\anh_goc\san_pham_0262\anh_002_3b7857cd.jpg,3b7857cd0a5590e55caf02e0f92f875586312640867ae5756527b821ed064cb6,https://hathyo.com/product/2467,https://d134sx875xrex2.cloudfront.net/j58Erp9QCy_1783323089721_3133435260542866362_3133435260542866362_118495b922e6d8750108fbf88de1a3ba.jpg,khong_co_logo_chung_chi,,0,tot,
597,anh_000695,san_pham_0262,THỰC PHẨM BỔ SUNG DINH DƯỠNG HT GOLD NUTRI PLUS +,data\du_lieu_logo\anh_goc\san_pham_0262\anh_003_cff52fb0.jpg,cff52fb036d2d62b2a807745c2242f76f7e488d7857f7fe69d67928c696ec819,https://hathyo.com/product/2467,https://d134sx875xrex2.cloudfront.net/a9F3PzngR9_1783323089698_3133435260542866362_3133435260542866362_e5075cc88d871a0353095bd3ab3821f0.jpg,khong_co_logo_chung_chi,,0,chap_nhan_duoc,
598,anh_000697,san_pham_0262,THỰC PHẨM BỔ SUNG DINH DƯỠNG HT GOLD NUTRI PLUS +,data\du_lieu_logo\anh_goc\san_pham_0262\anh_005_2170de32.jpg,2170de32610c06561e8cc9cd52c8b3f29002acd1eba5cf5ef877c78905c15d5b,https://hathyo.com/product/2467,https://d134sx875xrex2.cloudfront.net/RJZyX3Tpqr_1783323089687_3133435260542866362_3133435260542866362_44204f2068e56826f29702f9adada986.jpg,khong_co_logo_chung_chi,,0,tot,
599,anh_000698,san_pham_0263,GEL RỬA MẶT THIÊN NHIÊN THUẦN CHAY EVOLUDERM CHO DA DẦU MỤN - 250ML,data\du_lieu_logo\anh_goc\san_pham_0263\anh_001_de21b481.jpg,de21b481afd6b334019114a2af6819861e27be7b66418b1d45b97ad2d4720361,https://hathyo.com/product/2468,https://d134sx875xrex2.cloudfront.net/EeGCMYJ0qP_Gel%20r%E1%BB%ADa%20m%E1%BA%B7t%20tinh%20ch%E1%BA%A5t%20b%C6%B0%E1%BB%9Fi%20h%E1%BB%93ng%20thi%C3%AAn%20nhi%C3%AAn%20thu%E1%BA%A7n%20chay%20-Evoluderm-Ph%C3%A1p.jpg,khong_co_logo_chung_chi,,0,tot,
600,anh_000699,san_pham_0263,GEL RỬA MẶT THIÊN NHIÊN THUẦN CHAY EVOLUDERM CHO DA DẦU MỤN - 250ML,data\du_lieu_logo\anh_goc\san_pham_0263\anh_002_a367e558.png,a367e5589cec32c953913f8f0791e93245bb3da996af03577b0a46e58c9a67c6,https://hathyo.com/product/2468,https://d134sx875xrex2.cloudfront.net/G5nJ4ztw33_H%C3%ACnh%20%C4%91%E1%BA%A1i%20di%E1%BB%87n-01.png,khong_co_logo_chung_chi,,0,chap_nhan_duoc,
601,anh_000700,san_pham_0263,GEL RỬA MẶT THIÊN NHIÊN THUẦN CHAY EVOLUDERM CHO DA DẦU MỤN - 250ML,data\du_lieu_logo\anh_goc\san_pham_0263\anh_003_36754096.png,367540969133f07c813b40ceb8ddb9aad9b3f3c53820c49f94afee71394d07f4,https://hathyo.com/product/2468,https://d134sx875xrex2.cloudfront.net/OSYiGeZBBl_H%C3%ACnh%20%C4%91%E1%BA%A1i%20di%E1%BB%87n-02.png,khong_co_logo_chung_chi,,0,chap_nhan_duoc,
602,anh_000701,san_pham_0263,GEL RỬA MẶT THIÊN NHIÊN THUẦN CHAY EVOLUDERM CHO DA DẦU MỤN - 250ML,data\du_lieu_logo\anh_goc\san_pham_0263\anh_004_d1a1fb04.png,d1a1fb046c2a5e4a8291702dace89d8f76e942fefda7baaccd4bb445c5128479,https://hathyo.com/product/2468,https://d134sx875xrex2.cloudfront.net/Ci9LakVBvo_H%C3%ACnh%20%C4%91%E1%BA%A1i%20di%E1%BB%87n-03.png,khong_co_logo_chung_chi,,0,chap_nhan_duoc,
603,anh_000702,san_pham_0263,GEL RỬA MẶT THIÊN NHIÊN THUẦN CHAY EVOLUDERM CHO DA DẦU MỤN - 250ML,data\du_lieu_logo\anh_goc\san_pham_0263\anh_005_d357809f.png,d357809f1312edce1c8aa97b23477edc3faa269ac98c7f1a6c4ce8190039ed1c,https://hathyo.com/product/2468,https://d134sx875xrex2.cloudfront.net/TLGa5O6uVF_H%C3%ACnh%20%C4%91%E1%BA%A1i%20di%E1%BB%87n-04.png,khong_co_logo_chung_chi,,0,chap_nhan_duoc,
604,anh_000703,san_pham_0263,GEL RỬA MẶT THIÊN NHIÊN THUẦN CHAY EVOLUDERM CHO DA DẦU MỤN - 250ML,data\du_lieu_logo\anh_goc\san_pham_0263\anh_006_086fda23.png,086fda233925236d2fc51ec974e7b31e7ce30b71277ad5a197a5f667425bcd82,https://hathyo.com/product/2468,https://d134sx875xrex2.cloudfront.net/BlG7HKfg4N_h%C3%ACnh%20m%C3%B4%20t%E1%BA%A3-01.png,khong_co_logo_chung_chi,,0,chap_nhan_duoc,
605,anh_000704,san_pham_0263,GEL RỬA MẶT THIÊN NHIÊN THUẦN CHAY EVOLUDERM CHO DA DẦU MỤN - 250ML,data\du_lieu_logo\anh_goc\san_pham_0263\anh_007_88ea0017.png,88ea00175611bd3e3f160e5fefdf71893402b785561f2789a215cf87cd118971,https://hathyo.com/product/2468,https://d134sx875xrex2.cloudfront.net/39gUKUFzP7_h%C3%ACnh%20m%C3%B4%20t%E1%BA%A3-02.png,khong_co_logo_chung_chi,,0,chap_nhan_duoc,
606,anh_000705,san_pham_0263,GEL RỬA MẶT THIÊN NHIÊN THUẦN CHAY EVOLUDERM CHO DA DẦU MỤN - 250ML,data\du_lieu_logo\anh_goc\san_pham_0263\anh_008_7af05969.png,7af05969622ea4f27dae246ea9ea97652cffadacb94d56cdb3f1524cf50c7abd,https://hathyo.com/product/2468,https://d134sx875xrex2.cloudfront.net/AbwSov2WMF_h%C3%ACnh%20m%C3%B4%20t%E1%BA%A3-03.png,khong_co_logo_chung_chi,,0,chap_nhan_duoc,
607,anh_000706,san_pham_0263,GEL RỬA MẶT THIÊN NHIÊN THUẦN CHAY EVOLUDERM CHO DA DẦU MỤN - 250ML,data\du_lieu_logo\anh_goc\san_pham_0263\anh_009_cc206a19.png,cc206a19532d54bfe736eeaefbd0471e2b84370bc6555124da4025784e7da92b,https://hathyo.com/product/2468,https://d134sx875xrex2.cloudfront.net/8KJTOLThBV_h%C3%ACnh%20m%C3%B4%20t%E1%BA%A3-04.png,khong_co_logo_chung_chi,,0,chap_nhan_duoc,
608,anh_000707,san_pham_0264,"SỮA RỬA MẶT, MẶT NẠ 2 IN 1 THIÊN NHIÊN THUẦN CHAY EVOLUDERM CHO DA DẦU MỤN - 150ML",data\du_lieu_logo\anh_goc\san_pham_0264\anh_001_2cf1c1e9.jpg,2cf1c1e9065a4ab0f6e943dcc7290c4ad3f3bd7fb23c1f084484708f30416e60,https://hathyo.com/product/2469,https://d134sx875xrex2.cloudfront.net/uMbr6GdcN6_Gel%20r%E1%BB%ADa%20m%E1%BA%B7t%20tinh%20ch%E1%BA%A5t%20thi%C3%AAn%20nhi%C3%AAn%202%20in%201%20thu%E1%BA%A7n%20chay%20-Evoluderm-Ph%C3%A1p.jpg,khong_co_logo_chung_chi,,0,tot,
609,anh_000708,san_pham_0264,"SỮA RỬA MẶT, MẶT NẠ 2 IN 1 THIÊN NHIÊN THUẦN CHAY EVOLUDERM CHO DA DẦU MỤN - 150ML",data\du_lieu_logo\anh_goc\san_pham_0264\anh_002_8c261433.jpg,8c261433e33a16028cf38759e0573488a5a08d54b7cf3d645933d6416acd2b2e,https://hathyo.com/product/2469,https://d134sx875xrex2.cloudfront.net/BmmNbLBPnF_H%C3%ACnh%20m%C3%B4%20t%E1%BA%A3%2001.jpg,khong_co_logo_chung_chi,,0,tot,
610,anh_000709,san_pham_0264,"SỮA RỬA MẶT, MẶT NẠ 2 IN 1 THIÊN NHIÊN THUẦN CHAY EVOLUDERM CHO DA DẦU MỤN - 150ML",data\du_lieu_logo\anh_goc\san_pham_0264\anh_003_a5f872ba.jpg,a5f872ba201ba9ae3123270344bca37ba1650eb38cb370a372ec4b1d07c9b111,https://hathyo.com/product/2469,https://d134sx875xrex2.cloudfront.net/dIv5Rank7n_H%C3%ACnh%20m%C3%B4%20t%E1%BA%A3%202.jpg,khong_co_logo_chung_chi,,0,tot,
611,anh_000710,san_pham_0264,"SỮA RỬA MẶT, MẶT NẠ 2 IN 1 THIÊN NHIÊN THUẦN CHAY EVOLUDERM CHO DA DẦU MỤN - 150ML",data\du_lieu_logo\anh_goc\san_pham_0264\anh_004_3908a3ff.jpg,3908a3fff138677d1e3000a8a6383fde6fd5cc02a0f89600da947bbcd539414b,https://hathyo.com/product/2469,https://d134sx875xrex2.cloudfront.net/wAG1YznjOf_H%C3%ACnh%20m%C3%B4%20t%E1%BA%A3%2003.jpg,khong_co_logo_chung_chi,,0,tot,
612,anh_000711,san_pham_0264,"SỮA RỬA MẶT, MẶT NẠ 2 IN 1 THIÊN NHIÊN THUẦN CHAY EVOLUDERM CHO DA DẦU MỤN - 150ML",data\du_lieu_logo\anh_goc\san_pham_0264\anh_005_46c759de.jpg,46c759de7e38bfd17832e25ce0d7b61902ee25aafe87cc10725a38145238b430,https://hathyo.com/product/2469,https://d134sx875xrex2.cloudfront.net/PpWMeYRRAS_H%C3%ACnh%20m%C3%B4%20t%E1%BA%A3%2004.jpg,khong_co_logo_chung_chi,,0,tot,
613,anh_000712,san_pham_0264,"SỮA RỬA MẶT, MẶT NẠ 2 IN 1 THIÊN NHIÊN THUẦN CHAY EVOLUDERM CHO DA DẦU MỤN - 150ML",data\du_lieu_logo\anh_goc\san_pham_0264\anh_006_d4f2b5f7.png,d4f2b5f749ea185009e4589ae88c584943256143fcbfb911ca0e248caff2659f,https://hathyo.com/product/2469,https://d134sx875xrex2.cloudfront.net/Puh9blYIOO_h%C3%ACnh%20%C4%91ai%20di%E1%BB%87n-01.png,khong_co_logo_chung_chi,,0,tot,
614,anh_000713,san_pham_0264,"SỮA RỬA MẶT, MẶT NẠ 2 IN 1 THIÊN NHIÊN THUẦN CHAY EVOLUDERM CHO DA DẦU MỤN - 150ML",data\du_lieu_logo\anh_goc\san_pham_0264\anh_007_e2989683.png,e2989683a28497637cfc80404a296e5fe0f9eeaa0935d312b7278296ab19dd21,https://hathyo.com/product/2469,https://d134sx875xrex2.cloudfront.net/ec64IS5UrU_h%C3%ACnh%20%C4%91ai%20di%E1%BB%87n-02.png,khong_co_logo_chung_chi,,0,tot,
615,anh_000714,san_pham_0264,"SỮA RỬA MẶT, MẶT NẠ 2 IN 1 THIÊN NHIÊN THUẦN CHAY EVOLUDERM CHO DA DẦU MỤN - 150ML",data\du_lieu_logo\anh_goc\san_pham_0264\anh_008_5d5d8b94.png,5d5d8b94b82c92206c597f5a818f3d517b87f2ec7d438a5d332e31057e7e3de3,https://hathyo.com/product/2469,https://d134sx875xrex2.cloudfront.net/DnZZZgybUL_h%C3%ACnh%20%C4%91ai%20di%E1%BB%87n-03.png,khong_co_logo_chung_chi,,0,tot,
616,anh_000715,san_pham_0264,"SỮA RỬA MẶT, MẶT NẠ 2 IN 1 THIÊN NHIÊN THUẦN CHAY EVOLUDERM CHO DA DẦU MỤN - 150ML",data\du_lieu_logo\anh_goc\san_pham_0264\anh_009_a0e6a181.png,a0e6a1818ef5b7da1f9ff9b259cfa6197df12dc963b202f4381540ea9a853f13,https://hathyo.com/product/2469,https://d134sx875xrex2.cloudfront.net/5aX2IS7irU_h%C3%ACnh%20%C4%91ai%20di%E1%BB%87n-04.png,khong_co_logo_chung_chi,,0,tot,
617,anh_000716,san_pham_0265,"Sữa Rửa Mặt Trà Xanh JHK - QUEEN Kiểm Soát Nhờn ( Dành Cho Da Dầu, Da Mụn, Da Nhạy Cảm)",data\du_lieu_logo\anh_goc\san_pham_0265\anh_001_d398b0d4.jpg,d398b0d48b010474cdbd0c36a4b6d09e9f2bf53f697b3d39e0806376d3c15b83,https://hathyo.com/product/247,https://d134sx875xrex2.cloudfront.net/I5D2MtYc6c_z7962647579870_49cdcab324cbaae51f71ee7785658cf5.jpg,khong_co_logo_chung_chi,,0,tot,
618,anh_000717,san_pham_0265,"Sữa Rửa Mặt Trà Xanh JHK - QUEEN Kiểm Soát Nhờn ( Dành Cho Da Dầu, Da Mụn, Da Nhạy Cảm)",data\du_lieu_logo\anh_goc\san_pham_0265\anh_002_b16dc58c.jpg,b16dc58cd182ffc740376cf325cb99ad3087f61ec28392a5b225431ac557a064,https://hathyo.com/product/247,https://d134sx875xrex2.cloudfront.net/LkWAgQ7yLl_z7962647402790_522d741670f935348558fa331cef0089.jpg,khong_co_logo_chung_chi,,0,tot,
619,anh_000718,san_pham_0265,"Sữa Rửa Mặt Trà Xanh JHK - QUEEN Kiểm Soát Nhờn ( Dành Cho Da Dầu, Da Mụn, Da Nhạy Cảm)",data\du_lieu_logo\anh_goc\san_pham_0265\anh_003_9043eddc.jpg,9043eddc46593b54a4253ec93fe6abcf7c5b17aa9ed6cc46c68abc1d0492c99c,https://hathyo.com/product/247,https://d134sx875xrex2.cloudfront.net/1wQj0NEQIV_z7962647474079_86fc1b26c4482ff630683154d74675ee.jpg,khong_co_logo_chung_chi,,0,tot,
620,anh_000719,san_pham_0265,"Sữa Rửa Mặt Trà Xanh JHK - QUEEN Kiểm Soát Nhờn ( Dành Cho Da Dầu, Da Mụn, Da Nhạy Cảm)",data\du_lieu_logo\anh_goc\san_pham_0265\anh_004_38bae16c.jpg,38bae16c5ec26fe9760882262a397018bb35bfadc5bc3294ee4cdc1bab92280e,https://hathyo.com/product/247,https://d134sx875xrex2.cloudfront.net/FYlgUPknZL_z7962647523069_bc8011dff69fd38ed5050b0cfc2bbd32.jpg,khong_co_logo_chung_chi,,0,tot,
621,anh_000720,san_pham_0265,"Sữa Rửa Mặt Trà Xanh JHK - QUEEN Kiểm Soát Nhờn ( Dành Cho Da Dầu, Da Mụn, Da Nhạy Cảm)",data\du_lieu_logo\anh_goc\san_pham_0265\anh_005_93d0ba9e.jpg,93d0ba9e804dcd1c93afe99db5ce6313557bb16e5a38203868888b32c0dacf11,https://hathyo.com/product/247,https://d134sx875xrex2.cloudfront.net/OHT23ZUT7i_z7973446574662_82fae6d6a5b404a426f9930ea2e5a563.jpg,khong_co_logo_chung_chi,,0,tot,"Phiếu công bố mỹ phẩm; chỉ thấy con dấu/chữ ký, không có logo chứng chỉ."
622,anh_000721,san_pham_0266,NƯỚC HOA NỮ MISS KAY. EAU DE PARFUM BOHO VIBES,data\du_lieu_logo\anh_goc\san_pham_0266\anh_001_bb6d621b.jpg,bb6d621baec3783454866a1db0d4e932d71e7104ada97bb3e6247f3e59bfc783,https://hathyo.com/product/2470,https://d134sx875xrex2.cloudfront.net/YC0kWRPEc3_N%C6%B0%E1%BB%9Bc%20hoa%20MISS%20KAY%20-BOHO-VIBES-%C3%9D.jpg,khong_co_logo_chung_chi,,0,tot,
623,anh_000722,san_pham_0267,NƯỚC HOA NỮ MISS KAY. EAU DE PARFUM URBAN LOVE,data\du_lieu_logo\anh_goc\san_pham_0267\anh_001_331310e9.jpg,331310e91a4f0736e5ab62f1e38a9ae4a4dd7364fb9737f4134857d833834322,https://hathyo.com/product/2471,https://d134sx875xrex2.cloudfront.net/IJ4IO3UC4o_N%C6%B0%E1%BB%9Bc%20hoa%20MISS%20KAY%20-URBAN%20LOVE-%C3%9D.jpg,khong_co_logo_chung_chi,,0,tot,
624,anh_000723,san_pham_0268,NƯỚC HOA NỮ MISS KAY. EAU DE PARFUM POOL PARTY,data\du_lieu_logo\anh_goc\san_pham_0268\anh_001_c1967e89.jpg,c1967e89c588ee2ae0e59abb6c29fc692969c189b7fe9a55bba8d811566ab5f6,https://hathyo.com/product/2472,https://d134sx875xrex2.cloudfront.net/CINome2mYf_N%C6%B0%E1%BB%9Bc%20hoa%20MISS%20KAY%20-POOL%20PARTY-%C3%9D.jpg,khong_co_logo_chung_chi,,0,tot,
625,anh_000724,san_pham_0269,NƯỚC HOA NỮ MISS KAY. EAU DE PARFUM FIRST LOVE,data\du_lieu_logo\anh_goc\san_pham_0269\anh_001_570f6b59.jpg,570f6b5989b998add87c3ec65067858520ea2df2b53b190a0a5b0377ea7decf7,https://hathyo.com/product/2473,https://d134sx875xrex2.cloudfront.net/hYMKL6DHeu_N%C6%B0%E1%BB%9Bc%20hoa%20MISS%20KAY%20-FIRST%20LOVE-%C3%9D.jpg,khong_co_logo_chung_chi,,0,tot,
626,anh_000725,san_pham_0270,NƯỚC HOA NỮ MISS KAY. EAU DE PARFUM SOFT CUDDLE,data\du_lieu_logo\anh_goc\san_pham_0270\anh_001_f79c9b66.jpg,f79c9b6645f40e8af1b341dfec8b736fbcb8a0fd260ba0171fe8ef12ecd4160b,https://hathyo.com/product/2474,https://d134sx875xrex2.cloudfront.net/bhvp51YFov_N%C6%B0%E1%BB%9Bc%20hoa%20MISS%20KAY%20-SOFT%20CUDDLE-%C3%9D.jpg,khong_co_logo_chung_chi,,0,tot,
627,anh_000726,san_pham_0271,NƯỚC HOA NỮ MISS KAY. EAU DE PARFUM DAYDREAMER,data\du_lieu_logo\anh_goc\san_pham_0271\anh_001_3fb0ffd2.jpg,3fb0ffd2d48bdb32c02f8a23326115e01669a30b3bf8acb7f956c5d6f3c790d9,https://hathyo.com/product/2475,https://d134sx875xrex2.cloudfront.net/dSENTcTzx1_Day%20dreamer.jpg,khong_co_logo_chung_chi,,0,tot,
628,anh_000727,san_pham_0272,NƯỚC HOA NỮ MISS KAY. EAU DE PARFUM WILDFLOWER,data\du_lieu_logo\anh_goc\san_pham_0272\anh_001_5c5c85e4.png,5c5c85e495361011857dc360be80409b812717bd194381990ff213009ea331e5,https://hathyo.com/product/2476,https://d134sx875xrex2.cloudfront.net/NOXo505LHs_Wild%20flower.png,khong_co_logo_chung_chi,,0,qua_nho,
629,anh_000728,san_pham_0273,NƯỚC HOA NỮ MISS KAY. EAU DE PARFUM ALOHA BEACHES,data\du_lieu_logo\anh_goc\san_pham_0273\anh_001_826c64fb.png,826c64fb28b2a76a985fc4bc50d32ee628685fceee35b33e5a22cce01a76af9b,https://hathyo.com/product/2477,https://d134sx875xrex2.cloudfront.net/t0sG22tbLv_aloha.png,khong_co_logo_chung_chi,,0,qua_nho,
630,anh_000729,san_pham_0274,NƯỚC HOA NỮ MISS KAY. EAU DE PARFUM BLUE ISLANDS,data\du_lieu_logo\anh_goc\san_pham_0274\anh_001_0b3d0ad7.png,0b3d0ad75fa8d1ed446c3874a81c6c54cd73e328954efa84964b19c4f2ecf2c8,https://hathyo.com/product/2478,https://d134sx875xrex2.cloudfront.net/nb81bi9AsZ_bule.png,khong_co_logo_chung_chi,,0,qua_nho,
631,anh_000730,san_pham_0275,NƯỚC HOA UNISEX MISS KAY. EAU DE PARFUM SEEING DOUBLE,data\du_lieu_logo\anh_goc\san_pham_0275\anh_001_a8d27230.png,a8d27230ab5cebac4bb2b339ec16c3ee6dbeb5980efd29fe14e0483a26fa2383,https://hathyo.com/product/2479,https://d134sx875xrex2.cloudfront.net/1UbRdxIHku_double.png,khong_co_logo_chung_chi,,0,qua_nho,
632,anh_000731,san_pham_0275,NƯỚC HOA UNISEX MISS KAY. EAU DE PARFUM SEEING DOUBLE,data\du_lieu_logo\anh_goc\san_pham_0275\anh_002_5a698065.png,5a698065d5d3cc638c5e59eba073c5c41d10ddb7d190142a2c5432abaf1aad5e,https://hathyo.com/product/2479,https://d134sx875xrex2.cloudfront.net/ZMW5KbKMBE_Gemini_Generated_Image_8kmvi18kmvi18kmv.png,khong_co_logo_chung_chi,,0,tot,
633,anh_000732,san_pham_0275,NƯỚC HOA UNISEX MISS KAY. EAU DE PARFUM SEEING DOUBLE,data\du_lieu_logo\anh_goc\san_pham_0275\anh_003_2dc9684d.png,2dc9684dfe1a37db1621b143d95c6ce5357195748f5f84fb35fa2c9cbc54e303,https://hathyo.com/product/2479,https://d134sx875xrex2.cloudfront.net/QsREIWQu2I_Gemini_Generated_Image_dgw5a1dgw5a1dgw5.png,khong_co_logo_chung_chi,,0,tot,
634,anh_000733,san_pham_0276,"Sữa Rửa Mặt JHK - QUEEN Gạo Lứt Dịu Nhẹ, Sạch Sâu, Sáng Da",data\du_lieu_logo\anh_goc\san_pham_0276\anh_001_f106818a.jpg,f106818a360634aa198b3dc983da4cc8b16335c8608d4431f8fa91d960987923,https://hathyo.com/product/248,https://d134sx875xrex2.cloudfront.net/jWgwUbHCHP_z7962658163887_ff08c6f985eb60370f30770a48ec541e.jpg,khong_co_logo_chung_chi,,0,qua_nho,
635,anh_000734,san_pham_0276,"Sữa Rửa Mặt JHK - QUEEN Gạo Lứt Dịu Nhẹ, Sạch Sâu, Sáng Da",data\du_lieu_logo\anh_goc\san_pham_0276\anh_002_ee9a8362.jpg,ee9a8362e771ec2d6e3c9282f884d83fc176ffc44068d9377b3566f1a205f866,https://hathyo.com/product/248,https://d134sx875xrex2.cloudfront.net/9d4lmfvehV_z7962658035372_49bc1bb9870762c591b40854b155dcc9.jpg,khong_co_logo_chung_chi,,0,qua_nho,
636,anh_000735,san_pham_0276,"Sữa Rửa Mặt JHK - QUEEN Gạo Lứt Dịu Nhẹ, Sạch Sâu, Sáng Da",data\du_lieu_logo\anh_goc\san_pham_0276\anh_003_3ace71fd.jpg,3ace71fd5c31c7c9372a37558183dec89ce2bf02113b4e194776e71b6c6d3577,https://hathyo.com/product/248,https://d134sx875xrex2.cloudfront.net/DtvupRxyUM_z7962658085015_b9de952254e9740a3f8ae81108c31cc7.jpg,khong_co_logo_chung_chi,,0,qua_nho,
637,anh_000736,san_pham_0276,"Sữa Rửa Mặt JHK - QUEEN Gạo Lứt Dịu Nhẹ, Sạch Sâu, Sáng Da",data\du_lieu_logo\anh_goc\san_pham_0276\anh_004_21c08690.jpg,21c086900dbd7b9f744ca06fb55aeb0ccc07ea05f836e4ecfd869d37969e91f5,https://hathyo.com/product/248,https://d134sx875xrex2.cloudfront.net/OFi1ZDvdcx_z7962657981963_767aab10687c9f780b267c76cfb338d9.jpg,khong_co_logo_chung_chi,,0,qua_nho,
638,anh_000737,san_pham_0277,TRÀ TÔM NÕN 2,data\du_lieu_logo\anh_goc\san_pham_0277\anh_001_82e295ab.jpg,82e295ab9405287d46fabbb8a11b1c9034eea0049390f59db6209c1ff8221a20,https://hathyo.com/product/2480,https://d134sx875xrex2.cloudfront.net/SOuRgdyYX0_H%E1%BB%99p%20tr%C3%A0%20t%C3%B4m%20n%C3%B5n%202.jpg,co_logo_chung_chi,ocop,1,tot,
639,anh_000738,san_pham_0277,TRÀ TÔM NÕN 2,data\du_lieu_logo\anh_goc\san_pham_0277\anh_002_54bc5943.jpg,54bc5943c88b89d93926ebeadcdc2fd89512bbc8ac7ba4e88e44fad48b827231,https://hathyo.com/product/2480,https://d134sx875xrex2.cloudfront.net/H3KyuKjxGG_33.jpg,co_logo_chung_chi,ocop,1,tot,
640,anh_000739,san_pham_0277,TRÀ TÔM NÕN 2,data\du_lieu_logo\anh_goc\san_pham_0277\anh_003_71847923.jpg,71847923e80504dd4a867f45764afa997b719241275af51e4330005dc6239b5a,https://hathyo.com/product/2480,https://d134sx875xrex2.cloudfront.net/8egSHtr3Ph_34.jpg,co_logo_chung_chi,ocop,1,tot,
641,anh_000740,san_pham_0277,TRÀ TÔM NÕN 2,data\du_lieu_logo\anh_goc\san_pham_0277\anh_004_67b60e04.jpg,67b60e047206d5e2c08de4e3324ae6f76fdf3d858ff33985bcf075228708abe4,https://hathyo.com/product/2480,https://d134sx875xrex2.cloudfront.net/4ZZnl7FNqT_35.jpg,co_logo_chung_chi,ocop,1,tot,
642,anh_000741,san_pham_0277,TRÀ TÔM NÕN 2,data\du_lieu_logo\anh_goc\san_pham_0277\anh_005_792683f8.jpg,792683f85ea649c6ee3201cb1b0e0d126bb11b6198f289b7d79b359061bfc921,https://hathyo.com/product/2480,https://d134sx875xrex2.cloudfront.net/5odrpTaCUU_36.jpg,co_logo_chung_chi,ocop,1,tot,
643,anh_000742,san_pham_0277,TRÀ TÔM NÕN 2,data\du_lieu_logo\anh_goc\san_pham_0277\anh_006_5ef8c7fb.jpg,5ef8c7fb8103cadf6dfa81a582f56035224e293f0d8c8b9b5c7438bfddc553ca,https://hathyo.com/product/2480,https://d134sx875xrex2.cloudfront.net/C9uqq69Fzr_37.jpg,khong_co_logo_chung_chi,,0,tot,
644,anh_000744,san_pham_0278,Gạo ST Vuông Tôm,data\du_lieu_logo\anh_goc\san_pham_0278\anh_001_38040c8d.jpg,38040c8d6a7a536732fd06bbd3a1760b10aca747655558d08524d5ce1c59d571,https://hathyo.com/product/2481,https://d134sx875xrex2.cloudfront.net/BYbHa61HaY_1783308287090_653245875751849672_g2077961033740246286_24732048918bf5a02dc46f145d826aad.jpg,khong_co_logo_chung_chi,,0,tot,
645,anh_000745,san_pham_0278,Gạo ST Vuông Tôm,data\du_lieu_logo\anh_goc\san_pham_0278\anh_002_5f013a50.jpg,5f013a505dfde90b294c9fe927e2c2b7dbffaa66a9184fdff6642375ea237886,https://hathyo.com/product/2481,https://d134sx875xrex2.cloudfront.net/WMCof11jkW_1783308287121_653245875751849672_g2077961033740246286_2f98d7e7b3b75d4c823aec98065d0165.jpg,khong_co_logo_chung_chi,,0,tot,
646,anh_000746,san_pham_0279,Gạo Lài Nhật (Japonica),data\du_lieu_logo\anh_goc\san_pham_0279\anh_001_862d2dcc.jpg,862d2dcca1307e19099f03705d659a1b38399f65cb47b15a70b1ff5914536c5e,https://hathyo.com/product/2482,https://d134sx875xrex2.cloudfront.net/vVFbnBV1QH_1783308252998_653245875751849672_g2077961033740246286_d922a5733fcb6e404b7b55c29ea890d0.jpg,khong_co_logo_chung_chi,,0,tot,
647,anh_000747,san_pham_0279,Gạo Lài Nhật (Japonica),data\du_lieu_logo\anh_goc\san_pham_0279\anh_002_f3b2e08e.jpg,f3b2e08e3f1464ba0321d151fa4b2f7637e322e476a83ac15aaa72ab46199fb5,https://hathyo.com/product/2482,https://d134sx875xrex2.cloudfront.net/BxhsfwFNLu_1783308253030_653245875751849672_g2077961033740246286_a644145ffcf7eee81de0b901bd42f440.jpg,khong_co_logo_chung_chi,,0,tot,
648,anh_000748,san_pham_0280,Gạo thơm Đoàn Kết,data\du_lieu_logo\anh_goc\san_pham_0280\anh_001_32ba5fe3.jpg,32ba5fe3841236de83fec6a8610292d23d22254627a1d32a515ddc4c0e8bc95f,https://hathyo.com/product/2483,https://d134sx875xrex2.cloudfront.net/sQ0Ab3ap8A_1783308204113_653245875751849672_g2077961033740246286_ccb60afc308d8e656f53a3e947f48e6c.jpg,khong_co_logo_chung_chi,,0,tot,
649,anh_000749,san_pham_0280,Gạo thơm Đoàn Kết,data\du_lieu_logo\anh_goc\san_pham_0280\anh_002_e8677de5.jpg,e8677de5164f06f133a67c9d2248031a95a2b6c96b11e188021da2ad21e5d9d7,https://hathyo.com/product/2483,https://d134sx875xrex2.cloudfront.net/Hyk3IXSlQX_1783308204145_653245875751849672_g2077961033740246286_b8ed8af71dfe5977a1332355355426ba.jpg,khong_co_logo_chung_chi,,0,tot,
650,anh_000750,san_pham_0281,"Sữa Rửa Mặt JHK - QUEEN Trắng Sáng,Trẻ Hóa, Dưỡng Ẩm",data\du_lieu_logo\anh_goc\san_pham_0281\anh_001_af1e3c81.jpg,af1e3c81447644899862b2e84629fcf8432602074d1bd90712edaf71d46d18db,https://hathyo.com/product/249,https://d134sx875xrex2.cloudfront.net/FofoPbFBBP_z7962663893284_8709730eae643edc87d04dd4e7aa86c1.jpg,khong_co_logo_chung_chi,,0,qua_nho,
651,anh_000751,san_pham_0281,"Sữa Rửa Mặt JHK - QUEEN Trắng Sáng,Trẻ Hóa, Dưỡng Ẩm",data\du_lieu_logo\anh_goc\san_pham_0281\anh_002_3924dc1b.jpg,3924dc1ba92a0353360ceae4d4499d20402c6b05dc6b8e4e83ec765c79427191,https://hathyo.com/product/249,https://d134sx875xrex2.cloudfront.net/0GMQ3Gink7_z7962663789752_22ce7d059d95aa84da847984c1a71563.jpg,khong_co_logo_chung_chi,,0,qua_nho,
652,anh_000752,san_pham_0281,"Sữa Rửa Mặt JHK - QUEEN Trắng Sáng,Trẻ Hóa, Dưỡng Ẩm",data\du_lieu_logo\anh_goc\san_pham_0281\anh_003_629fecf5.jpg,629fecf5206cfb9d9489fc235f617c44f17f2807ca061e5230b2f14a64f59ff3,https://hathyo.com/product/249,https://d134sx875xrex2.cloudfront.net/vHln9Oztuq_z7962663839932_031fa324de0a2ec7548d8c48207b806f.jpg,khong_co_logo_chung_chi,,0,qua_nho,
653,anh_000755,san_pham_0282,Son TINT Lâu Trôi Cover Queen Dưỡng Mềm Mịn Môi,data\du_lieu_logo\anh_goc\san_pham_0282\anh_001_cfd1fcbd.jpg,cfd1fcbdcfcf064fd01c6beca4e55e602f3aea0f5843bc9b72e6cbd2f80c8873,https://hathyo.com/product/250,https://d134sx875xrex2.cloudfront.net/AsdZExTLfY_z7962668950805_f1ca63d2499246dada088c91b69c9d45.jpg,khong_co_logo_chung_chi,,0,tot,
654,anh_000756,san_pham_0282,Son TINT Lâu Trôi Cover Queen Dưỡng Mềm Mịn Môi,data\du_lieu_logo\anh_goc\san_pham_0282\anh_002_d83f3fe8.jpg,d83f3fe81cb827ca66105558f536180e9aea7fd01c7c3180216b08d5af350673,https://hathyo.com/product/250,https://d134sx875xrex2.cloudfront.net/vqGrLmyFTx_z7962668878265_0d864bb7ee345affc858b098872b7f3c.jpg,khong_co_logo_chung_chi,,0,chap_nhan_duoc,
655,anh_000757,san_pham_0282,Son TINT Lâu Trôi Cover Queen Dưỡng Mềm Mịn Môi,data\du_lieu_logo\anh_goc\san_pham_0282\anh_003_13d0d77e.jpg,13d0d77eac2d3167c446751944b4348063b1b07e7802ceffb080ace48ae9057d,https://hathyo.com/product/250,https://d134sx875xrex2.cloudfront.net/XHUWF9mqYK_z7962669024146_b6cf4230b82b95e1ededcd6c10fc61ce.jpg,khong_co_logo_chung_chi,,0,qua_nho,
656,anh_000758,san_pham_0282,Son TINT Lâu Trôi Cover Queen Dưỡng Mềm Mịn Môi,data\du_lieu_logo\anh_goc\san_pham_0282\anh_004_1abe27a8.jpg,1abe27a8977c24cf1594030fe7ce4f50185cf33a7a375a70589cc97702336623,https://hathyo.com/product/250,https://d134sx875xrex2.cloudfront.net/QIf4LBLegw_z7973453089695_8adec2bb48b573e46e08dde2379a0033.jpg,khong_co_logo_chung_chi,,0,tot,"Phiếu công bố mỹ phẩm; chỉ thấy con dấu/chữ ký, không có logo chứng chỉ."
657,anh_000759,san_pham_0283,"Bông tẩy trang Miju chính hãng, 100% cotton tự nhiên",data\du_lieu_logo\anh_goc\san_pham_0283\anh_001_c97b31f6.jpg,c97b31f6e57349e45daaf99b012345cde4cacc2049348c32970a3fbf354a1445,https://hathyo.com/product/251,https://d134sx875xrex2.cloudfront.net/MbkjW31M03_z7962673751417_53077ef0f84c26690515284c89e72de7.jpg,khong_co_logo_chung_chi,,0,tot,
658,anh_000760,san_pham_0283,"Bông tẩy trang Miju chính hãng, 100% cotton tự nhiên",data\du_lieu_logo\anh_goc\san_pham_0283\anh_002_9044e9c7.jpg,9044e9c7efc10af45430075169db61da6f502a9f1ed9a4e61faa8ebffb0317cb,https://hathyo.com/product/251,https://d134sx875xrex2.cloudfront.net/3ZQ2Wdrl5y_z7962673681035_d91955a046fdf21c6361feda4a3f183a.jpg,khong_co_logo_chung_chi,,0,tot,
659,anh_000761,san_pham_0283,"Bông tẩy trang Miju chính hãng, 100% cotton tự nhiên",data\du_lieu_logo\anh_goc\san_pham_0283\anh_003_7ce94ef1.jpg,7ce94ef19156d88fea493450a19453f1a2562fe2ac909b10a1028a28ec02c8f8,https://hathyo.com/product/251,https://d134sx875xrex2.cloudfront.net/jlxcIqXxBD_z7962673807094_62e67a13ee058e43edc0c0a51f9948db.jpg,khong_co_logo_chung_chi,,0,chap_nhan_duoc,
660,anh_000762,san_pham_0283,"Bông tẩy trang Miju chính hãng, 100% cotton tự nhiên",data\du_lieu_logo\anh_goc\san_pham_0283\anh_004_07f16d6e.jpg,07f16d6eaed4bfe8e5dd69cb4dd490fa3f8f7a1c575d6680dfccfe8fca592dc9,https://hathyo.com/product/251,https://d134sx875xrex2.cloudfront.net/L9ca9WJA5s_z7962673875498_11e5fb053b8e69870a76e3ecb6232607.jpg,khong_co_logo_chung_chi,,0,qua_nho,
661,anh_000763,san_pham_0283,"Bông tẩy trang Miju chính hãng, 100% cotton tự nhiên",data\du_lieu_logo\anh_goc\san_pham_0283\anh_005_0f8aa9e0.jpg,0f8aa9e0378e49f88b74f729f3d7f290835d3cc0b6cac2087e2eef7892544cbc,https://hathyo.com/product/251,https://d134sx875xrex2.cloudfront.net/JZ5huQWZMV_z7962673948675_879976ccd2bf14989789cd3bb652c9d0.jpg,khong_co_logo_chung_chi,,0,qua_nho,
662,anh_000764,san_pham_0283,"Bông tẩy trang Miju chính hãng, 100% cotton tự nhiên",data\du_lieu_logo\anh_goc\san_pham_0283\anh_006_b6122aa9.jpg,b6122aa91f39b1d0364cd92a0d966ae703ab0afbb15f6f8edccb8b81ef4e0573,https://hathyo.com/product/251,https://d134sx875xrex2.cloudfront.net/9Umx3dW4kD_z7973520709966_bcaee05b89d5404943672a2ff87d52ce.jpg,khong_co_logo_chung_chi,,0,tot,"Tài liệu tiêu chuẩn cơ sở; chỉ thấy chữ và con dấu, không có logo chứng chỉ."
663,anh_000765,san_pham_0284,PHẤN NƯỚC BB CUSHION EMBISU PROFESSIONAL,data\du_lieu_logo\anh_goc\san_pham_0284\anh_001_c85fb218.jpg,c85fb2183457fa4a0542fa70761fb80b6b567488b448345466a9c4fe2fb86fd5,https://hathyo.com/product/252,https://d134sx875xrex2.cloudfront.net/19TY8XE57z_z7962685289613_c19ebeb4cab9a8a710519bd74893d9fb.jpg,khong_co_logo_chung_chi,,0,tot,
664,anh_000766,san_pham_0284,PHẤN NƯỚC BB CUSHION EMBISU PROFESSIONAL,data\du_lieu_logo\anh_goc\san_pham_0284\anh_002_b96d278f.jpg,b96d278f64b5b92f3f5d30e752b2795411b2a79fe5b1fcc82defb4d460b962a9,https://hathyo.com/product/252,https://d134sx875xrex2.cloudfront.net/6t7yGGNmf6_z7962685217768_fc1660e2bd82bed95ba13970ee6046e3.jpg,khong_co_logo_chung_chi,,0,tot,
665,anh_000767,san_pham_0284,PHẤN NƯỚC BB CUSHION EMBISU PROFESSIONAL,data\du_lieu_logo\anh_goc\san_pham_0284\anh_003_484fe8b8.jpg,484fe8b8874b66f98b84f4e008c27143e5fc25e3b402bda6b570e3065b40e20b,https://hathyo.com/product/252,https://d134sx875xrex2.cloudfront.net/fajywu8P9a_z7962685380623_c1f7abcc7892eaef4f11aa13ec137626.jpg,khong_co_logo_chung_chi,,0,tot,
666,anh_000768,san_pham_0284,PHẤN NƯỚC BB CUSHION EMBISU PROFESSIONAL,data\du_lieu_logo\anh_goc\san_pham_0284\anh_004_d79921e1.jpg,d79921e15af71c360800efd087e06d319269353ca612c36f6b6a836996b80092,https://hathyo.com/product/252,https://d134sx875xrex2.cloudfront.net/sQVIb6mbqs_z7973444024022_3cdea75cbaaea8f6874224738677f731.jpg,khong_co_logo_chung_chi,,0,chap_nhan_duoc,
667,anh_000769,san_pham_0285,Kem chống nắng nâng tông kiềm dầu Embisu,data\du_lieu_logo\anh_goc\san_pham_0285\anh_001_125f4f38.jpg,125f4f3802a2742a7988ec7a07ece8fdb858752b70ed0aabab29be3e7fbf4a0c,https://hathyo.com/product/253,https://d134sx875xrex2.cloudfront.net/JpkCUgaZ7I_z7962689719302_cd2905d674ad1b2cd0b2fd48d31ea81c.jpg,khong_co_logo_chung_chi,,0,tot,
668,anh_000770,san_pham_0285,Kem chống nắng nâng tông kiềm dầu Embisu,data\du_lieu_logo\anh_goc\san_pham_0285\anh_002_a2fd58f7.jpg,a2fd58f784231bcb0a2fddb3753bc9e8e0c2b1531321f5c70ff1fe73d26482dc,https://hathyo.com/product/253,https://d134sx875xrex2.cloudfront.net/2GxiRoCKjx_z7962689700700_ed3b64cbfeb44372bb3e76b1366f0273.jpg,khong_co_logo_chung_chi,,0,tot,
669,anh_000771,san_pham_0285,Kem chống nắng nâng tông kiềm dầu Embisu,data\du_lieu_logo\anh_goc\san_pham_0285\anh_003_87e7a4e5.jpg,87e7a4e5d9262b3cf4744af54aeb25fc44a007d9e22f76b48779570c7a7a1ea1,https://hathyo.com/product/253,https://d134sx875xrex2.cloudfront.net/77d5qx4dSn_z7962689706394_9ebe7d070d195975ecced8883a6c8499.jpg,khong_co_logo_chung_chi,,0,tot,
670,anh_000772,san_pham_0285,Kem chống nắng nâng tông kiềm dầu Embisu,data\du_lieu_logo\anh_goc\san_pham_0285\anh_004_5c7a80c3.jpg,5c7a80c3bbc3a8a3ea781fabb009d9ad241cf2fe6281e0c1081743cb5d24fcaa,https://hathyo.com/product/253,https://d134sx875xrex2.cloudfront.net/4rOMhdfV7f_z7962689721674_79bda11fad7587bf495eb8794afc4943.jpg,khong_co_logo_chung_chi,,0,tot,
671,anh_000773,san_pham_0285,Kem chống nắng nâng tông kiềm dầu Embisu,data\du_lieu_logo\anh_goc\san_pham_0285\anh_005_bbd533a4.jpg,bbd533a40ebdf06b06f8c9cd0e613541a084f6c250f347ffa289850fb9b4c676,https://hathyo.com/product/253,https://d134sx875xrex2.cloudfront.net/3xUa3UNLFj_z7973531008146_f377fe99fe111c260c783bfc284e1c21.jpg,khong_co_logo_chung_chi,,0,tot,"Phiếu công bố mỹ phẩm; chỉ thấy con dấu/chữ ký, không có logo chứng chỉ."
672,anh_000774,san_pham_0286,"KEM BODY DƯỠNG TRẮNG, MỊN DA, GIỮ ẨM TOPSYNE",data\du_lieu_logo\anh_goc\san_pham_0286\anh_001_4764a2e6.jpg,4764a2e658ddc4af12404ea8eccd4b3c2215183384cb1aa1d80ca78a22bc6647,https://hathyo.com/product/254,https://d134sx875xrex2.cloudfront.net/2esavtcorp_z7962692355986_28798f5f5278d1aa08163edc25516faa.jpg,khong_co_logo_chung_chi,,0,chap_nhan_duoc,
673,anh_000775,san_pham_0286,"KEM BODY DƯỠNG TRẮNG, MỊN DA, GIỮ ẨM TOPSYNE",data\du_lieu_logo\anh_goc\san_pham_0286\anh_002_6037c74a.jpg,6037c74a575a2dbb915099d8b3d860e18c0c3434fc51ccef9fce09ce2e8d1187,https://hathyo.com/product/254,https://d134sx875xrex2.cloudfront.net/MWDSYqMEcg_z7962692351046_1538673140ea8fe97507b54e602d4781.jpg,khong_co_logo_chung_chi,,0,chap_nhan_duoc,
674,anh_000776,san_pham_0286,"KEM BODY DƯỠNG TRẮNG, MỊN DA, GIỮ ẨM TOPSYNE",data\du_lieu_logo\anh_goc\san_pham_0286\anh_003_a5e97509.jpg,a5e97509a67e4f76f57f2c763d161a9c2c90309bab95541e9793d8a5b06d5dbe,https://hathyo.com/product/254,https://d134sx875xrex2.cloudfront.net/Bm2thB4eWu_z7962692339712_3b16494f6fc06bf62b24296043cbc2e0.jpg,khong_co_logo_chung_chi,,0,chap_nhan_duoc,
675,anh_000777,san_pham_0286,"KEM BODY DƯỠNG TRẮNG, MỊN DA, GIỮ ẨM TOPSYNE",data\du_lieu_logo\anh_goc\san_pham_0286\anh_004_f1365a1e.jpg,f1365a1eed3c54b33a394f2ab3d99f97d3a77dfe739ae1412c817baafde5df5e,https://hathyo.com/product/254,https://d134sx875xrex2.cloudfront.net/63FaAPySOC_z7973454636773_f316a4fbeae3784481653e0ce86c1c37.jpg,khong_co_logo_chung_chi,,0,tot,
676,anh_000778,san_pham_0287,Kem Dưỡng Thể Trắng Da Toàn Thân Sữa Gạo Cosy White,data\du_lieu_logo\anh_goc\san_pham_0287\anh_001_1c3907b2.jpg,1c3907b2ab55f063dab8c2f527f9bd69fe496e1dc487eda79bd32a3618684efe,https://hathyo.com/product/255,https://d134sx875xrex2.cloudfront.net/w8qBwtacFS_z7962696784845_f298b7d0db8b41f97904f002f2240c64.jpg,khong_co_logo_chung_chi,,0,tot,
677,anh_000779,san_pham_0287,Kem Dưỡng Thể Trắng Da Toàn Thân Sữa Gạo Cosy White,data\du_lieu_logo\anh_goc\san_pham_0287\anh_002_88362677.jpg,8836267772a6ec188c54799f7b42711250ef444373ce65e271a22826e0a6f328,https://hathyo.com/product/255,https://d134sx875xrex2.cloudfront.net/nkVx9zK9hN_z7962697203595_b90b5aa76d496afc2d42fd2d7e087bcc.jpg,khong_co_logo_chung_chi,,0,qua_nho,
678,anh_000780,san_pham_0287,Kem Dưỡng Thể Trắng Da Toàn Thân Sữa Gạo Cosy White,data\du_lieu_logo\anh_goc\san_pham_0287\anh_003_28f8fe48.jpg,28f8fe481a87b50a33be00724e4e4bae277f75b81f4174bcf8139707df4c7651,https://hathyo.com/product/255,https://d134sx875xrex2.cloudfront.net/6rrXK0dpDJ_z7973519129772_6b081d5502b0623fad06f9fd0fa77adf.jpg,khong_co_logo_chung_chi,,0,tot,"Phiếu công bố mỹ phẩm; chỉ thấy con dấu/chữ ký, không có logo chứng chỉ."
679,anh_000781,san_pham_0288,Kem đánh răng Trầu Cau Vạn Xuân,data\du_lieu_logo\anh_goc\san_pham_0288\anh_001_e7aac1c9.jpg,e7aac1c979654073d33c3c751a803a1512fe209445e6e2d4a2df34102220f389,https://hathyo.com/product/256,https://d134sx875xrex2.cloudfront.net/wjKf0hT5LF_z7962700053459_a20f1fb125e4f9f21031e309d322061b.jpg,khong_co_logo_chung_chi,,0,chap_nhan_duoc,
680,anh_000782,san_pham_0288,Kem đánh răng Trầu Cau Vạn Xuân,data\du_lieu_logo\anh_goc\san_pham_0288\anh_002_c75698a8.jpg,c75698a8c7c677e0db5c02ddae026ce1c279bb234609f64f5bee1b64380dde23,https://hathyo.com/product/256,https://d134sx875xrex2.cloudfront.net/UP6mZdPdyY_z7962699769328_1af276bf51d66b1e5f8d11e24e196bfc.jpg,khong_co_logo_chung_chi,,0,chap_nhan_duoc,
681,anh_000783,san_pham_0288,Kem đánh răng Trầu Cau Vạn Xuân,data\du_lieu_logo\anh_goc\san_pham_0288\anh_003_8e4f2667.jpg,8e4f266788a074b852a6c1da7216473aeb50e621370089a0ed96b11175d2b174,https://hathyo.com/product/256,https://d134sx875xrex2.cloudfront.net/WCuHTE82mj_z7962699978506_cb2c9fe323028e094bb320ee238c40b5.jpg,khong_co_logo_chung_chi,,0,tot,
682,anh_000784,san_pham_0288,Kem đánh răng Trầu Cau Vạn Xuân,data\du_lieu_logo\anh_goc\san_pham_0288\anh_004_70053870.jpg,7005387058ed828f5d1c6889f5bf474e45b89e2085d0c943ca9de99a79547175,https://hathyo.com/product/256,https://d134sx875xrex2.cloudfront.net/rvFFzO90Ki_z7962700127557_b9fe69dcbc54dbae8dd0fb03a601eab7.jpg,co_logo_chung_chi,khac,1,tot,
683,anh_000785,san_pham_0288,Kem đánh răng Trầu Cau Vạn Xuân,data\du_lieu_logo\anh_goc\san_pham_0288\anh_005_546d89e4.jpg,546d89e4d9003ff21aa6f5af2396b9d2bc8ca5ccc48840a386bd82d3e03f65e1,https://hathyo.com/product/256,https://d134sx875xrex2.cloudfront.net/40PZgXBobJ_z7973455826414_6ff93ae0ed6e70fe34cb0cc064c0bf89.jpg,khong_co_logo_chung_chi,,0,tot,"Phiếu công bố mỹ phẩm; chỉ thấy con dấu/chữ ký, không có logo chứng chỉ."
684,anh_000786,san_pham_0289,Kem massage cao gừng Thiên Nhiên Việt,data\du_lieu_logo\anh_goc\san_pham_0289\anh_001_e77eea03.jpg,e77eea03bbace908715a8240548b29ad71ecd9bdc3b8ac4c4bd9d766634d4d53,https://hathyo.com/product/257,https://d134sx875xrex2.cloudfront.net/JflgPS3GEg_z7962702586985_7b1ce033b6d539ffa08ab3d8ec3e294f.jpg,khong_co_logo_chung_chi,,0,chap_nhan_duoc,
685,anh_000787,san_pham_0289,Kem massage cao gừng Thiên Nhiên Việt,data\du_lieu_logo\anh_goc\san_pham_0289\anh_002_f3ef880c.jpg,f3ef880ce632bbc820ec8f4a2347a3c0d7c628678d05e1e51e7f64b1d40b898f,https://hathyo.com/product/257,https://d134sx875xrex2.cloudfront.net/D3okrNe4MW_z7962702520992_e8c2a90c4ce46c816600f3d55a7058e0.jpg,khong_co_logo_chung_chi,,0,chap_nhan_duoc,
686,anh_000788,san_pham_0289,Kem massage cao gừng Thiên Nhiên Việt,data\du_lieu_logo\anh_goc\san_pham_0289\anh_003_cb60d3e0.jpg,cb60d3e0a1e966ff7aa9d150b799e1541e52199f42abf6e14042a372b368bb6f,https://hathyo.com/product/257,https://d134sx875xrex2.cloudfront.net/brY3oDZePt_z7962702742502_d559700aaf4b71c9dc9a7c53e2bf3efd.jpg,khong_co_logo_chung_chi,,0,chap_nhan_duoc,
687,anh_000789,san_pham_0289,Kem massage cao gừng Thiên Nhiên Việt,data\du_lieu_logo\anh_goc\san_pham_0289\anh_004_6eec3a4d.jpg,6eec3a4dc533a7ba9482ef92ca39eb80bbc759d1eb08d1df9715d0ffc65d4b11,https://hathyo.com/product/257,https://d134sx875xrex2.cloudfront.net/VSE0p4N8AC_z7962702451422_2d09346def6a4e97d1e86bf974c33d85.jpg,khong_co_logo_chung_chi,,0,chap_nhan_duoc,
688,anh_000790,san_pham_0289,Kem massage cao gừng Thiên Nhiên Việt,data\du_lieu_logo\anh_goc\san_pham_0289\anh_005_9ce50ffe.jpg,9ce50ffeefafb3301974f2ea4a9d2ae30e54e4596d28da538b8994eeeb8ea18b,https://hathyo.com/product/257,https://d134sx875xrex2.cloudfront.net/NdibUKMswf_z7973456570322_57cf81ff10a2d8d742face73238b3541.jpg,khong_co_logo_chung_chi,,0,tot,"Phiếu công bố mỹ phẩm; chỉ thấy con dấu/chữ ký, không có logo chứng chỉ."
689,anh_000791,san_pham_0290,KEM DƯỠNG TRẮNG B5 HATAGOLD,data\du_lieu_logo\anh_goc\san_pham_0290\anh_001_3d9c4762.jpg,3d9c4762b668297a446a77ae939b60f1e5f6c739817a241ab812e47b271d3c5b,https://hathyo.com/product/258,https://d134sx875xrex2.cloudfront.net/5p7en6gWAx_z7962710301653_f51b276d74070faf7432bbb4ce435c88.jpg,khong_co_logo_chung_chi,,0,qua_nho,
690,anh_000792,san_pham_0290,KEM DƯỠNG TRẮNG B5 HATAGOLD,data\du_lieu_logo\anh_goc\san_pham_0290\anh_002_cf48b6d0.jpg,cf48b6d0d7333b7f39add19bb0219aa34e20d584972d990828d4d7edeb822606,https://hathyo.com/product/258,https://d134sx875xrex2.cloudfront.net/xesZlSnOpf_z7962710373212_04537f1ebbaffff3d2326941f330e303.jpg,khong_co_logo_chung_chi,,0,qua_nho,
691,anh_000793,san_pham_0290,KEM DƯỠNG TRẮNG B5 HATAGOLD,data\du_lieu_logo\anh_goc\san_pham_0290\anh_003_b5944bb9.jpg,b5944bb9849ae96913f1591c5ec0c9585b594f0695caeaf060452a654ea8e1b4,https://hathyo.com/product/258,https://d134sx875xrex2.cloudfront.net/9fHeUYtCOR_z7962710156752_260ea6a027254ab4460020f22169c56b.jpg,khong_co_logo_chung_chi,,0,qua_nho,
692,anh_000794,san_pham_0290,KEM DƯỠNG TRẮNG B5 HATAGOLD,data\du_lieu_logo\anh_goc\san_pham_0290\anh_004_ca9e0203.jpg,ca9e020359420180a60ddd941b1018dcdfb60c190e5e28ec26e294fe414f8803,https://hathyo.com/product/258,https://d134sx875xrex2.cloudfront.net/0HlaLuem8G_z7968953514958_bdf1e1c275284d6acd42e89302f8048d.jpg,khong_co_logo_chung_chi,,0,tot,"Phiếu công bố mỹ phẩm; chỉ thấy con dấu/chữ ký, không có logo chứng chỉ."
693,anh_000795,san_pham_0291,Nụ khuynh diệp,data\du_lieu_logo\anh_goc\san_pham_0291\anh_001_0b2f5b1b.jpg,0b2f5b1bc2d41ad5d2a50f9c4a288fc53a72d28c592e0937b6b846574c7c4150,https://hathyo.com/product/259,https://d134sx875xrex2.cloudfront.net/apjj9ZVEM1_z7919854809011_180d299671d3799ca3a8690387953c94.jpg,khong_co_logo_chung_chi,,0,tot,
694,anh_000796,san_pham_0291,Nụ khuynh diệp,data\du_lieu_logo\anh_goc\san_pham_0291\anh_002_251f2c16.jpg,251f2c16396bcee84808950fdeb08a29d5cbc2b967cee801e553eca96c572b38,https://hathyo.com/product/259,https://d134sx875xrex2.cloudfront.net/MWB3lsO3wr_z7919854809015_1f83b74633971a656f414d648af47ddd.jpg,khong_co_logo_chung_chi,,0,tot,
695,anh_000797,san_pham_0292,Nụ Ngãi cứu,data\du_lieu_logo\anh_goc\san_pham_0292\anh_001_2dbfebaf.jpg,2dbfebaff94c86d9b830438164609d144c2d54101372f7894922d95718227131,https://hathyo.com/product/260,https://d134sx875xrex2.cloudfront.net/z821toj17M_z7965007629936_ba319ab313bd057fc8eade4be6e3589d.jpg,khong_co_logo_chung_chi,,0,tot,
696,anh_000798,san_pham_0293,Nụ thảo mộc,data\du_lieu_logo\anh_goc\san_pham_0293\anh_001_437c6388.jpg,437c63883a62ada454e1d28d6f24c487e64a9d4045c2a47d190094244637ed3d,https://hathyo.com/product/261,https://d134sx875xrex2.cloudfront.net/q6xeDISRkU_z7965024200455_f8f4b9917a3a4a0fd4caa2e4fedfbd3c.jpg,khong_co_logo_chung_chi,,0,tot,
697,anh_000799,san_pham_0293,Nụ thảo mộc,data\du_lieu_logo\anh_goc\san_pham_0293\anh_002_fe857c13.jpg,fe857c13b64f7598308eeafd06309a0af7c81da6b0bb64cfc3f3b4ceabe8b823,https://hathyo.com/product/261,https://d134sx875xrex2.cloudfront.net/C7AP4gp5kW_z7965024211439_b1be7fb986c8f769e374d9f1d5b600f2.jpg,khong_co_logo_chung_chi,,0,tot,
698,anh_000800,san_pham_0293,Nụ thảo mộc,data\du_lieu_logo\anh_goc\san_pham_0293\anh_003_ebb068f9.jpg,ebb068f93644090d5d7afd50a8fdb543fb02ca1cb029de5cdbf4f273d76c5667,https://hathyo.com/product/261,https://d134sx875xrex2.cloudfront.net/qdZYJzEJZY_z7965024221239_550d8baf68b40572adc0e506b55d1573.jpg,khong_co_logo_chung_chi,,0,tot,
699,anh_000801,san_pham_0293,Nụ thảo mộc,data\du_lieu_logo\anh_goc\san_pham_0293\anh_004_acf194c2.jpg,acf194c23bbc5d1c2f949d3b6e08c59a4093bb3a9e2605068b506bbf86fb30d5,https://hathyo.com/product/261,https://d134sx875xrex2.cloudfront.net/CnWt64BF4v_1783934172086_6245661813968006261_g7132038339890679586_4156ca082f517d32716897f4b9483cf7.jpg,khong_co_logo_chung_chi,,0,tot,
700,anh_000802,san_pham_0293,Nụ thảo mộc,data\du_lieu_logo\anh_goc\san_pham_0293\anh_005_cb21fa7f.jpg,cb21fa7fcc98708f3ee5352861e2c4ab9886b0a8585c88269fa2550c9665f3f7,https://hathyo.com/product/261,https://d134sx875xrex2.cloudfront.net/yyzURZBACG_1783934172153_6245661813968006261_g7132038339890679586_5ec3195e2445cfe9409ecefee474cb1c.jpg,khong_co_logo_chung_chi,,0,tot,
701,anh_000803,san_pham_0294,Trầm nụ,data\du_lieu_logo\anh_goc\san_pham_0294\anh_001_b28912b8.jpg,b28912b88462c3315fdd7de57ace76a1128b7a58603bd55e400e66645a694e79,https://hathyo.com/product/271,https://d134sx875xrex2.cloudfront.net/NqtExqidNL_z7965032523182_1447d6dd508b07fca205cf9e15bc56a4.jpg,khong_co_logo_chung_chi,,0,tot,
702,anh_000804,san_pham_0294,Trầm nụ,data\du_lieu_logo\anh_goc\san_pham_0294\anh_002_7d965e4b.jpg,7d965e4b4bfde869eeecd5347fb454a135755087f8ce7551779279a15218bb68,https://hathyo.com/product/271,https://d134sx875xrex2.cloudfront.net/1vG7JVJccj_1783934172199_6245661813968006261_g7132038339890679586_400c7649be813d1b5d969cf2de961c18.jpg,khong_co_logo_chung_chi,,0,tot,
703,anh_000805,san_pham_0295,Tranh giấy,data\du_lieu_logo\anh_goc\san_pham_0295\anh_001_211e27c2.jpg,211e27c247a4ba17d31e46e614dcda27117fba6eef442a4d66b39cd89ea1797c,https://hathyo.com/product/275,https://d134sx875xrex2.cloudfront.net/jC36k2k5ZD_z7919859594598_b533d28d39fb998af174b58b7860c196.jpg,khong_co_logo_chung_chi,,0,chap_nhan_duoc,
704,anh_000806,san_pham_0295,Tranh giấy,data\du_lieu_logo\anh_goc\san_pham_0295\anh_002_365e3a22.jpg,365e3a2299acf6cb02c2f88b22cca12aba99c8865c67f7b674c3afd4fb1dbc6b,https://hathyo.com/product/275,https://d134sx875xrex2.cloudfront.net/qy2eUe9oJV_z7919859594585_ac6059b224148c02604619676e6d3bf1.jpg,khong_co_logo_chung_chi,,0,qua_nho,
705,anh_000807,san_pham_0295,Tranh giấy,data\du_lieu_logo\anh_goc\san_pham_0295\anh_003_b5f8b514.jpg,b5f8b51493b227c20347fa7e460f602383ab27cefde5faf6d082c69aadfc0a84,https://hathyo.com/product/275,https://d134sx875xrex2.cloudfront.net/W0Js0lwJiS_z7919859594600_9a023e122e30879f326919ebc8f7dc0f.jpg,khong_co_logo_chung_chi,,0,tot,
706,anh_000808,san_pham_0295,Tranh giấy,data\du_lieu_logo\anh_goc\san_pham_0295\anh_004_787249e3.jpg,787249e3daaa47b6ef3c4cca213953f782cd9444f5b67cf1ace53259bda07421,https://hathyo.com/product/275,https://d134sx875xrex2.cloudfront.net/P9ciIQlR44_z7919859594604_a0e8577bab09508338841649c7e999fe.jpg,khong_co_logo_chung_chi,,0,tot,
707,anh_000809,san_pham_0295,Tranh giấy,data\du_lieu_logo\anh_goc\san_pham_0295\anh_005_bd5a8a74.jpg,bd5a8a74fc8697a08c0c0f238c518b1f5b35fe0060cb3f5e4515d34162137c16,https://hathyo.com/product/275,https://d134sx875xrex2.cloudfront.net/zqfmcg9uEW_z7919859594606_5678f0091a177336b1adb5fd53387974.jpg,khong_co_logo_chung_chi,,0,chap_nhan_duoc,
708,anh_000810,san_pham_0295,Tranh giấy,data\du_lieu_logo\anh_goc\san_pham_0295\anh_006_51cf6394.jpg,51cf63948e03da5d27740529af24b850d15b9d278278af9ff50bd391dc470bcf,https://hathyo.com/product/275,https://d134sx875xrex2.cloudfront.net/8WcF653VaU_z7919859594611_5b42e89cf1288922a24d7fc52bf14e2a.jpg,khong_co_logo_chung_chi,,0,chap_nhan_duoc,
709,anh_000811,san_pham_0295,Tranh giấy,data\du_lieu_logo\anh_goc\san_pham_0295\anh_007_83b3fd16.jpg,83b3fd162cc125c370cf61d7acc56105df5be3e94130b9a72795daaf78bf266a,https://hathyo.com/product/275,https://d134sx875xrex2.cloudfront.net/ZeaH3yFvQ7_z7919859594620_0797478dbcb1b2a7540422c4f800a12d.jpg,khong_co_logo_chung_chi,,0,chap_nhan_duoc,
710,anh_000812,san_pham_0295,Tranh giấy,data\du_lieu_logo\anh_goc\san_pham_0295\anh_008_c31f9384.jpg,c31f93840f1fcb1aa951786803ceb6c7d7838b9461e79d569cc2fa11fd3ba8a6,https://hathyo.com/product/275,https://d134sx875xrex2.cloudfront.net/2S27L0VdLd_z7919859594608_c6a4cd5e88f7b9e0b415906bed91e2ab.jpg,khong_co_logo_chung_chi,,0,chap_nhan_duoc,
711,anh_000813,san_pham_0295,Tranh giấy,data\du_lieu_logo\anh_goc\san_pham_0295\anh_009_0ea7de67.jpg,0ea7de671e34ccec80f22a946d59817f83cefd35e57c505edb05cfea854c652c,https://hathyo.com/product/275,https://d134sx875xrex2.cloudfront.net/jX8soTj45L_z7919859594630_7e916bc25e682f756dac7bb11ada2720.jpg,khong_co_logo_chung_chi,,0,tot,
712,anh_000814,san_pham_0296,Tranh gạo,data\du_lieu_logo\anh_goc\san_pham_0296\anh_001_3b925611.jpg,3b925611d5b0bc2346b4f1a9e9bd42f1222b3a581da49b23f629d1c58cf2d2c6,https://hathyo.com/product/279,https://d134sx875xrex2.cloudfront.net/Vp06nEXR7i_z7919862544807_0691625c5479fc92eb84cd94230131a5.jpg,khong_co_logo_chung_chi,,0,chap_nhan_duoc,
713,anh_000815,san_pham_0296,Tranh gạo,data\du_lieu_logo\anh_goc\san_pham_0296\anh_002_8110c8a1.jpg,8110c8a1f52f96a626aca96ece01cc416331d2d999802375b25d0823a74be7bf,https://hathyo.com/product/279,https://d134sx875xrex2.cloudfront.net/KwikWv3z9c_z7919862544792_e4e68a4e6f4e43963420be7eefdf2b46.jpg,khong_co_logo_chung_chi,,0,tot,
714,anh_000816,san_pham_0296,Tranh gạo,data\du_lieu_logo\anh_goc\san_pham_0296\anh_003_2e0af68d.jpg,2e0af68d2fc41b7d789881b733591f621408a3ac5f15cefc626032d9dc1ca177,https://hathyo.com/product/279,https://d134sx875xrex2.cloudfront.net/hiq06wkJc8_z7919862544795_4df50a1fbd2f97c2158781e7123a443b.jpg,khong_co_logo_chung_chi,,0,tot,
715,anh_000817,san_pham_0296,Tranh gạo,data\du_lieu_logo\anh_goc\san_pham_0296\anh_004_68701a56.jpg,68701a5633e83c747d0a6ab38a687b6f3040d8548c854e4dea8815a3ca2c6828,https://hathyo.com/product/279,https://d134sx875xrex2.cloudfront.net/OlxGZoh0hP_z7919861778547_e2e9ddc608b470449cd7227a6bbfea04.jpg,khong_co_logo_chung_chi,,0,tot,
716,anh_000818,san_pham_0296,Tranh gạo,data\du_lieu_logo\anh_goc\san_pham_0296\anh_005_a42f30c4.jpg,a42f30c40c65aab7121035014bc869f36df797d6df22ecb967f8357ea0bf3f39,https://hathyo.com/product/279,https://d134sx875xrex2.cloudfront.net/f29OnFCb9C_z7919862564162_d4187336f1313d952f083626d3679f36.jpg,khong_co_logo_chung_chi,,0,tot,
717,anh_000819,san_pham_0296,Tranh gạo,data\du_lieu_logo\anh_goc\san_pham_0296\anh_006_3f2580a4.jpg,3f2580a40beef6c011d1e05c9e3b816237679e1f366346a18e79e9a11dfca7ff,https://hathyo.com/product/279,https://d134sx875xrex2.cloudfront.net/B7HsWWrsEZ_z7919860076914_32a69a6686f7d678769476be5a65893b.jpg,khong_co_logo_chung_chi,,0,chap_nhan_duoc,
718,anh_000820,san_pham_0297,Nhang sả,data\du_lieu_logo\anh_goc\san_pham_0297\anh_001_e7dc1f08.jpg,e7dc1f08d9845a3919d2b5ffe784fb40b106306a652f6b0183ad846ef7bd9e06,https://hathyo.com/product/280,https://d134sx875xrex2.cloudfront.net/ftsJmU9Wpt_z7919854809026_11f3a1bc9f11dbb0eaef8d2c33f21585.jpg,khong_co_logo_chung_chi,,0,tot,
719,anh_000821,san_pham_0298,Nhang ngải cứu,data\du_lieu_logo\anh_goc\san_pham_0298\anh_001_600c5da7.jpg,600c5da72963de5b08badaacf7f221ac0b3353d84bd84df9b299f2e877451c9f,https://hathyo.com/product/281,https://d134sx875xrex2.cloudfront.net/tkrYJEM0ux_z7919854809030_3e07aa62e475c98cd7ab3ec187d766b8.jpg,khong_co_logo_chung_chi,,0,tot,
720,anh_000822,san_pham_0299,Nhang gừng,data\du_lieu_logo\anh_goc\san_pham_0299\anh_001_2daa953b.jpg,2daa953b79796d2cfb136427913ca05badcef2719b67246c6b97b97924caa968,https://hathyo.com/product/282,https://d134sx875xrex2.cloudfront.net/11VlO4CBkc_z7967686032437_230ed187ba2809158bb262cbe0433b45.jpg,khong_co_logo_chung_chi,,0,tot,
721,anh_000823,san_pham_0300,Nhang bài,data\du_lieu_logo\anh_goc\san_pham_0300\anh_001_c23a3941.jpg,c23a3941854e8ded9d761a0dfd72505f24ae461b9c2dbf0ccc7bd0574defae53,https://hathyo.com/product/283,https://d134sx875xrex2.cloudfront.net/7fW7Onb15v_z7919853306663_299609058ec13833bcde9af8149c68d1.jpg,khong_co_logo_chung_chi,,0,tot,
722,anh_000824,san_pham_0301,Tinh dầu tràm,data\du_lieu_logo\anh_goc\san_pham_0301\anh_001_1a50bcfc.jpg,1a50bcfc2af980c9969c4f1f777fc50f8b78efa4e6989821e730679096fc8498,https://hathyo.com/product/284,https://d134sx875xrex2.cloudfront.net/ipCZl47voH_z7919854052409_8b89e97e56c394718fe3a8506e397e75.jpg,khong_co_logo_chung_chi,,0,chap_nhan_duoc,
723,anh_000825,san_pham_0302,Dầu dừa,data\du_lieu_logo\anh_goc\san_pham_0302\anh_001_eb49ea79.jpg,eb49ea79ace4e57792a2f797923aa153ecbb99b4f2319a86740c1a8d1163ed11,https://hathyo.com/product/285,https://d134sx875xrex2.cloudfront.net/JUMzsIDWdk_z7919854074305_6ef15b024539d9e72bd82318b076292c.jpg,khong_co_logo_chung_chi,,0,chap_nhan_duoc,
